{
	"credit": "Made with Blockbench",
	"texture_size": [64, 64],
	"textures": {
		"1": "new/21",
		"particle": "new/21"
	},
	"elements": [
		{
			"from": [6.77138, 0.375, 9.97858],
			"to": [9.77138, 4.875, 10.97858],
			"rotation": {"angle": 0, "axis": "y", "origin": [8.38569, 2.12502, 5.48929]},
			"faces": {
				"north": {"uv": [7.25, 9.5, 8.75, 11.75], "texture": "#1"},
				"east": {"uv": [7.25, 11.75, 7.75, 14], "texture": "#1"},
				"south": {"uv": [3, 8.75, 4.5, 11], "texture": "#1"},
				"west": {"uv": [3.75, 11, 4.25, 13.25], "texture": "#1"},
				"up": {"uv": [8, 6.75, 9.5, 7.25], "rotation": 180, "texture": "#1"},
				"down": {"uv": [8, 7.25, 9.5, 7.75], "rotation": 180, "texture": "#1"}
			}
		},
		{
			"from": [9.27225, 0.37609, 5.4788],
			"to": [10.27225, 4.87609, 6.4788],
			"rotation": {"angle": 0, "axis": "y", "origin": [8.38569, 2.12502, 5.48929]},
			"faces": {
				"north": {"uv": [8.75, 11.75, 9.25, 14], "texture": "#1"},
				"east": {"uv": [9.25, 11.75, 9.75, 14], "texture": "#1"},
				"south": {"uv": [7.75, 11.75, 8.25, 14], "texture": "#1"},
				"west": {"uv": [8.25, 11.75, 8.75, 14], "texture": "#1"},
				"up": {"uv": [9.75, 8.5, 10.25, 9], "rotation": 180, "texture": "#1"},
				"down": {"uv": [9.75, 9, 10.25, 9.5], "rotation": 180, "texture": "#1"}
			}
		},
		{
			"from": [9.27225, 0.37609, 9.47836],
			"to": [10.27225, 4.87609, 10.47836],
			"rotation": {"angle": 0, "axis": "y", "origin": [8.38569, 2.12502, 5.48929]},
			"faces": {
				"north": {"uv": [4.75, 12, 5.25, 14.25], "texture": "#1"},
				"east": {"uv": [5.25, 12, 5.75, 14.25], "texture": "#1"},
				"south": {"uv": [9.75, 11.75, 10.25, 14], "texture": "#1"},
				"west": {"uv": [4.25, 12, 4.75, 14.25], "texture": "#1"},
				"up": {"uv": [11.5, 6.75, 12, 7.25], "rotation": 180, "texture": "#1"},
				"down": {"uv": [11.5, 7.25, 12, 7.75], "rotation": 180, "texture": "#1"}
			}
		},
		{
			"from": [9.77182, 0.37849, 5.98162],
			"to": [10.77182, 4.87849, 6.98162],
			"rotation": {"angle": 0, "axis": "y", "origin": [8.38569, 2.12502, 5.48929]},
			"faces": {
				"north": {"uv": [12, 12, 12.5, 14.25], "texture": "#1"},
				"east": {"uv": [12.25, 2.25, 12.75, 4.5], "texture": "#1"},
				"south": {"uv": [5.75, 12, 6.25, 14.25], "texture": "#1"},
				"west": {"uv": [11.5, 12, 12, 14.25], "texture": "#1"},
				"up": {"uv": [11.5, 7.75, 12, 8.25], "rotation": 180, "texture": "#1"},
				"down": {"uv": [11.5, 10.25, 12, 10.75], "rotation": 180, "texture": "#1"}
			}
		},
		{
			"from": [9.77182, 0.37849, 8.97554],
			"to": [10.77182, 4.87849, 9.97554],
			"rotation": {"angle": 0, "axis": "y", "origin": [8.38569, 2.12502, 5.48929]},
			"faces": {
				"north": {"uv": [6.75, 12.5, 7.25, 14.75], "texture": "#1"},
				"east": {"uv": [10.25, 12.5, 10.75, 14.75], "texture": "#1"},
				"south": {"uv": [12.25, 4.5, 12.75, 6.75], "texture": "#1"},
				"west": {"uv": [6.25, 12.5, 6.75, 14.75], "texture": "#1"},
				"up": {"uv": [11.5, 10.75, 12, 11.25], "rotation": 180, "texture": "#1"},
				"down": {"uv": [12, 6.75, 12.5, 7.25], "rotation": 180, "texture": "#1"}
			}
		},
		{
			"from": [6.27051, 0.37522, 5.47967],
			"to": [7.27051, 4.87522, 6.47967],
			"rotation": {"angle": 0, "axis": "y", "origin": [8.38569, 2.12502, 5.48929]},
			"faces": {
				"north": {"uv": [12.5, 6.75, 13, 9], "texture": "#1"},
				"east": {"uv": [12.75, 2.25, 13.25, 4.5], "texture": "#1"},
				"south": {"uv": [10.75, 12.5, 11.25, 14.75], "texture": "#1"},
				"west": {"uv": [12.5, 12.5, 13, 14.75], "texture": "#1"},
				"up": {"uv": [12, 7.25, 12.5, 7.75], "rotation": 180, "texture": "#1"},
				"down": {"uv": [12, 7.75, 12.5, 8.25], "rotation": 180, "texture": "#1"}
			}
		},
		{
			"from": [6.27051, 0.37522, 9.47749],
			"to": [7.27051, 4.87522, 10.47749],
			"rotation": {"angle": 0, "axis": "y", "origin": [8.38569, 2.12502, 5.48929]},
			"faces": {
				"north": {"uv": [13, 13, 13.5, 15.25], "texture": "#1"},
				"east": {"uv": [13, 6.75, 13.5, 9], "texture": "#1"},
				"south": {"uv": [12.75, 4.5, 13.25, 6.75], "texture": "#1"},
				"west": {"uv": [12.75, 9, 13.25, 11.25], "texture": "#1"},
				"up": {"uv": [12, 10.25, 12.5, 10.75], "rotation": 180, "texture": "#1"},
				"down": {"uv": [12, 10.75, 12.5, 11.25], "rotation": 180, "texture": "#1"}
			}
		},
		{
			"from": [5.77051, 0.37522, 5.97967],
			"to": [6.77051, 4.87522, 6.97967],
			"rotation": {"angle": 0, "axis": "y", "origin": [8.38569, 2.12502, 5.48929]},
			"faces": {
				"north": {"uv": [1, 13.25, 1.5, 15.5], "texture": "#1"},
				"east": {"uv": [1.5, 13.25, 2, 15.5], "texture": "#1"},
				"south": {"uv": [0, 13.25, 0.5, 15.5], "texture": "#1"},
				"west": {"uv": [0.5, 13.25, 1, 15.5], "texture": "#1"},
				"up": {"uv": [13.5, 13, 14, 13.5], "rotation": 180, "texture": "#1"},
				"down": {"uv": [13.75, 1, 14.25, 1.5], "rotation": 180, "texture": "#1"}
			}
		},
		{
			"from": [5.77051, 0.37522, 8.97749],
			"to": [6.77051, 4.87522, 9.97749],
			"rotation": {"angle": 0, "axis": "y", "origin": [8.38569, 2.12502, 5.48929]},
			"faces": {
				"north": {"uv": [3, 13.25, 3.5, 15.5], "texture": "#1"},
				"east": {"uv": [3.5, 13.25, 4, 15.5], "texture": "#1"},
				"south": {"uv": [2, 13.25, 2.5, 15.5], "texture": "#1"},
				"west": {"uv": [2.5, 13.25, 3, 15.5], "texture": "#1"},
				"up": {"uv": [13.75, 1.5, 14.25, 2], "rotation": 180, "texture": "#1"},
				"down": {"uv": [13.75, 2, 14.25, 2.5], "rotation": 180, "texture": "#1"}
			}
		},
		{
			"from": [10.27271, 0.37872, 6.48096],
			"to": [11.27271, 4.87872, 9.48096],
			"rotation": {"angle": 0, "axis": "y", "origin": [8.38569, 2.12502, 5.48929]},
			"faces": {
				"north": {"uv": [13.25, 4.5, 13.75, 6.75], "texture": "#1"},
				"east": {"uv": [9.5, 2.25, 11, 4.5], "texture": "#1"},
				"south": {"uv": [13.25, 2.25, 13.75, 4.5], "texture": "#1"},
				"west": {"uv": [8.75, 9.5, 10.25, 11.75], "texture": "#1"},
				"up": {"uv": [5.5, 6.5, 6, 8], "rotation": 180, "texture": "#1"},
				"down": {"uv": [4.5, 8.75, 5, 10.25], "rotation": 180, "texture": "#1"}
			}
		},
		{
			"from": [5.26968, 0.37552, 6.4808],
			"to": [6.26968, 4.87552, 9.4808],
			"rotation": {"angle": 0, "axis": "y", "origin": [8.38569, 2.12502, 5.48929]},
			"faces": {
				"north": {"uv": [13.5, 13.5, 14, 15.75], "texture": "#1"},
				"east": {"uv": [9.75, 0, 11.25, 2.25], "texture": "#1"},
				"south": {"uv": [13.25, 9, 13.75, 11.25], "texture": "#1"},
				"west": {"uv": [9.5, 4.5, 11, 6.75], "texture": "#1"},
				"up": {"uv": [5, 8.75, 5.5, 10.25], "rotation": 180, "texture": "#1"},
				"down": {"uv": [9, 2.25, 9.5, 3.75], "rotation": 180, "texture": "#1"}
			}
		},
		{
			"from": [6.77138, 0.375, 4.97858],
			"to": [9.77138, 4.875, 5.97858],
			"rotation": {"angle": 0, "axis": "y", "origin": [8.38569, 2.12502, 5.48929]},
			"faces": {
				"north": {"uv": [1.5, 8.75, 3, 11], "texture": "#1"},
				"east": {"uv": [6.75, 10.25, 7.25, 12.5], "texture": "#1"},
				"south": {"uv": [8.25, 0, 9.75, 2.25], "texture": "#1"},
				"west": {"uv": [6.25, 10.25, 6.75, 12.5], "texture": "#1"},
				"up": {"uv": [4.5, 4, 6, 4.5], "rotation": 180, "texture": "#1"},
				"down": {"uv": [8, 6.25, 9.5, 6.75], "rotation": 180, "texture": "#1"}
			}
		},
		{
			"from": [7.02138, 0.02734, 5.72858],
			"to": [9.52138, 5.625, 10.22858],
			"rotation": {"angle": 0, "axis": "y", "origin": [8.38569, 2.12502, 5.48929]},
			"faces": {
				"north": {"uv": [0, 11, 1.25, 13.25], "texture": "#1"},
				"east": {"uv": [0, 2.25, 2.25, 4.5], "texture": "#1"},
				"south": {"uv": [10.25, 10.25, 11.5, 12.5], "texture": "#1"},
				"west": {"uv": [0, 0, 2.25, 2.25], "texture": "#1"},
				"up": {"uv": [1.25, 11, 2.5, 13.25], "rotation": 180, "texture": "#1"},
				"down": {"uv": [2.5, 11, 3.75, 13.25], "rotation": 180, "texture": "#1"}
			}
		},
		{
			"from": [6.77138, 5.375, 5.47858],
			"to": [9.77138, 6.375, 10.47858],
			"rotation": {"angle": 0, "axis": "y", "origin": [8.38569, 2.12502, 5.48929]},
			"faces": {
				"north": {"uv": [13.5, 8.25, 15, 8.75], "texture": "#1"},
				"east": {"uv": [11.5, 11.5, 14, 12], "texture": "#1"},
				"south": {"uv": [13.5, 7.75, 15, 8.25], "texture": "#1"},
				"west": {"uv": [11.25, 1.75, 13.75, 2.25], "texture": "#1"},
				"up": {"uv": [8, 3.75, 9.5, 6.25], "rotation": 180, "texture": "#1"},
				"down": {"uv": [0, 8.5, 1.5, 11], "rotation": 180, "texture": "#1"}
			}
		},
		{
			"from": [5.77138, 5.375, 6.47858],
			"to": [10.77138, 6.375, 9.47858],
			"rotation": {"angle": 0, "axis": "y", "origin": [8.38569, 2.12502, 5.48929]},
			"faces": {
				"north": {"uv": [11.25, 1.75, 13.75, 2.25], "texture": "#1"},
				"east": {"uv": [13.5, 8.25, 15, 8.75], "texture": "#1"},
				"south": {"uv": [11.5, 11.5, 14, 12], "texture": "#1"},
				"west": {"uv": [13.5, 7.75, 15, 8.25], "texture": "#1"},
				"up": {"uv": [8, 3.75, 9.5, 6.25], "rotation": 270, "texture": "#1"},
				"down": {"uv": [0, 8.5, 1.5, 11], "rotation": 90, "texture": "#1"}
			}
		},
		{
			"from": [6.02138, 0.02734, 6.72858],
			"to": [10.52138, 5.625, 9.22858],
			"rotation": {"angle": 0, "axis": "y", "origin": [8.38569, 2.12502, 5.48929]},
			"faces": {
				"north": {"uv": [2.25, 0, 4.5, 2.25], "texture": "#1"},
				"east": {"uv": [11, 4.5, 12.25, 6.75], "texture": "#1"},
				"south": {"uv": [2.25, 2.25, 4.5, 4.5], "texture": "#1"},
				"west": {"uv": [11, 2.25, 12.25, 4.5], "texture": "#1"},
				"up": {"uv": [10.25, 8.5, 12.5, 9.75], "rotation": 180, "texture": "#1"},
				"down": {"uv": [11.25, 0, 13.5, 1.25], "rotation": 180, "texture": "#1"}
			}
		},
		{
			"from": [6.52138, 0.02734, 6.22858],
			"to": [10.02138, 5.625, 9.72858],
			"rotation": {"angle": 0, "axis": "y", "origin": [8.38569, 2.12502, 5.48929]},
			"faces": {
				"north": {"uv": [6.5, 0, 8.25, 2.25], "texture": "#1"},
				"east": {"uv": [5.5, 8, 7.25, 10.25], "texture": "#1"},
				"south": {"uv": [2, 6.5, 3.75, 8.75], "texture": "#1"},
				"west": {"uv": [3.75, 6.5, 5.5, 8.75], "texture": "#1"},
				"up": {"uv": [9.75, 6.75, 11.5, 8.5], "rotation": 180, "texture": "#1"},
				"down": {"uv": [4.5, 10.25, 6.25, 12], "rotation": 180, "texture": "#1"}
			}
		},
		{
			"from": [6.27138, 5.375, 5.97858],
			"to": [10.27138, 6.375, 9.97858],
			"rotation": {"angle": 0, "axis": "y", "origin": [8.38569, 2.12502, 5.48929]},
			"faces": {
				"north": {"uv": [13.5, 0, 15.5, 0.5], "texture": "#1"},
				"east": {"uv": [13.5, 0.5, 15.5, 1], "texture": "#1"},
				"south": {"uv": [12.5, 12, 14.5, 12.5], "texture": "#1"},
				"west": {"uv": [13, 12.5, 15, 13], "texture": "#1"},
				"up": {"uv": [6, 4, 8, 6], "rotation": 180, "texture": "#1"},
				"down": {"uv": [0, 6.5, 2, 8.5], "rotation": 180, "texture": "#1"}
			}
		}
	],
	"display": {
		"thirdperson_righthand": {
			"rotation": [90, 0, 0],
			"translation": [-6, -2, 48.25],
			"scale": [1.5, 1.5, 1.5]
		},
		"thirdperson_lefthand": {
			"rotation": [41, 26, -6],
			"translation": [-1, 6, 3.75]
		},
		"firstperson_righthand": {
			"rotation": [1, 131, -6],
			"translation": [2.25, 7.25, -1]
		},
		"firstperson_lefthand": {
			"rotation": [1, 131, -6],
			"translation": [2.25, 7.25, -1]
		},
		"ground": {
			"translation": [0, 5.25, 0]
		},
		"gui": {
			"rotation": [26, 152, 0],
			"translation": [0.25, 6, 0],
			"scale": [1.5, 1.5, 1.5]
		},
		"head": {
			"translation": [-0.75, -24.25, -0.75],
			"scale": [2.55, 2.55, 2.55]
		},
		"fixed": {
			"translation": [0, 4.5, -1.75],
			"scale": [1.3, 1.3, 1.3]
		}
	}
}