{
	"credit": "Made with Blockbench",
	"texture_size": [64, 64],
	"textures": {
		"1": "new/19",
		"particle": "new/19"
	},
	"elements": [
		{
			"from": [12, -4.125, 6.875],
			"to": [13, 12.125, 7.875],
			"rotation": {"angle": 22.5, "axis": "x", "origin": [13.5, 11.375, 15.125]},
			"faces": {
				"north": {"uv": [2, 6.5, 2.5, 14.75], "texture": "#1"},
				"east": {"uv": [2.5, 6.5, 3, 14.75], "texture": "#1"},
				"south": {"uv": [3, 6.5, 3.5, 14.75], "texture": "#1"},
				"west": {"uv": [3.5, 6.5, 4, 14.75], "texture": "#1"},
				"up": {"uv": [8.5, 3.25, 9, 3.75], "texture": "#1"},
				"down": {"uv": [8.5, 3.75, 9, 4.25], "texture": "#1"}
			}
		},
		{
			"from": [3.5, -2.625, 7.125],
			"to": [12, -1.625, 7.875],
			"rotation": {"angle": 22.5, "axis": "x", "origin": [12.5, 11.375, 15.125]},
			"faces": {
				"north": {"uv": [4.25, 2, 8.5, 2.5], "texture": "#1"},
				"east": {"uv": [8.5, 2.25, 9, 2.75], "texture": "#1"},
				"south": {"uv": [4.25, 2.5, 8.5, 3], "texture": "#1"},
				"west": {"uv": [8.5, 2.75, 9, 3.25], "texture": "#1"},
				"up": {"uv": [4.25, 3, 8.5, 3.5], "texture": "#1"},
				"down": {"uv": [4.25, 3.5, 8.5, 4], "texture": "#1"}
			}
		},
		{
			"from": [3.5, -1.625, 7.375],
			"to": [12, 11.125, 7.875],
			"rotation": {"angle": 22.5, "axis": "x", "origin": [12.5, 11.375, 15.125]},
			"faces": {
				"north": {"uv": [0, 0, 4.25, 6.5], "texture": "#1"},
				"east": {"uv": [4, 6.5, 4.25, 13], "texture": "#1"},
				"south": {"uv": [4.25, 4.25, 8.5, 10.75], "texture": "#1"},
				"west": {"uv": [8.5, 8.5, 8.75, 15], "texture": "#1"},
				"up": {"uv": [4.25, 4, 8.5, 4.25], "texture": "#1"},
				"down": {"uv": [8.5, 0, 12.75, 0.25], "texture": "#1"}
			}
		},
		{
			"from": [3.5, 11.125, 6.875],
			"to": [12, 12.125, 7.875],
			"rotation": {"angle": 22.5, "axis": "x", "origin": [12.5, 11.375, 15.125]},
			"faces": {
				"north": {"uv": [4.25, 0, 8.5, 0.5], "texture": "#1"},
				"east": {"uv": [8.5, 0.25, 9, 0.75], "texture": "#1"},
				"south": {"uv": [4.25, 0.5, 8.5, 1], "texture": "#1"},
				"west": {"uv": [8.5, 0.75, 9, 1.25], "texture": "#1"},
				"up": {"uv": [4.25, 1, 8.5, 1.5], "texture": "#1"},
				"down": {"uv": [4.25, 1.5, 8.5, 2], "texture": "#1"}
			}
		},
		{
			"from": [2.5, -4.125, 6.875],
			"to": [3.5, 12.125, 7.875],
			"rotation": {"angle": 22.5, "axis": "x", "origin": [4, 11.375, 15.125]},
			"faces": {
				"north": {"uv": [0, 6.5, 0.5, 14.75], "texture": "#1"},
				"east": {"uv": [0.5, 6.5, 1, 14.75], "texture": "#1"},
				"south": {"uv": [1, 6.5, 1.5, 14.75], "texture": "#1"},
				"west": {"uv": [1.5, 6.5, 2, 14.75], "texture": "#1"},
				"up": {"uv": [8.5, 1.25, 9, 1.75], "texture": "#1"},
				"down": {"uv": [8.5, 1.75, 9, 2.25], "texture": "#1"}
			}
		},
		{
			"from": [12, -4.125, 9.57813],
			"to": [13, 12.125, 10.57813],
			"rotation": {"angle": -22.5, "axis": "x", "origin": [13.5, 11.375, 2.32813]},
			"faces": {
				"north": {"uv": [3.5, 6.5, 3, 14.75], "texture": "#1"},
				"east": {"uv": [3, 6.5, 2.5, 14.75], "texture": "#1"},
				"south": {"uv": [2.5, 6.5, 2, 14.75], "texture": "#1"},
				"west": {"uv": [4, 6.5, 3.5, 14.75], "texture": "#1"},
				"up": {"uv": [8.5, 3.75, 9, 3.25], "texture": "#1"},
				"down": {"uv": [8.5, 4.25, 9, 3.75], "texture": "#1"}
			}
		},
		{
			"from": [3.5, -2.625, 9.57813],
			"to": [12, -1.625, 10.32813],
			"rotation": {"angle": -22.5, "axis": "x", "origin": [12.5, 11.375, 2.32813]},
			"faces": {
				"north": {"uv": [8.5, 2.5, 4.25, 3], "texture": "#1"},
				"east": {"uv": [9, 2.25, 8.5, 2.75], "texture": "#1"},
				"south": {"uv": [8.5, 2, 4.25, 2.5], "texture": "#1"},
				"west": {"uv": [9, 2.75, 8.5, 3.25], "texture": "#1"},
				"up": {"uv": [4.25, 3.5, 8.5, 3], "texture": "#1"},
				"down": {"uv": [4.25, 4, 8.5, 3.5], "texture": "#1"}
			}
		},
		{
			"from": [3.5, -1.625, 9.57813],
			"to": [12, 11.125, 10.07813],
			"rotation": {"angle": -22.5, "axis": "x", "origin": [12.5, 11.375, 2.32813]},
			"faces": {
				"north": {"uv": [8.5, 4.25, 4.25, 10.75], "texture": "#1"},
				"east": {"uv": [4.25, 6.5, 4, 13], "texture": "#1"},
				"south": {"uv": [0, 0, 4.25, 6.5], "texture": "#1"},
				"west": {"uv": [8.75, 8.5, 8.5, 15], "texture": "#1"},
				"up": {"uv": [4.25, 4.25, 8.5, 4], "texture": "#1"},
				"down": {"uv": [8.5, 0.25, 12.75, 0], "texture": "#1"}
			}
		},
		{
			"from": [3.5, 11.125, 9.57813],
			"to": [12, 12.125, 10.57813],
			"rotation": {"angle": -22.5, "axis": "x", "origin": [12.5, 11.375, 2.32813]},
			"faces": {
				"north": {"uv": [8.5, 0.5, 4.25, 1], "texture": "#1"},
				"east": {"uv": [9, 0.25, 8.5, 0.75], "texture": "#1"},
				"south": {"uv": [8.5, 0, 4.25, 0.5], "texture": "#1"},
				"west": {"uv": [9, 0.75, 8.5, 1.25], "texture": "#1"},
				"up": {"uv": [4.25, 1.5, 8.5, 1], "texture": "#1"},
				"down": {"uv": [4.25, 2, 8.5, 1.5], "texture": "#1"}
			}
		},
		{
			"from": [2.5, -4.125, 9.57813],
			"to": [3.5, 12.125, 10.57813],
			"rotation": {"angle": -22.5, "axis": "x", "origin": [4, 11.375, 2.32813]},
			"faces": {
				"north": {"uv": [1.5, 6.5, 1, 14.75], "texture": "#1"},
				"east": {"uv": [1, 6.5, 0.5, 14.75], "texture": "#1"},
				"south": {"uv": [0.5, 6.5, 0, 14.75], "texture": "#1"},
				"west": {"uv": [2, 6.5, 1.5, 14.75], "texture": "#1"},
				"up": {"uv": [8.5, 1.75, 9, 1.25], "texture": "#1"},
				"down": {"uv": [8.5, 2.25, 9, 1.75], "texture": "#1"}
			}
		}
	],
	"display": {
		"thirdperson_righthand": {
			"rotation": [90, 0, 0],
			"translation": [-5.75, -2, 48.25],
			"scale": [1.5, 1.5, 1.5]
		},
		"thirdperson_lefthand": {
			"translation": [0, 3.25, 0],
			"scale": [0.5, 0.5, 0.5]
		},
		"firstperson_righthand": {
			"rotation": [0, 124, 0],
			"translation": [2.25, 3.25, -1],
			"scale": [0.3, 0.3, 0.3]
		},
		"firstperson_lefthand": {
			"rotation": [0, 124, 0],
			"translation": [2.25, 3.25, -1],
			"scale": [0.3, 0.3, 0.3]
		},
		"ground": {
			"translation": [0, 1, 0],
			"scale": [0.5, 0.5, 0.5]
		},
		"gui": {
			"rotation": [26, 143, 0],
			"translation": [0, 1, 0],
			"scale": [0.8, 0.8, 0.8]
		},
		"head": {
			"translation": [0, -23.5, -1.25],
			"scale": [2.55, 2.55, 2.55]
		},
		"fixed": {
			"translation": [0, -0.25, -1.75],
			"scale": [1.3, 1.3, 1.3]
		}
	},
	"groups": [
		{
			"name": "group",
			"origin": [9, -4.49979, -2.00022],
			"children": [0, 1, 2, 3, 4]
		},
		{
			"name": "group",
			"origin": [9, -4.49979, -2.00022],
			"children": [5, 6, 7, 8, 9]
		}
	]
}