{
	"credit": "Made with Blockbench",
	"texture_size": [512, 512],
	"textures": {
		"1": "new/24",
		"particle": "new/24"
	},
	"elements": [
		{
			"name": "hexadecagon",
			"from": [-11.25, 7.4087, 0],
			"to": [-6, 10.5913, 16],
			"rotation": {"angle": -45, "axis": "x", "origin": [10, 9, 8]},
			"faces": {
				"north": {"uv": [4.8125, 4.34375, 5.15625, 4.53125], "texture": "#1"},
				"east": {"uv": [6.6875, 6.5, 7.6875, 6.6875], "texture": "#1"},
				"south": {"uv": [4.8125, 4.53125, 5.15625, 4.71875], "texture": "#1"},
				"west": {"uv": [6.90625, 6.6875, 7.90625, 6.875], "texture": "#1"},
				"up": {"uv": [0, 5.53125, 0.34375, 6.53125], "texture": "#1"},
				"down": {"uv": [0.34375, 5.53125, 0.6875, 6.53125], "texture": "#1"}
			}
		},
		{
			"name": "hexadecagon",
			"from": [22, 7.4087, 0],
			"to": [27.25, 10.5913, 16],
			"rotation": {"angle": -45, "axis": "x", "origin": [6, 9, 8]},
			"faces": {
				"north": {"uv": [7.875, 0.1875, 8.21875, 0.375], "texture": "#1"},
				"east": {"uv": [7.71875, 4.8125, 8.71875, 5], "texture": "#1"},
				"south": {"uv": [7.875, 0.375, 8.21875, 0.5625], "texture": "#1"},
				"west": {"uv": [7.71875, 5, 8.71875, 5.1875], "texture": "#1"},
				"up": {"uv": [5.84375, 5.84375, 6.1875, 6.84375], "texture": "#1"},
				"down": {"uv": [5.875, 4.34375, 6.21875, 5.34375], "texture": "#1"}
			}
		},
		{
			"name": "hexadecagon",
			"from": [-6.75, 7.4087, 0],
			"to": [22.75, 10.5913, 11.75],
			"rotation": {"angle": -45, "axis": "x", "origin": [6, 9, 8]},
			"faces": {
				"north": {"uv": [4.8125, 3.125, 6.65625, 3.3125], "texture": "#1"},
				"east": {"uv": [7.84375, 7.84375, 8.59375, 8.03125], "texture": "#1"},
				"south": {"uv": [4.8125, 4.15625, 6.65625, 4.34375], "texture": "#1"},
				"west": {"uv": [7.84375, 5.1875, 8.59375, 5.375], "texture": "#1"},
				"up": {"uv": [1.84375, 4.78125, 3.6875, 5.53125], "texture": "#1"},
				"down": {"uv": [3.6875, 4.78125, 5.53125, 5.53125], "texture": "#1"}
			}
		},
		{
			"name": "hexadecagon",
			"from": [-11.25, 7.4087, 0],
			"to": [27.25, 10.5913, 16],
			"rotation": {"angle": -22.5, "axis": "x", "origin": [10, 9, 8]},
			"faces": {
				"north": {"uv": [2.40625, 2, 4.8125, 2.1875], "texture": "#1"},
				"east": {"uv": [7.09375, 6.875, 8.09375, 7.0625], "texture": "#1"},
				"south": {"uv": [2.40625, 2.1875, 4.8125, 2.375], "texture": "#1"},
				"west": {"uv": [7.15625, 3.25, 8.15625, 3.4375], "texture": "#1"},
				"up": {"uv": [0, 0, 2.40625, 1], "texture": "#1"},
				"down": {"uv": [0, 1, 2.40625, 2], "texture": "#1"}
			}
		},
		{
			"name": "hexadecagon",
			"from": [-11.25, 7.4087, 0],
			"to": [27.25, 10.5913, 16],
			"rotation": {"angle": 0, "axis": "x", "origin": [10, 9, 8]},
			"faces": {
				"north": {"uv": [4.8125, 1.25, 7.21875, 1.4375], "texture": "#1"},
				"east": {"uv": [7.15625, 3.4375, 8.15625, 3.625], "texture": "#1"},
				"south": {"uv": [4.8125, 1.4375, 7.21875, 1.625], "texture": "#1"},
				"west": {"uv": [7.15625, 3.625, 8.15625, 3.8125], "texture": "#1"},
				"up": {"uv": [0, 2, 2.40625, 3], "texture": "#1"},
				"down": {"uv": [2.40625, 2.40625, 4.8125, 3.40625], "texture": "#1"}
			}
		},
		{
			"name": "hexadecagon",
			"from": [16.75, 0.1587, 0],
			"to": [20.75, 3.8413, 16],
			"rotation": {"angle": 0, "axis": "x", "origin": [10, 9, 8]},
			"faces": {
				"north": {"uv": [2.125, 3, 2.375, 3.21875], "texture": "#1"},
				"east": {"uv": [3.65625, 6.75, 4.65625, 6.96875], "texture": "#1"},
				"south": {"uv": [5.59375, 7.90625, 5.84375, 8.125], "texture": "#1"},
				"west": {"uv": [6.875, 0, 7.875, 0.21875], "texture": "#1"},
				"up": {"uv": [6.1875, 6.1875, 6.4375, 7.1875], "texture": "#1"},
				"down": {"uv": [6.21875, 4.34375, 6.46875, 5.34375], "texture": "#1"}
			}
		},
		{
			"name": "hexadecagon",
			"from": [-4.75, 0.1587, 0],
			"to": [-0.75, 3.8413, 16],
			"rotation": {"angle": 0, "axis": "x", "origin": [6, 9, 8]},
			"faces": {
				"north": {"uv": [5.84375, 7.90625, 6.09375, 8.125], "texture": "#1"},
				"east": {"uv": [6.875, 0.21875, 7.875, 0.4375], "texture": "#1"},
				"south": {"uv": [7.90625, 2.09375, 8.15625, 2.3125], "texture": "#1"},
				"west": {"uv": [6.875, 0.4375, 7.875, 0.65625], "texture": "#1"},
				"up": {"uv": [6.4375, 6.4375, 6.6875, 7.4375], "texture": "#1"},
				"down": {"uv": [6.4375, 5.34375, 6.6875, 6.34375], "texture": "#1"}
			}
		},
		{
			"name": "hexadecagon",
			"from": [-11.25, 7.4087, 0],
			"to": [27.25, 10.5913, 16],
			"rotation": {"angle": 22.5, "axis": "x", "origin": [10, 9, 8]},
			"faces": {
				"north": {"uv": [4.8125, 1.625, 7.21875, 1.8125], "texture": "#1"},
				"east": {"uv": [7.21875, 1.71875, 8.21875, 1.90625], "texture": "#1"},
				"south": {"uv": [4.8125, 1.8125, 7.21875, 2], "texture": "#1"},
				"west": {"uv": [7.21875, 1.90625, 8.21875, 2.09375], "texture": "#1"},
				"up": {"uv": [2.40625, 0, 4.8125, 1], "texture": "#1"},
				"down": {"uv": [2.40625, 1, 4.8125, 2], "texture": "#1"}
			}
		},
		{
			"name": "hexadecagon",
			"from": [22, 7.4087, 0],
			"to": [27.25, 10.5913, 16],
			"rotation": {"angle": 45, "axis": "x", "origin": [10, 9, 8]},
			"faces": {
				"north": {"uv": [7.84375, 5.75, 8.1875, 5.9375], "texture": "#1"},
				"east": {"uv": [7.28125, 7.0625, 8.28125, 7.25], "texture": "#1"},
				"south": {"uv": [7.84375, 5.9375, 8.1875, 6.125], "texture": "#1"},
				"west": {"uv": [7.46875, 7.25, 8.46875, 7.4375], "texture": "#1"},
				"up": {"uv": [4.8125, 5.53125, 5.15625, 6.53125], "texture": "#1"},
				"down": {"uv": [5.15625, 5.53125, 5.5, 6.53125], "texture": "#1"}
			}
		},
		{
			"name": "hexadecagon",
			"from": [-6.75, 7.4087, 4.25],
			"to": [27.25, 10.5913, 16],
			"rotation": {"angle": 45, "axis": "x", "origin": [10, 9, 8]},
			"faces": {
				"north": {"uv": [0, 3.75, 2.125, 3.9375], "texture": "#1"},
				"east": {"uv": [7.75, 6.1875, 8.5, 6.375], "texture": "#1"},
				"south": {"uv": [0, 3.9375, 2.125, 4.125], "texture": "#1"},
				"west": {"uv": [2.28125, 7.8125, 3.03125, 8], "texture": "#1"},
				"up": {"uv": [0, 3, 2.125, 3.75], "texture": "#1"},
				"down": {"uv": [2.125, 3.40625, 4.25, 4.15625], "texture": "#1"}
			}
		},
		{
			"name": "hexadecagon",
			"from": [-11.25, 7.4087, 0],
			"to": [-6, 10.5913, 16],
			"rotation": {"angle": 45, "axis": "x", "origin": [6, 9, 8]},
			"faces": {
				"north": {"uv": [7.84375, 7.625, 8.1875, 7.8125], "texture": "#1"},
				"east": {"uv": [7.65625, 7.4375, 8.65625, 7.625], "texture": "#1"},
				"south": {"uv": [7.875, 0, 8.21875, 0.1875], "texture": "#1"},
				"west": {"uv": [7.6875, 6.5, 8.6875, 6.6875], "texture": "#1"},
				"up": {"uv": [5.5, 5.53125, 5.84375, 6.53125], "texture": "#1"},
				"down": {"uv": [5.53125, 4.34375, 5.875, 5.34375], "texture": "#1"}
			}
		},
		{
			"name": "hexadecagon",
			"from": [-6.75, 1, 6.4087],
			"to": [22.75, 11, 9.5913],
			"rotation": {"angle": -22.5, "axis": "x", "origin": [10, 9, 8]},
			"faces": {
				"north": {"uv": [4.8125, 0, 6.65625, 0.625], "texture": "#1"},
				"east": {"uv": [3.03125, 7.8125, 3.21875, 8.4375], "texture": "#1"},
				"south": {"uv": [4.8125, 0.625, 6.65625, 1.25], "texture": "#1"},
				"west": {"uv": [3.21875, 7.8125, 3.40625, 8.4375], "texture": "#1"},
				"up": {"uv": [4.8125, 2.375, 6.65625, 2.5625], "texture": "#1"},
				"down": {"uv": [4.8125, 2.5625, 6.65625, 2.75], "texture": "#1"}
			}
		},
		{
			"name": "hexadecagon",
			"from": [22, 1, 6.4087],
			"to": [27.25, 17, 9.5913],
			"rotation": {"angle": -22.5, "axis": "x", "origin": [10, 9, 8]},
			"faces": {
				"north": {"uv": [4.125, 5.53125, 4.46875, 6.53125], "texture": "#1"},
				"east": {"uv": [6.6875, 7.75, 6.875, 8.75], "texture": "#1"},
				"south": {"uv": [4.46875, 5.53125, 4.8125, 6.53125], "texture": "#1"},
				"west": {"uv": [7.78125, 0.65625, 7.96875, 1.65625], "texture": "#1"},
				"up": {"uv": [7.84375, 5.375, 8.1875, 5.5625], "texture": "#1"},
				"down": {"uv": [7.84375, 5.5625, 8.1875, 5.75], "texture": "#1"}
			}
		},
		{
			"name": "hexadecagon",
			"from": [-11.25, 1, 6.4087],
			"to": [-6, 17, 9.5913],
			"rotation": {"angle": -22.5, "axis": "x", "origin": [6, 9, 8]},
			"faces": {
				"north": {"uv": [2.0625, 5.53125, 2.40625, 6.53125], "texture": "#1"},
				"east": {"uv": [5.40625, 7.59375, 5.59375, 8.59375], "texture": "#1"},
				"south": {"uv": [2.40625, 5.53125, 2.75, 6.53125], "texture": "#1"},
				"west": {"uv": [7.59375, 0.65625, 7.78125, 1.65625], "texture": "#1"},
				"up": {"uv": [6.09375, 3.96875, 6.4375, 4.15625], "texture": "#1"},
				"down": {"uv": [6.65625, 1.0625, 7, 1.25], "texture": "#1"}
			}
		},
		{
			"name": "hexadecagon",
			"from": [22, 1, 6.4087],
			"to": [27.25, 17, 9.5913],
			"rotation": {"angle": 0, "axis": "x", "origin": [10, 9, 8]},
			"faces": {
				"north": {"uv": [0.6875, 5.53125, 1.03125, 6.53125], "texture": "#1"},
				"east": {"uv": [7.46875, 7.46875, 7.65625, 8.46875], "texture": "#1"},
				"south": {"uv": [1.03125, 5.53125, 1.375, 6.53125], "texture": "#1"},
				"west": {"uv": [7.46875, 5.21875, 7.65625, 6.21875], "texture": "#1"},
				"up": {"uv": [5.15625, 4.34375, 5.5, 4.53125], "texture": "#1"},
				"down": {"uv": [5.15625, 4.53125, 5.5, 4.71875], "texture": "#1"}
			}
		},
		{
			"name": "hexadecagon",
			"from": [-6.75, 1, 6.4087],
			"to": [22.75, 12.75, 9.5913],
			"rotation": {"angle": 0, "axis": "x", "origin": [10, 9, 8]},
			"faces": {
				"north": {"uv": [4.25, 3.40625, 6.09375, 4.15625], "texture": "#1"},
				"east": {"uv": [6.1875, 5.34375, 6.375, 6.09375], "texture": "#1"},
				"south": {"uv": [0, 4.78125, 1.84375, 5.53125], "texture": "#1"},
				"west": {"uv": [0, 7.8125, 0.1875, 8.5625], "texture": "#1"},
				"up": {"uv": [4.8125, 2.75, 6.65625, 2.9375], "texture": "#1"},
				"down": {"uv": [4.8125, 2.9375, 6.65625, 3.125], "texture": "#1"}
			}
		},
		{
			"name": "hexadecagon",
			"from": [-11.25, 1, 6.4087],
			"to": [-6, 17, 9.5913],
			"rotation": {"angle": 0, "axis": "x", "origin": [6, 9, 8]},
			"faces": {
				"north": {"uv": [2.75, 5.53125, 3.09375, 6.53125], "texture": "#1"},
				"east": {"uv": [7.65625, 7.65625, 7.84375, 8.65625], "texture": "#1"},
				"south": {"uv": [3.09375, 5.53125, 3.4375, 6.53125], "texture": "#1"},
				"west": {"uv": [7.65625, 5.1875, 7.84375, 6.1875], "texture": "#1"},
				"up": {"uv": [6.875, 0.65625, 7.21875, 0.84375], "texture": "#1"},
				"down": {"uv": [6.875, 0.84375, 7.21875, 1.03125], "texture": "#1"}
			}
		},
		{
			"name": "hexadecagon",
			"from": [22, 1, 6.4087],
			"to": [27.25, 17, 9.5913],
			"rotation": {"angle": 22.5, "axis": "x", "origin": [10, 9, 8]},
			"faces": {
				"north": {"uv": [1.375, 5.53125, 1.71875, 6.53125], "texture": "#1"},
				"east": {"uv": [7.53125, 4.1875, 7.71875, 5.1875], "texture": "#1"},
				"south": {"uv": [1.71875, 5.53125, 2.0625, 6.53125], "texture": "#1"},
				"west": {"uv": [5.21875, 7.59375, 5.40625, 8.59375], "texture": "#1"},
				"up": {"uv": [5.53125, 5.34375, 5.875, 5.53125], "texture": "#1"},
				"down": {"uv": [5.84375, 5.53125, 6.1875, 5.71875], "texture": "#1"}
			}
		},
		{
			"name": "hexadecagon",
			"from": [-11.25, 1, 6.4087],
			"to": [27.25, 11, 9.5913],
			"rotation": {"angle": 22.5, "axis": "x", "origin": [10, 9, 8]},
			"faces": {
				"north": {"uv": [0, 4.15625, 2.40625, 4.78125], "texture": "#1"},
				"east": {"uv": [3.40625, 7.8125, 3.59375, 8.4375], "texture": "#1"},
				"south": {"uv": [2.40625, 4.15625, 4.8125, 4.78125], "texture": "#1"},
				"west": {"uv": [4.59375, 7.8125, 4.78125, 8.4375], "texture": "#1"},
				"up": {"uv": [4.8125, 2, 7.21875, 2.1875], "texture": "#1"},
				"down": {"uv": [4.8125, 2.1875, 7.21875, 2.375], "texture": "#1"}
			}
		},
		{
			"name": "hexadecagon",
			"from": [-11.25, 1, 6.4087],
			"to": [-6, 17, 9.5913],
			"rotation": {"angle": 22.5, "axis": "x", "origin": [6, 9, 8]},
			"faces": {
				"north": {"uv": [3.4375, 5.53125, 3.78125, 6.53125], "texture": "#1"},
				"east": {"uv": [7.71875, 2.09375, 7.90625, 3.09375], "texture": "#1"},
				"south": {"uv": [3.78125, 5.53125, 4.125, 6.53125], "texture": "#1"},
				"west": {"uv": [7.71875, 3.8125, 7.90625, 4.8125], "texture": "#1"},
				"up": {"uv": [7.21875, 2.09375, 7.5625, 2.28125], "texture": "#1"},
				"down": {"uv": [4.78125, 7.8125, 5.125, 8], "texture": "#1"}
			}
		},
		{
			"name": "hexadecagon",
			"from": [24.25, 7.30924, -0.5],
			"to": [27, 10.69076, 16.5],
			"rotation": {"angle": -45, "axis": "x", "origin": [26.5, 9, 8]},
			"faces": {
				"north": {"uv": [7.90625, 2.53125, 8.09375, 2.75], "texture": "#1"},
				"east": {"uv": [6.09375, 3.75, 7.15625, 3.96875], "texture": "#1"},
				"south": {"uv": [7.90625, 2.75, 8.09375, 2.96875], "texture": "#1"},
				"west": {"uv": [6.46875, 4.34375, 7.53125, 4.5625], "texture": "#1"},
				"up": {"uv": [5.03125, 6.75, 5.21875, 7.8125], "texture": "#1"},
				"down": {"uv": [5.75, 6.84375, 5.9375, 7.90625], "texture": "#1"}
			}
		},
		{
			"name": "hexadecagon",
			"from": [24.25, 7.30924, -0.5],
			"to": [27, 10.69076, 16.5],
			"rotation": {"angle": -22.5, "axis": "x", "origin": [26.5, 9, 8]},
			"faces": {
				"north": {"uv": [7.90625, 2.96875, 8.09375, 3.1875], "texture": "#1"},
				"east": {"uv": [6.46875, 4.5625, 7.53125, 4.78125], "texture": "#1"},
				"south": {"uv": [7.90625, 3.8125, 8.09375, 4.03125], "texture": "#1"},
				"west": {"uv": [6.46875, 4.78125, 7.53125, 5], "texture": "#1"},
				"up": {"uv": [5.9375, 6.84375, 6.125, 7.90625], "texture": "#1"},
				"down": {"uv": [6.90625, 6.90625, 7.09375, 7.96875], "texture": "#1"}
			}
		},
		{
			"name": "hexadecagon",
			"from": [24.25, 7.30924, -0.5],
			"to": [27, 10.69076, 16.5],
			"rotation": {"angle": 0, "axis": "x", "origin": [26.5, 9, 8]},
			"faces": {
				"north": {"uv": [7.90625, 4.03125, 8.09375, 4.25], "texture": "#1"},
				"east": {"uv": [6.46875, 5, 7.53125, 5.21875], "texture": "#1"},
				"south": {"uv": [7.90625, 4.25, 8.09375, 4.46875], "texture": "#1"},
				"west": {"uv": [0, 6.53125, 1.0625, 6.75], "texture": "#1"},
				"up": {"uv": [6.90625, 5.21875, 7.09375, 6.28125], "texture": "#1"},
				"down": {"uv": [0.21875, 6.96875, 0.40625, 8.03125], "texture": "#1"}
			}
		},
		{
			"name": "hexadecagon",
			"from": [24.25, 7.30924, -0.5],
			"to": [27, 10.69076, 16.5],
			"rotation": {"angle": 22.5, "axis": "x", "origin": [26.5, 9, 8]},
			"faces": {
				"north": {"uv": [7.90625, 4.46875, 8.09375, 4.6875], "texture": "#1"},
				"east": {"uv": [1.0625, 6.53125, 2.125, 6.75], "texture": "#1"},
				"south": {"uv": [6.875, 7.96875, 7.0625, 8.1875], "texture": "#1"},
				"west": {"uv": [2.125, 6.53125, 3.1875, 6.75], "texture": "#1"},
				"up": {"uv": [0.40625, 6.96875, 0.59375, 8.03125], "texture": "#1"},
				"down": {"uv": [0.59375, 6.96875, 0.78125, 8.03125], "texture": "#1"}
			}
		},
		{
			"name": "hexadecagon",
			"from": [24.25, 7.30924, -0.5],
			"to": [27, 10.69076, 16.5],
			"rotation": {"angle": 45, "axis": "x", "origin": [26.5, 9, 8]},
			"faces": {
				"north": {"uv": [7.96875, 0.5625, 8.15625, 0.78125], "texture": "#1"},
				"east": {"uv": [3.1875, 6.53125, 4.25, 6.75], "texture": "#1"},
				"south": {"uv": [7.96875, 0.78125, 8.15625, 1], "texture": "#1"},
				"west": {"uv": [4.25, 6.53125, 5.3125, 6.75], "texture": "#1"},
				"up": {"uv": [0.78125, 6.96875, 0.96875, 8.03125], "texture": "#1"},
				"down": {"uv": [0.96875, 6.96875, 1.15625, 8.03125], "texture": "#1"}
			}
		},
		{
			"name": "hexadecagon",
			"from": [24.25, 0.5, 6.30924],
			"to": [27, 17.5, 9.69076],
			"rotation": {"angle": -22.5, "axis": "x", "origin": [26.5, 9, 8]},
			"faces": {
				"north": {"uv": [1.15625, 6.96875, 1.34375, 8.03125], "texture": "#1"},
				"east": {"uv": [5.3125, 6.53125, 5.53125, 7.59375], "texture": "#1"},
				"south": {"uv": [1.34375, 6.96875, 1.53125, 8.03125], "texture": "#1"},
				"west": {"uv": [5.53125, 6.53125, 5.75, 7.59375], "texture": "#1"},
				"up": {"uv": [7.96875, 1, 8.15625, 1.21875], "texture": "#1"},
				"down": {"uv": [7.96875, 1.21875, 8.15625, 1.4375], "texture": "#1"}
			}
		},
		{
			"name": "hexadecagon",
			"from": [24.25, 0.5, 6.30924],
			"to": [27, 17.5, 9.69076],
			"rotation": {"angle": 0, "axis": "x", "origin": [26.5, 9, 8]},
			"faces": {
				"north": {"uv": [1.53125, 6.96875, 1.71875, 8.03125], "texture": "#1"},
				"east": {"uv": [6.65625, 0, 6.875, 1.0625], "texture": "#1"},
				"south": {"uv": [1.71875, 6.96875, 1.90625, 8.03125], "texture": "#1"},
				"west": {"uv": [6.6875, 6.6875, 6.90625, 7.75], "texture": "#1"},
				"up": {"uv": [7.96875, 1.4375, 8.15625, 1.65625], "texture": "#1"},
				"down": {"uv": [2.28125, 8, 2.46875, 8.21875], "texture": "#1"}
			}
		},
		{
			"name": "hexadecagon",
			"from": [24.25, 0.5, 6.30924],
			"to": [27, 17.5, 9.69076],
			"rotation": {"angle": 22.5, "axis": "x", "origin": [26.5, 9, 8]},
			"faces": {
				"north": {"uv": [1.90625, 6.96875, 2.09375, 8.03125], "texture": "#1"},
				"east": {"uv": [6.6875, 5.21875, 6.90625, 6.28125], "texture": "#1"},
				"south": {"uv": [2.09375, 6.96875, 2.28125, 8.03125], "texture": "#1"},
				"west": {"uv": [0, 6.75, 0.21875, 7.8125], "texture": "#1"},
				"up": {"uv": [2.46875, 8, 2.65625, 8.21875], "texture": "#1"},
				"down": {"uv": [2.65625, 8, 2.84375, 8.21875], "texture": "#1"}
			}
		},
		{
			"name": "hexadecagon",
			"from": [-11, 7.30924, -0.5],
			"to": [-8.25, 10.69076, 16.5],
			"rotation": {"angle": -45, "axis": "x", "origin": [-10.5, 9, 8]},
			"faces": {
				"north": {"uv": [7, 1.03125, 7.1875, 1.25], "texture": "#1"},
				"east": {"uv": [6.09375, 3.3125, 7.15625, 3.53125], "texture": "#1"},
				"south": {"uv": [7.90625, 2.3125, 8.09375, 2.53125], "texture": "#1"},
				"west": {"uv": [6.09375, 3.53125, 7.15625, 3.75], "texture": "#1"},
				"up": {"uv": [4.65625, 6.75, 4.84375, 7.8125], "texture": "#1"},
				"down": {"uv": [4.84375, 6.75, 5.03125, 7.8125], "texture": "#1"}
			}
		},
		{
			"name": "hexadecagon",
			"from": [-11, 7.30924, -0.5],
			"to": [-8.25, 10.69076, 16.5],
			"rotation": {"angle": -22.5, "axis": "x", "origin": [-10.5, 9, 8]},
			"faces": {
				"north": {"uv": [2.84375, 8, 3.03125, 8.21875], "texture": "#1"},
				"east": {"uv": [6.65625, 2.375, 7.71875, 2.59375], "texture": "#1"},
				"south": {"uv": [4.78125, 8, 4.96875, 8.21875], "texture": "#1"},
				"west": {"uv": [6.65625, 2.59375, 7.71875, 2.8125], "texture": "#1"},
				"up": {"uv": [3.65625, 6.96875, 3.84375, 8.03125], "texture": "#1"},
				"down": {"uv": [3.84375, 6.96875, 4.03125, 8.03125], "texture": "#1"}
			}
		},
		{
			"name": "hexadecagon",
			"from": [-11, 7.30924, -0.5],
			"to": [-8.25, 10.69076, 16.5],
			"rotation": {"angle": 0, "axis": "x", "origin": [-10.5, 9, 8]},
			"faces": {
				"north": {"uv": [4.96875, 8, 5.15625, 8.21875], "texture": "#1"},
				"east": {"uv": [6.65625, 2.8125, 7.71875, 3.03125], "texture": "#1"},
				"south": {"uv": [0.1875, 8.03125, 0.375, 8.25], "texture": "#1"},
				"west": {"uv": [6.65625, 3.03125, 7.71875, 3.25], "texture": "#1"},
				"up": {"uv": [4.03125, 6.96875, 4.21875, 8.03125], "texture": "#1"},
				"down": {"uv": [4.21875, 6.96875, 4.40625, 8.03125], "texture": "#1"}
			}
		},
		{
			"name": "hexadecagon",
			"from": [-11, 7.30924, -0.5],
			"to": [-8.25, 10.69076, 16.5],
			"rotation": {"angle": 22.5, "axis": "x", "origin": [-10.5, 9, 8]},
			"faces": {
				"north": {"uv": [0.375, 8.03125, 0.5625, 8.25], "texture": "#1"},
				"east": {"uv": [6.65625, 3.96875, 7.71875, 4.1875], "texture": "#1"},
				"south": {"uv": [0.5625, 8.03125, 0.75, 8.25], "texture": "#1"},
				"west": {"uv": [6.6875, 6.28125, 7.75, 6.5], "texture": "#1"},
				"up": {"uv": [4.40625, 6.96875, 4.59375, 8.03125], "texture": "#1"},
				"down": {"uv": [7.09375, 7.09375, 7.28125, 8.15625], "texture": "#1"}
			}
		},
		{
			"name": "hexadecagon",
			"from": [-11, 7.30924, -0.5],
			"to": [-8.25, 10.69076, 16.5],
			"rotation": {"angle": 45, "axis": "x", "origin": [-10.5, 9, 8]},
			"faces": {
				"north": {"uv": [0.75, 8.03125, 0.9375, 8.25], "texture": "#1"},
				"east": {"uv": [0.21875, 6.75, 1.28125, 6.96875], "texture": "#1"},
				"south": {"uv": [0.9375, 8.03125, 1.125, 8.25], "texture": "#1"},
				"west": {"uv": [1.28125, 6.75, 2.34375, 6.96875], "texture": "#1"},
				"up": {"uv": [7.09375, 5.21875, 7.28125, 6.28125], "texture": "#1"},
				"down": {"uv": [6.125, 7.1875, 6.3125, 8.25], "texture": "#1"}
			}
		},
		{
			"name": "hexadecagon",
			"from": [-11, 0.5, 6.30924],
			"to": [-8.25, 17.5, 9.69076],
			"rotation": {"angle": -22.5, "axis": "x", "origin": [-10.5, 9, 8]},
			"faces": {
				"north": {"uv": [7.21875, 0.65625, 7.40625, 1.71875], "texture": "#1"},
				"east": {"uv": [2.34375, 6.75, 2.5625, 7.8125], "texture": "#1"},
				"south": {"uv": [7.28125, 7.28125, 7.46875, 8.34375], "texture": "#1"},
				"west": {"uv": [2.5625, 6.75, 2.78125, 7.8125], "texture": "#1"},
				"up": {"uv": [1.125, 8.03125, 1.3125, 8.25], "texture": "#1"},
				"down": {"uv": [1.3125, 8.03125, 1.5, 8.25], "texture": "#1"}
			}
		},
		{
			"name": "hexadecagon",
			"from": [-11, 0.5, 6.30924],
			"to": [-8.25, 17.5, 9.69076],
			"rotation": {"angle": 0, "axis": "x", "origin": [-10.5, 9, 8]},
			"faces": {
				"north": {"uv": [7.28125, 5.21875, 7.46875, 6.28125], "texture": "#1"},
				"east": {"uv": [2.78125, 6.75, 3, 7.8125], "texture": "#1"},
				"south": {"uv": [7.40625, 0.65625, 7.59375, 1.71875], "texture": "#1"},
				"west": {"uv": [3, 6.75, 3.21875, 7.8125], "texture": "#1"},
				"up": {"uv": [1.5, 8.03125, 1.6875, 8.25], "texture": "#1"},
				"down": {"uv": [1.6875, 8.03125, 1.875, 8.25], "texture": "#1"}
			}
		},
		{
			"name": "hexadecagon",
			"from": [-11, 0.5, 6.30924],
			"to": [-8.25, 17.5, 9.69076],
			"rotation": {"angle": 22.5, "axis": "x", "origin": [-10.5, 9, 8]},
			"faces": {
				"north": {"uv": [6.3125, 7.4375, 6.5, 8.5], "texture": "#1"},
				"east": {"uv": [3.21875, 6.75, 3.4375, 7.8125], "texture": "#1"},
				"south": {"uv": [6.5, 7.4375, 6.6875, 8.5], "texture": "#1"},
				"west": {"uv": [3.4375, 6.75, 3.65625, 7.8125], "texture": "#1"},
				"up": {"uv": [1.875, 8.03125, 2.0625, 8.25], "texture": "#1"},
				"down": {"uv": [2.0625, 8.03125, 2.25, 8.25], "texture": "#1"}
			}
		},
		{
			"from": [7.4952, 13.3763, 8.75394],
			"to": [9.4952, 14.8763, 9.25394],
			"rotation": {"angle": 22.5, "axis": "x", "origin": [7.38089, 15.12632, 7.26464]},
			"faces": {
				"north": {"uv": [5.90625, 3.3125, 6.03125, 3.40625], "texture": "#1"},
				"east": {"uv": [2.375, 3.125, 2.40625, 3.21875], "texture": "#1"},
				"south": {"uv": [7.21875, 2.28125, 7.34375, 2.375], "texture": "#1"},
				"west": {"uv": [6.03125, 3.3125, 6.0625, 3.40625], "texture": "#1"},
				"up": {"uv": [6.4375, 6.40625, 6.5625, 6.4375], "texture": "#1"},
				"down": {"uv": [6.5625, 6.40625, 6.6875, 6.4375], "texture": "#1"}
			}
		},
		{
			"from": [7.74596, 14.66598, 11.27653],
			"to": [9.24596, 14.91598, 12.77653],
			"rotation": {"angle": 22.5, "axis": "x", "origin": [8.50563, 14.5883, 11.34942]},
			"faces": {
				"north": {"uv": [2.03125, 4.125, 2.125, 4.15625], "texture": "#1"},
				"east": {"uv": [6.34375, 6.15625, 6.4375, 6.1875], "texture": "#1"},
				"south": {"uv": [5.21875, 7.53125, 5.3125, 7.5625], "texture": "#1"},
				"west": {"uv": [5.21875, 7.5625, 5.3125, 7.59375], "texture": "#1"},
				"up": {"uv": [7.65625, 6.1875, 7.75, 6.28125], "texture": "#1"},
				"down": {"uv": [7.875, 0.5625, 7.96875, 0.65625], "texture": "#1"}
			}
		},
		{
			"from": [7.49607, 14.41809, 9.90774],
			"to": [9.49607, 14.91809, 11.40774],
			"rotation": {"angle": 0, "axis": "x", "origin": [8.50563, 14.5883, 11.34942]},
			"faces": {
				"north": {"uv": [6.875, 1.03125, 7, 1.0625], "texture": "#1"},
				"east": {"uv": [5.125, 7.9375, 5.21875, 7.96875], "texture": "#1"},
				"south": {"uv": [6.90625, 6.875, 7.03125, 6.90625], "texture": "#1"},
				"west": {"uv": [5.125, 7.96875, 5.21875, 8], "texture": "#1"},
				"up": {"uv": [7.34375, 2.28125, 7.46875, 2.375], "texture": "#1"},
				"down": {"uv": [7.46875, 2.28125, 7.59375, 2.375], "texture": "#1"}
			}
		},
		{
			"from": [7.49607, 14.14989, 8.6764],
			"to": [9.49607, 14.64989, 10.1764],
			"rotation": {"angle": -22.5, "axis": "x", "origin": [8.50092, 14.15387, 9.42434]},
			"faces": {
				"north": {"uv": [7.09375, 7.0625, 7.21875, 7.09375], "texture": "#1"},
				"east": {"uv": [2.15625, 8.25, 2.25, 8.28125], "texture": "#1"},
				"south": {"uv": [7.28125, 7.25, 7.40625, 7.28125], "texture": "#1"},
				"west": {"uv": [6.21875, 8.25, 6.3125, 8.28125], "texture": "#1"},
				"up": {"uv": [7.59375, 2.28125, 7.71875, 2.375], "texture": "#1"},
				"down": {"uv": [8.09375, 3.15625, 8.21875, 3.25], "texture": "#1"}
			}
		},
		{
			"from": [6.8916, 13.3763, 7.01958],
			"to": [7.3916, 15.1263, 9.01958],
			"rotation": {"angle": 22.5, "axis": "z", "origin": [8.88089, 15.12632, 6.90527]},
			"faces": {
				"north": {"uv": [2.375, 3, 2.40625, 3.125], "texture": "#1"},
				"east": {"uv": [5.84375, 5.71875, 5.96875, 5.84375], "texture": "#1"},
				"south": {"uv": [5.5, 4.34375, 5.53125, 4.46875], "texture": "#1"},
				"west": {"uv": [5.96875, 5.71875, 6.09375, 5.84375], "texture": "#1"},
				"up": {"uv": [5.5, 4.46875, 5.53125, 4.59375], "texture": "#1"},
				"down": {"uv": [5.5, 4.59375, 5.53125, 4.71875], "texture": "#1"}
			}
		},
		{
			"from": [3.09208, 14.95681, 6.38577],
			"to": [5.84208, 15.70681, 9.63577],
			"rotation": {"angle": -22.5, "axis": "z", "origin": [6.59426, 15.20805, 8.15485]},
			"faces": {
				"north": {"uv": [6.65625, 3.25, 6.84375, 3.3125], "texture": "#1"},
				"east": {"uv": [4.8125, 3.3125, 5.03125, 3.375], "texture": "#1"},
				"south": {"uv": [6.84375, 3.25, 7.03125, 3.3125], "texture": "#1"},
				"west": {"uv": [4.8125, 4.71875, 5.03125, 4.78125], "texture": "#1"},
				"up": {"uv": [3.59375, 8.03125, 3.78125, 8.25], "texture": "#1"},
				"down": {"uv": [3.78125, 8.03125, 3.96875, 8.25], "texture": "#1"}
			}
		},
		{
			"from": [5.59208, 15.0115, 6.6553],
			"to": [7.59208, 15.7615, 9.4053],
			"rotation": {"angle": -45, "axis": "z", "origin": [6.09426, 15.26274, 8.15485]},
			"faces": {
				"north": {"uv": [7.03125, 3.25, 7.15625, 3.3125], "texture": "#1"},
				"east": {"uv": [7.46875, 6.21875, 7.65625, 6.28125], "texture": "#1"},
				"south": {"uv": [6.3125, 7.375, 6.4375, 7.4375], "texture": "#1"},
				"west": {"uv": [7.59375, 1.65625, 7.78125, 1.71875], "texture": "#1"},
				"up": {"uv": [2.28125, 3.21875, 2.40625, 3.40625], "texture": "#1"},
				"down": {"uv": [6.3125, 7.1875, 6.4375, 7.375], "texture": "#1"}
			}
		},
		{
			"from": [1.79642, 16.33805, 6.65549],
			"to": [3.54642, 17.00992, 9.40549],
			"rotation": {"angle": 0, "axis": "z", "origin": [6.2986, 16.51117, 8.15504]},
			"faces": {
				"north": {"uv": [7.3125, 3.9375, 7.4375, 3.96875], "texture": "#1"},
				"east": {"uv": [2.40625, 2.375, 2.59375, 2.40625], "texture": "#1"},
				"south": {"uv": [7.4375, 3.9375, 7.5625, 3.96875], "texture": "#1"},
				"west": {"uv": [2.59375, 2.375, 2.78125, 2.40625], "texture": "#1"},
				"up": {"uv": [7.5625, 2.09375, 7.6875, 2.28125], "texture": "#1"},
				"down": {"uv": [5.59375, 7.59375, 5.71875, 7.78125], "texture": "#1"}
			}
		},
		{
			"from": [0.83228, 18.38147, 7.0213],
			"to": [2.33228, 18.63147, 9.0213],
			"rotation": {"angle": 22.5, "axis": "z", "origin": [6.2986, 16.51117, 8.15504]},
			"faces": {
				"north": {"uv": [2.15625, 8.28125, 2.25, 8.3125], "texture": "#1"},
				"east": {"uv": [7.46875, 7.4375, 7.59375, 7.46875], "texture": "#1"},
				"south": {"uv": [6.21875, 8.28125, 6.3125, 8.3125], "texture": "#1"},
				"west": {"uv": [7.53125, 5.1875, 7.65625, 5.21875], "texture": "#1"},
				"up": {"uv": [6.09375, 5.71875, 6.1875, 5.84375], "texture": "#1"},
				"down": {"uv": [6.59375, 5.21875, 6.6875, 5.34375], "texture": "#1"}
			}
		},
		{
			"from": [7.4952, 11.8763, 7.25394],
			"to": [9.4952, 13.6263, 7.75394],
			"rotation": {"angle": -22.5, "axis": "x", "origin": [7.38089, 13.62632, 5.26464]},
			"faces": {
				"north": {"uv": [6.46875, 5.21875, 6.59375, 5.34375], "texture": "#1"},
				"east": {"uv": [6.375, 5.34375, 6.40625, 5.46875], "texture": "#1"},
				"south": {"uv": [7.3125, 3.8125, 7.4375, 3.9375], "texture": "#1"},
				"west": {"uv": [6.375, 5.46875, 6.40625, 5.59375], "texture": "#1"},
				"up": {"uv": [7.5625, 3.9375, 7.6875, 3.96875], "texture": "#1"},
				"down": {"uv": [7.65625, 7.625, 7.78125, 7.65625], "texture": "#1"}
			}
		},
		{
			"from": [7.3558, 16.04397, 4.06319],
			"to": [9.6058, 16.54397, 6.31319],
			"rotation": {"angle": 45, "axis": "x", "origin": [7.38602, 14.05468, 4.56317]},
			"faces": {
				"north": {"uv": [2.125, 3.375, 2.28125, 3.40625], "texture": "#1"},
				"east": {"uv": [0, 4.125, 0.15625, 4.15625], "texture": "#1"},
				"south": {"uv": [0.15625, 4.125, 0.3125, 4.15625], "texture": "#1"},
				"west": {"uv": [0.3125, 4.125, 0.46875, 4.15625], "texture": "#1"},
				"up": {"uv": [2.125, 3.21875, 2.28125, 3.375], "texture": "#1"},
				"down": {"uv": [5.875, 5.34375, 6.03125, 5.5], "texture": "#1"}
			}
		},
		{
			"from": [7.62923, 16.04397, 2.81319],
			"to": [9.37142, 16.54397, 5.06319],
			"rotation": {"angle": 22.5, "axis": "x", "origin": [7.38602, 14.05468, 4.56317]},
			"faces": {
				"north": {"uv": [7.1875, 8.28125, 7.28125, 8.3125], "texture": "#1"},
				"east": {"uv": [7.71875, 3.21875, 7.84375, 3.25], "texture": "#1"},
				"south": {"uv": [8.28125, 0.625, 8.375, 0.65625], "texture": "#1"},
				"west": {"uv": [7.84375, 7.8125, 7.96875, 7.84375], "texture": "#1"},
				"up": {"uv": [5.125, 7.8125, 5.21875, 7.9375], "texture": "#1"},
				"down": {"uv": [7.1875, 8.15625, 7.28125, 8.28125], "texture": "#1"}
			}
		},
		{
			"from": [7.91114, 16.7653, 2.16207],
			"to": [9.16114, 17.0153, 3.91207],
			"rotation": {"angle": 0, "axis": "x", "origin": [7.38668, 15.77601, 2.16205]},
			"faces": {
				"north": {"uv": [8.28125, 0.65625, 8.375, 0.6875], "texture": "#1"},
				"east": {"uv": [7.96875, 7.8125, 8.09375, 7.84375], "texture": "#1"},
				"south": {"uv": [8.28125, 0.6875, 8.375, 0.71875], "texture": "#1"},
				"west": {"uv": [8.09375, 7.8125, 8.21875, 7.84375], "texture": "#1"},
				"up": {"uv": [8.15625, 3.25, 8.25, 3.375], "texture": "#1"},
				"down": {"uv": [8.15625, 3.375, 8.25, 3.5], "texture": "#1"}
			}
		},
		{
			"from": [16.7452, 13.3763, 12.75394],
			"to": [18.7452, 14.8763, 13.25394],
			"rotation": {"angle": 22.5, "axis": "x", "origin": [16.63089, 15.12632, 11.26464]},
			"faces": {
				"north": {"uv": [8.15625, 2.21875, 8.28125, 2.3125], "texture": "#1"},
				"east": {"uv": [6.0625, 3.3125, 6.09375, 3.40625], "texture": "#1"},
				"south": {"uv": [8.15625, 3.5, 8.28125, 3.59375], "texture": "#1"},
				"west": {"uv": [6.125, 7.09375, 6.15625, 7.1875], "texture": "#1"},
				"up": {"uv": [8.21875, 7.8125, 8.34375, 7.84375], "texture": "#1"},
				"down": {"uv": [1.15625, 8.25, 1.28125, 8.28125], "texture": "#1"}
			}
		},
		{
			"from": [16.99596, 14.66598, 15.27653],
			"to": [18.49596, 14.91598, 16.77653],
			"rotation": {"angle": 22.5, "axis": "x", "origin": [17.75563, 14.5883, 15.34942]},
			"faces": {
				"north": {"uv": [8.28125, 0.71875, 8.375, 0.75], "texture": "#1"},
				"east": {"uv": [8.28125, 0.75, 8.375, 0.78125], "texture": "#1"},
				"south": {"uv": [8.28125, 0.78125, 8.375, 0.8125], "texture": "#1"},
				"west": {"uv": [8.28125, 0.8125, 8.375, 0.84375], "texture": "#1"},
				"up": {"uv": [8.21875, 4.53125, 8.3125, 4.625], "texture": "#1"},
				"down": {"uv": [8.21875, 4.625, 8.3125, 4.71875], "texture": "#1"}
			}
		},
		{
			"from": [16.74607, 14.41809, 13.90774],
			"to": [18.74607, 14.91809, 15.40774],
			"rotation": {"angle": 0, "axis": "x", "origin": [17.75563, 14.5883, 15.34942]},
			"faces": {
				"north": {"uv": [1.28125, 8.25, 1.40625, 8.28125], "texture": "#1"},
				"east": {"uv": [8.28125, 0.84375, 8.375, 0.875], "texture": "#1"},
				"south": {"uv": [1.40625, 8.25, 1.53125, 8.28125], "texture": "#1"},
				"west": {"uv": [8.28125, 0.875, 8.375, 0.90625], "texture": "#1"},
				"up": {"uv": [8.15625, 3.59375, 8.28125, 3.6875], "texture": "#1"},
				"down": {"uv": [8.15625, 3.6875, 8.28125, 3.78125], "texture": "#1"}
			}
		},
		{
			"from": [16.74607, 14.14989, 12.6764],
			"to": [18.74607, 14.64989, 14.1764],
			"rotation": {"angle": -22.5, "axis": "x", "origin": [17.75092, 14.15387, 13.42434]},
			"faces": {
				"north": {"uv": [1.53125, 8.25, 1.65625, 8.28125], "texture": "#1"},
				"east": {"uv": [8.28125, 0.90625, 8.375, 0.9375], "texture": "#1"},
				"south": {"uv": [1.65625, 8.25, 1.78125, 8.28125], "texture": "#1"},
				"west": {"uv": [8.28125, 0.9375, 8.375, 0.96875], "texture": "#1"},
				"up": {"uv": [8.15625, 6.6875, 8.28125, 6.78125], "texture": "#1"},
				"down": {"uv": [8.15625, 6.78125, 8.28125, 6.875], "texture": "#1"}
			}
		},
		{
			"from": [16.1416, 13.3763, 11.01958],
			"to": [16.6416, 15.1263, 13.01958],
			"rotation": {"angle": 22.5, "axis": "z", "origin": [18.13089, 15.12632, 10.90527]},
			"faces": {
				"north": {"uv": [6.375, 5.59375, 6.40625, 5.71875], "texture": "#1"},
				"east": {"uv": [7.4375, 3.8125, 7.5625, 3.9375], "texture": "#1"},
				"south": {"uv": [6.375, 5.71875, 6.40625, 5.84375], "texture": "#1"},
				"west": {"uv": [7.5625, 3.8125, 7.6875, 3.9375], "texture": "#1"},
				"up": {"uv": [6.375, 5.84375, 6.40625, 5.96875], "texture": "#1"},
				"down": {"uv": [6.375, 5.96875, 6.40625, 6.09375], "texture": "#1"}
			}
		},
		{
			"from": [12.34208, 14.95681, 10.38577],
			"to": [15.09208, 15.70681, 13.63577],
			"rotation": {"angle": -22.5, "axis": "z", "origin": [15.84426, 15.20805, 12.15485]},
			"faces": {
				"north": {"uv": [7.78125, 1.65625, 7.96875, 1.71875], "texture": "#1"},
				"east": {"uv": [5.03125, 3.3125, 5.25, 3.375], "texture": "#1"},
				"south": {"uv": [7.84375, 3.1875, 8.03125, 3.25], "texture": "#1"},
				"west": {"uv": [5.03125, 4.71875, 5.25, 4.78125], "texture": "#1"},
				"up": {"uv": [3.96875, 8.03125, 4.15625, 8.25], "texture": "#1"},
				"down": {"uv": [4.15625, 8.03125, 4.34375, 8.25], "texture": "#1"}
			}
		},
		{
			"from": [14.84208, 15.0115, 10.6553],
			"to": [16.84208, 15.7615, 13.4053],
			"rotation": {"angle": -45, "axis": "z", "origin": [15.34426, 15.26274, 12.15485]},
			"faces": {
				"north": {"uv": [8.03125, 6.125, 8.15625, 6.1875], "texture": "#1"},
				"east": {"uv": [7.84375, 6.125, 8.03125, 6.1875], "texture": "#1"},
				"south": {"uv": [0.28125, 8.25, 0.40625, 8.3125], "texture": "#1"},
				"west": {"uv": [7.96875, 1.65625, 8.15625, 1.71875], "texture": "#1"},
				"up": {"uv": [7.90625, 6.6875, 8.03125, 6.875], "texture": "#1"},
				"down": {"uv": [8.03125, 6.6875, 8.15625, 6.875], "texture": "#1"}
			}
		},
		{
			"from": [11.04642, 16.33805, 10.65549],
			"to": [12.79642, 17.00992, 13.40549],
			"rotation": {"angle": 0, "axis": "z", "origin": [15.5486, 16.51117, 12.15504]},
			"faces": {
				"north": {"uv": [1.78125, 8.25, 1.90625, 8.28125], "texture": "#1"},
				"east": {"uv": [2.78125, 2.375, 2.96875, 2.40625], "texture": "#1"},
				"south": {"uv": [1.90625, 8.25, 2.03125, 8.28125], "texture": "#1"},
				"west": {"uv": [2.96875, 2.375, 3.15625, 2.40625], "texture": "#1"},
				"up": {"uv": [8.09375, 2.96875, 8.21875, 3.15625], "texture": "#1"},
				"down": {"uv": [8.09375, 3.8125, 8.21875, 4], "texture": "#1"}
			}
		},
		{
			"from": [10.08228, 18.38147, 11.0213],
			"to": [11.58228, 18.63147, 13.0213],
			"rotation": {"angle": 22.5, "axis": "z", "origin": [15.5486, 16.51117, 12.15504]},
			"faces": {
				"north": {"uv": [8.28125, 0.96875, 8.375, 1], "texture": "#1"},
				"east": {"uv": [2.03125, 8.25, 2.15625, 8.28125], "texture": "#1"},
				"south": {"uv": [8.28125, 1, 8.375, 1.03125], "texture": "#1"},
				"west": {"uv": [3.59375, 8.25, 3.71875, 8.28125], "texture": "#1"},
				"up": {"uv": [6.875, 8.1875, 6.96875, 8.3125], "texture": "#1"},
				"down": {"uv": [6.96875, 8.1875, 7.0625, 8.3125], "texture": "#1"}
			}
		},
		{
			"from": [16.7452, 11.8763, 11.25394],
			"to": [18.7452, 13.6263, 11.75394],
			"rotation": {"angle": -22.5, "axis": "x", "origin": [16.63089, 13.62632, 9.26464]},
			"faces": {
				"north": {"uv": [7.71875, 3.09375, 7.84375, 3.21875], "texture": "#1"},
				"east": {"uv": [6.40625, 5.34375, 6.4375, 5.46875], "texture": "#1"},
				"south": {"uv": [7.75, 6.375, 7.875, 6.5], "texture": "#1"},
				"west": {"uv": [6.40625, 5.46875, 6.4375, 5.59375], "texture": "#1"},
				"up": {"uv": [3.71875, 8.25, 3.84375, 8.28125], "texture": "#1"},
				"down": {"uv": [3.84375, 8.25, 3.96875, 8.28125], "texture": "#1"}
			}
		},
		{
			"from": [16.6058, 16.04397, 8.06319],
			"to": [18.8558, 16.54397, 10.31319],
			"rotation": {"angle": 45, "axis": "x", "origin": [16.63602, 14.05468, 8.56317]},
			"faces": {
				"north": {"uv": [0.46875, 4.125, 0.625, 4.15625], "texture": "#1"},
				"east": {"uv": [0.625, 4.125, 0.78125, 4.15625], "texture": "#1"},
				"south": {"uv": [0.78125, 4.125, 0.9375, 4.15625], "texture": "#1"},
				"west": {"uv": [0.9375, 4.125, 1.09375, 4.15625], "texture": "#1"},
				"up": {"uv": [6.03125, 5.34375, 6.1875, 5.5], "texture": "#1"},
				"down": {"uv": [6.4375, 3.96875, 6.59375, 4.125], "texture": "#1"}
			}
		},
		{
			"from": [16.87923, 16.04397, 6.81319],
			"to": [18.62142, 16.54397, 9.06319],
			"rotation": {"angle": 22.5, "axis": "x", "origin": [16.63602, 14.05468, 8.56317]},
			"faces": {
				"north": {"uv": [8.28125, 1.03125, 8.375, 1.0625], "texture": "#1"},
				"east": {"uv": [1.09375, 4.125, 1.25, 4.15625], "texture": "#1"},
				"south": {"uv": [8.28125, 1.0625, 8.375, 1.09375], "texture": "#1"},
				"west": {"uv": [1.25, 4.125, 1.40625, 4.15625], "texture": "#1"},
				"up": {"uv": [5.75, 6.53125, 5.84375, 6.6875], "texture": "#1"},
				"down": {"uv": [5.75, 6.6875, 5.84375, 6.84375], "texture": "#1"}
			}
		},
		{
			"from": [17.16114, 16.7653, 6.16207],
			"to": [18.41114, 17.0153, 7.91207],
			"rotation": {"angle": 0, "axis": "x", "origin": [16.63668, 15.77601, 6.16205]},
			"faces": {
				"north": {"uv": [8.28125, 1.09375, 8.375, 1.125], "texture": "#1"},
				"east": {"uv": [3.96875, 8.25, 4.09375, 8.28125], "texture": "#1"},
				"south": {"uv": [8.28125, 1.125, 8.375, 1.15625], "texture": "#1"},
				"west": {"uv": [4.09375, 8.25, 4.21875, 8.28125], "texture": "#1"},
				"up": {"uv": [8.1875, 5.375, 8.28125, 5.5], "texture": "#1"},
				"down": {"uv": [8.1875, 5.5, 8.28125, 5.625], "texture": "#1"}
			}
		},
		{
			"from": [-2.2548, 13.04185, 13.85298],
			"to": [-0.2548, 14.54185, 14.35298],
			"rotation": {"angle": 22.5, "axis": "x", "origin": [-22.40574, 15.20805, 13.15485]},
			"faces": {
				"north": {"uv": [8.1875, 5.625, 8.3125, 5.71875], "texture": "#1"},
				"east": {"uv": [6.15625, 7.09375, 6.1875, 7.1875], "texture": "#1"},
				"south": {"uv": [8.1875, 5.71875, 8.3125, 5.8125], "texture": "#1"},
				"west": {"uv": [7.1875, 1.03125, 7.21875, 1.125], "texture": "#1"},
				"up": {"uv": [4.21875, 8.25, 4.34375, 8.28125], "texture": "#1"},
				"down": {"uv": [4.34375, 8.25, 4.46875, 8.28125], "texture": "#1"}
			}
		},
		{
			"from": [-2.00404, 15.93566, 16.27053],
			"to": [-0.50404, 16.18566, 17.77053],
			"rotation": {"angle": 22.5, "axis": "x", "origin": [-22.40574, 15.20805, 13.15485]},
			"faces": {
				"north": {"uv": [8.28125, 1.15625, 8.375, 1.1875], "texture": "#1"},
				"east": {"uv": [8.28125, 1.1875, 8.375, 1.21875], "texture": "#1"},
				"south": {"uv": [8.28125, 1.21875, 8.375, 1.25], "texture": "#1"},
				"west": {"uv": [8.28125, 1.25, 8.375, 1.28125], "texture": "#1"},
				"up": {"uv": [8.21875, 4.71875, 8.3125, 4.8125], "texture": "#1"},
				"down": {"uv": [8.21875, 6.875, 8.3125, 6.96875], "texture": "#1"}
			}
		},
		{
			"from": [-2.25393, 14.41809, 14.90774],
			"to": [-0.25393, 14.91809, 16.40774],
			"rotation": {"angle": 0, "axis": "x", "origin": [-22.40574, 15.20805, 13.15485]},
			"faces": {
				"north": {"uv": [4.46875, 8.25, 4.59375, 8.28125], "texture": "#1"},
				"east": {"uv": [8.28125, 1.28125, 8.375, 1.3125], "texture": "#1"},
				"south": {"uv": [6.09375, 8.25, 6.21875, 8.28125], "texture": "#1"},
				"west": {"uv": [8.28125, 1.3125, 8.375, 1.34375], "texture": "#1"},
				"up": {"uv": [8.1875, 5.8125, 8.3125, 5.90625], "texture": "#1"},
				"down": {"uv": [8.1875, 5.90625, 8.3125, 6], "texture": "#1"}
			}
		},
		{
			"from": [-2.25393, 13.74432, 13.17635],
			"to": [-0.25393, 14.24432, 14.67635],
			"rotation": {"angle": -22.5, "axis": "x", "origin": [-22.40574, 15.20805, 13.15485]},
			"faces": {
				"north": {"uv": [7.84375, 8.25, 7.96875, 8.28125], "texture": "#1"},
				"east": {"uv": [8.28125, 1.34375, 8.375, 1.375], "texture": "#1"},
				"south": {"uv": [7.96875, 8.25, 8.09375, 8.28125], "texture": "#1"},
				"west": {"uv": [8.28125, 1.375, 8.375, 1.40625], "texture": "#1"},
				"up": {"uv": [8.1875, 6, 8.3125, 6.09375], "texture": "#1"},
				"down": {"uv": [8.1875, 6.09375, 8.3125, 6.1875], "texture": "#1"}
			}
		},
		{
			"from": [-4.52906, 5.14081, 12.01958],
			"to": [-4.02906, 6.89081, 14.01958],
			"rotation": {"angle": 22.5, "axis": "z", "origin": [-22.40574, 15.20805, 13.15485]},
			"faces": {
				"north": {"uv": [6.40625, 5.59375, 6.4375, 5.71875], "texture": "#1"},
				"east": {"uv": [5.59375, 7.78125, 5.71875, 7.90625], "texture": "#1"},
				"south": {"uv": [6.40625, 5.71875, 6.4375, 5.84375], "texture": "#1"},
				"west": {"uv": [7.875, 6.375, 8, 6.5], "texture": "#1"},
				"up": {"uv": [6.40625, 5.84375, 6.4375, 5.96875], "texture": "#1"},
				"down": {"uv": [6.40625, 5.96875, 6.4375, 6.09375], "texture": "#1"}
			}
		},
		{
			"from": [-8.12324, 22.32347, 11.38577],
			"to": [-5.37324, 23.07347, 14.63577],
			"rotation": {"angle": -22.5, "axis": "z", "origin": [-22.40574, 15.20805, 13.15485]},
			"faces": {
				"north": {"uv": [8.03125, 4.75, 8.21875, 4.8125], "texture": "#1"},
				"east": {"uv": [5.25, 3.3125, 5.46875, 3.375], "texture": "#1"},
				"south": {"uv": [8.1875, 7.625, 8.375, 7.6875], "texture": "#1"},
				"west": {"uv": [5.25, 4.71875, 5.46875, 4.78125], "texture": "#1"},
				"up": {"uv": [4.34375, 8.03125, 4.53125, 8.25], "texture": "#1"},
				"down": {"uv": [7.84375, 8.03125, 8.03125, 8.25], "texture": "#1"}
			}
		},
		{
			"from": [-9.68834, 28.25373, 11.6553],
			"to": [-7.68834, 29.00373, 14.4053],
			"rotation": {"angle": -45, "axis": "z", "origin": [-22.40574, 15.20805, 13.15485]},
			"faces": {
				"north": {"uv": [0.40625, 8.25, 0.53125, 8.3125], "texture": "#1"},
				"east": {"uv": [8.1875, 7.6875, 8.375, 7.75], "texture": "#1"},
				"south": {"uv": [0.53125, 8.25, 0.65625, 8.3125], "texture": "#1"},
				"west": {"uv": [8.1875, 7.75, 8.375, 7.8125], "texture": "#1"},
				"up": {"uv": [8.09375, 4, 8.21875, 4.1875], "texture": "#1"},
				"down": {"uv": [8.09375, 4.1875, 8.21875, 4.375], "texture": "#1"}
			}
		},
		{
			"from": [-7.95358, 16.33805, 11.65549],
			"to": [-6.20358, 17.00992, 14.40549],
			"rotation": {"angle": 0, "axis": "z", "origin": [-22.40574, 15.20805, 13.15485]},
			"faces": {
				"north": {"uv": [8.09375, 8.25, 8.21875, 8.28125], "texture": "#1"},
				"east": {"uv": [3.15625, 2.375, 3.34375, 2.40625], "texture": "#1"},
				"south": {"uv": [8.25, 3.25, 8.375, 3.28125], "texture": "#1"},
				"west": {"uv": [3.34375, 2.375, 3.53125, 2.40625], "texture": "#1"},
				"up": {"uv": [8.09375, 4.375, 8.21875, 4.5625], "texture": "#1"},
				"down": {"uv": [8.09375, 4.5625, 8.21875, 4.75], "texture": "#1"}
			}
		},
		{
			"from": [-9.86185, 11.02876, 12.0213],
			"to": [-8.36185, 11.27876, 14.0213],
			"rotation": {"angle": 22.5, "axis": "z", "origin": [-22.40574, 15.20805, 13.15485]},
			"faces": {
				"north": {"uv": [8.28125, 1.40625, 8.375, 1.4375], "texture": "#1"},
				"east": {"uv": [8.25, 3.28125, 8.375, 3.3125], "texture": "#1"},
				"south": {"uv": [8.28125, 1.4375, 8.375, 1.46875], "texture": "#1"},
				"west": {"uv": [8.25, 3.3125, 8.375, 3.34375], "texture": "#1"},
				"up": {"uv": [2.25, 8.21875, 2.34375, 8.34375], "texture": "#1"},
				"down": {"uv": [2.34375, 8.21875, 2.4375, 8.34375], "texture": "#1"}
			}
		},
		{
			"from": [-2.2548, 13.10274, 11.86864],
			"to": [-0.2548, 14.85274, 12.36864],
			"rotation": {"angle": -22.5, "axis": "x", "origin": [-22.40574, 15.20805, 13.15485]},
			"faces": {
				"north": {"uv": [7.90625, 4.6875, 8.03125, 4.8125], "texture": "#1"},
				"east": {"uv": [6.59375, 3.96875, 6.625, 4.09375], "texture": "#1"},
				"south": {"uv": [8, 6.375, 8.125, 6.5], "texture": "#1"},
				"west": {"uv": [6.625, 3.96875, 6.65625, 4.09375], "texture": "#1"},
				"up": {"uv": [8.25, 3.34375, 8.375, 3.375], "texture": "#1"},
				"down": {"uv": [8.25, 3.375, 8.375, 3.40625], "texture": "#1"}
			}
		},
		{
			"from": [-2.3942, 13.84208, 10.93072],
			"to": [-0.1442, 14.34208, 13.18072],
			"rotation": {"angle": 45, "axis": "x", "origin": [-22.40574, 15.20805, 13.15485]},
			"faces": {
				"north": {"uv": [1.40625, 4.125, 1.5625, 4.15625], "texture": "#1"},
				"east": {"uv": [1.5625, 4.125, 1.71875, 4.15625], "texture": "#1"},
				"south": {"uv": [1.71875, 4.125, 1.875, 4.15625], "texture": "#1"},
				"west": {"uv": [1.875, 4.125, 2.03125, 4.15625], "texture": "#1"},
				"up": {"uv": [6.65625, 4.1875, 6.8125, 4.34375], "texture": "#1"},
				"down": {"uv": [6.8125, 4.1875, 6.96875, 4.34375], "texture": "#1"}
			}
		},
		{
			"from": [-2.12077, 14.75729, 8.52797],
			"to": [-0.37858, 15.25729, 10.77797],
			"rotation": {"angle": 22.5, "axis": "x", "origin": [-22.40574, 15.20805, 13.15485]},
			"faces": {
				"north": {"uv": [8.28125, 1.46875, 8.375, 1.5], "texture": "#1"},
				"east": {"uv": [4.28125, 2.375, 4.4375, 2.40625], "texture": "#1"},
				"south": {"uv": [8.28125, 1.5, 8.375, 1.53125], "texture": "#1"},
				"west": {"uv": [4.4375, 2.375, 4.59375, 2.40625], "texture": "#1"},
				"up": {"uv": [5.21875, 6.75, 5.3125, 6.90625], "texture": "#1"},
				"down": {"uv": [5.21875, 6.90625, 5.3125, 7.0625], "texture": "#1"}
			}
		},
		{
			"from": [-1.83886, 16.7653, 7.16207],
			"to": [-0.58886, 17.0153, 8.91207],
			"rotation": {"angle": 0, "axis": "x", "origin": [-22.40574, 15.20805, 13.15485]},
			"faces": {
				"north": {"uv": [8.28125, 1.53125, 8.375, 1.5625], "texture": "#1"},
				"east": {"uv": [8.25, 3.40625, 8.375, 3.4375], "texture": "#1"},
				"south": {"uv": [8.28125, 1.5625, 8.375, 1.59375], "texture": "#1"},
				"west": {"uv": [8.25, 3.4375, 8.375, 3.46875], "texture": "#1"},
				"up": {"uv": [2.4375, 8.21875, 2.53125, 8.34375], "texture": "#1"},
				"down": {"uv": [2.53125, 8.21875, 2.625, 8.34375], "texture": "#1"}
			}
		},
		{
			"from": [-4.9952, 13.3763, 4.25394],
			"to": [-2.9952, 14.8763, 4.75394],
			"rotation": {"angle": 22.5, "axis": "x", "origin": [-2.88089, 15.12632, 2.76464]},
			"faces": {
				"north": {"uv": [2.625, 8.21875, 2.75, 8.3125], "texture": "#1"},
				"east": {"uv": [7.1875, 1.125, 7.21875, 1.21875], "texture": "#1"},
				"south": {"uv": [2.75, 8.21875, 2.875, 8.3125], "texture": "#1"},
				"west": {"uv": [2.28125, 7.21875, 2.3125, 7.3125], "texture": "#1"},
				"up": {"uv": [8.25, 3.46875, 8.375, 3.5], "texture": "#1"},
				"down": {"uv": [8.25, 6.375, 8.375, 6.40625], "texture": "#1"}
			}
		},
		{
			"from": [-4.74596, 14.66598, 6.77653],
			"to": [-3.24596, 14.91598, 8.27653],
			"rotation": {"angle": 22.5, "axis": "x", "origin": [-4.00563, 14.5883, 6.84942]},
			"faces": {
				"north": {"uv": [8.28125, 1.59375, 8.375, 1.625], "texture": "#1"},
				"east": {"uv": [8.28125, 1.625, 8.375, 1.65625], "texture": "#1"},
				"south": {"uv": [8.28125, 1.65625, 8.375, 1.6875], "texture": "#1"},
				"west": {"uv": [8.28125, 2.09375, 8.375, 2.125], "texture": "#1"},
				"up": {"uv": [8.21875, 6.96875, 8.3125, 7.0625], "texture": "#1"},
				"down": {"uv": [8.21875, 8.03125, 8.3125, 8.125], "texture": "#1"}
			}
		},
		{
			"from": [-4.99607, 14.41809, 5.40774],
			"to": [-2.99607, 14.91809, 6.90774],
			"rotation": {"angle": 0, "axis": "x", "origin": [-4.00563, 14.5883, 6.84942]},
			"faces": {
				"north": {"uv": [8.25, 6.40625, 8.375, 6.4375], "texture": "#1"},
				"east": {"uv": [8.28125, 2.125, 8.375, 2.15625], "texture": "#1"},
				"south": {"uv": [8.25, 6.4375, 8.375, 6.46875], "texture": "#1"},
				"west": {"uv": [8.28125, 2.15625, 8.375, 2.1875], "texture": "#1"},
				"up": {"uv": [2.875, 8.21875, 3, 8.3125], "texture": "#1"},
				"down": {"uv": [4.78125, 8.21875, 4.90625, 8.3125], "texture": "#1"}
			}
		},
		{
			"from": [-4.99607, 14.14989, 4.1764],
			"to": [-2.99607, 14.64989, 5.6764],
			"rotation": {"angle": -22.5, "axis": "x", "origin": [-4.00092, 14.15387, 4.92434]},
			"faces": {
				"north": {"uv": [8.25, 6.46875, 8.375, 6.5], "texture": "#1"},
				"east": {"uv": [8.28125, 2.1875, 8.375, 2.21875], "texture": "#1"},
				"south": {"uv": [1.15625, 8.28125, 1.28125, 8.3125], "texture": "#1"},
				"west": {"uv": [8.28125, 2.21875, 8.375, 2.25], "texture": "#1"},
				"up": {"uv": [4.90625, 8.21875, 5.03125, 8.3125], "texture": "#1"},
				"down": {"uv": [5.03125, 8.21875, 5.15625, 8.3125], "texture": "#1"}
			}
		},
		{
			"from": [-2.8916, 13.3763, 2.51958],
			"to": [-2.3916, 15.1263, 4.51958],
			"rotation": {"angle": -22.5, "axis": "z", "origin": [-4.38089, 15.12632, 2.40527]},
			"faces": {
				"north": {"uv": [6.125, 6.84375, 6.15625, 6.96875], "texture": "#1"},
				"east": {"uv": [8.125, 6.375, 8.25, 6.5], "texture": "#1"},
				"south": {"uv": [6.15625, 6.84375, 6.1875, 6.96875], "texture": "#1"},
				"west": {"uv": [8.15625, 0.9375, 8.28125, 1.0625], "texture": "#1"},
				"up": {"uv": [2.28125, 6.96875, 2.3125, 7.09375], "texture": "#1"},
				"down": {"uv": [2.3125, 6.96875, 2.34375, 7.09375], "texture": "#1"}
			}
		},
		{
			"from": [-1.34208, 14.95681, 1.88577],
			"to": [1.40792, 15.70681, 5.13577],
			"rotation": {"angle": 22.5, "axis": "z", "origin": [-2.09426, 15.20805, 3.65485]},
			"faces": {
				"north": {"uv": [8.21875, 8.21875, 8.40625, 8.28125], "texture": "#1"},
				"east": {"uv": [5.46875, 3.3125, 5.6875, 3.375], "texture": "#1"},
				"south": {"uv": [8.21875, 0, 8.40625, 0.0625], "texture": "#1"},
				"west": {"uv": [5.6875, 3.3125, 5.90625, 3.375], "texture": "#1"},
				"up": {"uv": [8.03125, 8.03125, 8.21875, 8.25], "texture": "#1"},
				"down": {"uv": [8.09375, 2.3125, 8.28125, 2.53125], "texture": "#1"}
			}
		},
		{
			"from": [-3.09208, 15.0115, 2.1553],
			"to": [-1.09208, 15.7615, 4.9053],
			"rotation": {"angle": 45, "axis": "z", "origin": [-1.59426, 15.26274, 3.65485]},
			"faces": {
				"north": {"uv": [0.65625, 8.25, 0.78125, 8.3125], "texture": "#1"},
				"east": {"uv": [8.21875, 0.0625, 8.40625, 0.125], "texture": "#1"},
				"south": {"uv": [0.78125, 8.25, 0.90625, 8.3125], "texture": "#1"},
				"west": {"uv": [8.21875, 0.125, 8.40625, 0.1875], "texture": "#1"},
				"up": {"uv": [8.09375, 6.875, 8.21875, 7.0625], "texture": "#1"},
				"down": {"uv": [5.59375, 8.125, 5.71875, 8.3125], "texture": "#1"}
			}
		},
		{
			"from": [0.95358, 16.33805, 2.15549],
			"to": [2.70358, 17.00992, 4.90549],
			"rotation": {"angle": 0, "axis": "z", "origin": [-1.7986, 16.51117, 3.65504]},
			"faces": {
				"north": {"uv": [1.28125, 8.28125, 1.40625, 8.3125], "texture": "#1"},
				"east": {"uv": [3.53125, 2.375, 3.71875, 2.40625], "texture": "#1"},
				"south": {"uv": [1.40625, 8.28125, 1.53125, 8.3125], "texture": "#1"},
				"west": {"uv": [3.71875, 2.375, 3.90625, 2.40625], "texture": "#1"},
				"up": {"uv": [5.71875, 8.125, 5.84375, 8.3125], "texture": "#1"},
				"down": {"uv": [5.84375, 8.125, 5.96875, 8.3125], "texture": "#1"}
			}
		},
		{
			"from": [2.16772, 18.38147, 2.5213],
			"to": [3.66772, 18.63147, 4.5213],
			"rotation": {"angle": -22.5, "axis": "z", "origin": [-1.7986, 16.51117, 3.65504]},
			"faces": {
				"north": {"uv": [8.28125, 2.25, 8.375, 2.28125], "texture": "#1"},
				"east": {"uv": [1.53125, 8.28125, 1.65625, 8.3125], "texture": "#1"},
				"south": {"uv": [8.28125, 2.28125, 8.375, 2.3125], "texture": "#1"},
				"west": {"uv": [1.65625, 8.28125, 1.78125, 8.3125], "texture": "#1"},
				"up": {"uv": [8.21875, 0.1875, 8.3125, 0.3125], "texture": "#1"},
				"down": {"uv": [8.21875, 0.3125, 8.3125, 0.4375], "texture": "#1"}
			}
		},
		{
			"from": [-4.9952, 11.8763, 2.75394],
			"to": [-2.9952, 13.6263, 3.25394],
			"rotation": {"angle": -22.5, "axis": "x", "origin": [-2.88089, 13.62632, 0.76464]},
			"faces": {
				"north": {"uv": [8.15625, 1.0625, 8.28125, 1.1875], "texture": "#1"},
				"east": {"uv": [4.59375, 6.96875, 4.625, 7.09375], "texture": "#1"},
				"south": {"uv": [8.15625, 1.1875, 8.28125, 1.3125], "texture": "#1"},
				"west": {"uv": [4.625, 6.96875, 4.65625, 7.09375], "texture": "#1"},
				"up": {"uv": [1.78125, 8.28125, 1.90625, 8.3125], "texture": "#1"},
				"down": {"uv": [1.90625, 8.28125, 2.03125, 8.3125], "texture": "#1"}
			}
		},
		{
			"from": [-5.1058, 16.04397, -0.43681],
			"to": [-2.8558, 16.54397, 1.81319],
			"rotation": {"angle": 45, "axis": "x", "origin": [-2.88602, 14.05468, 0.06317]},
			"faces": {
				"north": {"uv": [4.59375, 2.375, 4.75, 2.40625], "texture": "#1"},
				"east": {"uv": [4.8125, 3.375, 4.96875, 3.40625], "texture": "#1"},
				"south": {"uv": [4.96875, 3.375, 5.125, 3.40625], "texture": "#1"},
				"west": {"uv": [5.125, 3.375, 5.28125, 3.40625], "texture": "#1"},
				"up": {"uv": [6.96875, 4.1875, 7.125, 4.34375], "texture": "#1"},
				"down": {"uv": [7.125, 4.1875, 7.28125, 4.34375], "texture": "#1"}
			}
		},
		{
			"from": [-4.87142, 16.04397, -1.68681],
			"to": [-3.12923, 16.54397, 0.56319],
			"rotation": {"angle": 22.5, "axis": "x", "origin": [-2.88602, 14.05468, 0.06317]},
			"faces": {
				"north": {"uv": [8.28125, 2.3125, 8.375, 2.34375], "texture": "#1"},
				"east": {"uv": [5.28125, 3.375, 5.4375, 3.40625], "texture": "#1"},
				"south": {"uv": [8.28125, 2.34375, 8.375, 2.375], "texture": "#1"},
				"west": {"uv": [5.4375, 3.375, 5.59375, 3.40625], "texture": "#1"},
				"up": {"uv": [5.21875, 7.0625, 5.3125, 7.21875], "texture": "#1"},
				"down": {"uv": [5.21875, 7.21875, 5.3125, 7.375], "texture": "#1"}
			}
		},
		{
			"from": [-4.66114, 16.7653, -2.33793],
			"to": [-3.41114, 17.0153, -0.58793],
			"rotation": {"angle": 0, "axis": "x", "origin": [-2.88668, 15.77601, -2.33795]},
			"faces": {
				"north": {"uv": [8.28125, 2.375, 8.375, 2.40625], "texture": "#1"},
				"east": {"uv": [2.03125, 8.28125, 2.15625, 8.3125], "texture": "#1"},
				"south": {"uv": [8.28125, 2.40625, 8.375, 2.4375], "texture": "#1"},
				"west": {"uv": [3.59375, 8.28125, 3.71875, 8.3125], "texture": "#1"},
				"up": {"uv": [8.21875, 0.4375, 8.3125, 0.5625], "texture": "#1"},
				"down": {"uv": [8.21875, 1.6875, 8.3125, 1.8125], "texture": "#1"}
			}
		},
		{
			"from": [11.5048, 13.3763, 4.25394],
			"to": [13.5048, 14.8763, 4.75394],
			"rotation": {"angle": 22.5, "axis": "x", "origin": [13.61911, 15.12632, 2.76464]},
			"faces": {
				"north": {"uv": [8.21875, 1.8125, 8.34375, 1.90625], "texture": "#1"},
				"east": {"uv": [2.3125, 7.21875, 2.34375, 7.3125], "texture": "#1"},
				"south": {"uv": [8.21875, 1.90625, 8.34375, 2], "texture": "#1"},
				"west": {"uv": [4.59375, 7.21875, 4.625, 7.3125], "texture": "#1"},
				"up": {"uv": [3.71875, 8.28125, 3.84375, 8.3125], "texture": "#1"},
				"down": {"uv": [3.84375, 8.28125, 3.96875, 8.3125], "texture": "#1"}
			}
		},
		{
			"from": [11.75404, 14.66598, 6.77653],
			"to": [13.25404, 14.91598, 8.27653],
			"rotation": {"angle": 22.5, "axis": "x", "origin": [12.49437, 14.5883, 6.84942]},
			"faces": {
				"north": {"uv": [8.28125, 2.4375, 8.375, 2.46875], "texture": "#1"},
				"east": {"uv": [8.28125, 2.46875, 8.375, 2.5], "texture": "#1"},
				"south": {"uv": [8.28125, 2.5, 8.375, 2.53125], "texture": "#1"},
				"west": {"uv": [8.28125, 2.53125, 8.375, 2.5625], "texture": "#1"},
				"up": {"uv": [8.21875, 8.125, 8.3125, 8.21875], "texture": "#1"},
				"down": {"uv": [0.1875, 8.25, 0.28125, 8.34375], "texture": "#1"}
			}
		},
		{
			"from": [11.50393, 14.41809, 5.40774],
			"to": [13.50393, 14.91809, 6.90774],
			"rotation": {"angle": 0, "axis": "x", "origin": [12.49437, 14.5883, 6.84942]},
			"faces": {
				"north": {"uv": [3.96875, 8.28125, 4.09375, 8.3125], "texture": "#1"},
				"east": {"uv": [8.28125, 2.5625, 8.375, 2.59375], "texture": "#1"},
				"south": {"uv": [4.09375, 8.28125, 4.21875, 8.3125], "texture": "#1"},
				"west": {"uv": [8.28125, 2.59375, 8.375, 2.625], "texture": "#1"},
				"up": {"uv": [8.21875, 2, 8.34375, 2.09375], "texture": "#1"},
				"down": {"uv": [8.21875, 2.96875, 8.34375, 3.0625], "texture": "#1"}
			}
		},
		{
			"from": [11.50393, 14.14989, 4.1764],
			"to": [13.50393, 14.64989, 5.6764],
			"rotation": {"angle": -22.5, "axis": "x", "origin": [12.49908, 14.15387, 4.92434]},
			"faces": {
				"north": {"uv": [4.21875, 8.28125, 4.34375, 8.3125], "texture": "#1"},
				"east": {"uv": [8.28125, 2.625, 8.375, 2.65625], "texture": "#1"},
				"south": {"uv": [4.34375, 8.28125, 4.46875, 8.3125], "texture": "#1"},
				"west": {"uv": [8.28125, 2.65625, 8.375, 2.6875], "texture": "#1"},
				"up": {"uv": [8.21875, 3.0625, 8.34375, 3.15625], "texture": "#1"},
				"down": {"uv": [8.21875, 3.15625, 8.34375, 3.25], "texture": "#1"}
			}
		},
		{
			"from": [13.6084, 13.3763, 2.51958],
			"to": [14.1084, 15.1263, 4.51958],
			"rotation": {"angle": -22.5, "axis": "z", "origin": [12.11911, 15.12632, 2.40527]},
			"faces": {
				"north": {"uv": [6.125, 6.96875, 6.15625, 7.09375], "texture": "#1"},
				"east": {"uv": [8.15625, 1.3125, 8.28125, 1.4375], "texture": "#1"},
				"south": {"uv": [6.15625, 6.96875, 6.1875, 7.09375], "texture": "#1"},
				"west": {"uv": [8.15625, 1.4375, 8.28125, 1.5625], "texture": "#1"},
				"up": {"uv": [2.28125, 7.09375, 2.3125, 7.21875], "texture": "#1"},
				"down": {"uv": [2.3125, 7.09375, 2.34375, 7.21875], "texture": "#1"}
			}
		},
		{
			"from": [15.15792, 14.95681, 1.88577],
			"to": [17.90792, 15.70681, 5.13577],
			"rotation": {"angle": 22.5, "axis": "z", "origin": [14.40574, 15.20805, 3.65485]},
			"faces": {
				"north": {"uv": [8.21875, 3.78125, 8.40625, 3.84375], "texture": "#1"},
				"east": {"uv": [6.1875, 6.09375, 6.40625, 6.15625], "texture": "#1"},
				"south": {"uv": [8.21875, 3.84375, 8.40625, 3.90625], "texture": "#1"},
				"west": {"uv": [6.4375, 6.34375, 6.65625, 6.40625], "texture": "#1"},
				"up": {"uv": [8.09375, 2.53125, 8.28125, 2.75], "texture": "#1"},
				"down": {"uv": [8.09375, 2.75, 8.28125, 2.96875], "texture": "#1"}
			}
		},
		{
			"from": [13.40792, 15.0115, 2.1553],
			"to": [15.40792, 15.7615, 4.9053],
			"rotation": {"angle": 45, "axis": "z", "origin": [14.90574, 15.26274, 3.65485]},
			"faces": {
				"north": {"uv": [0.90625, 8.25, 1.03125, 8.3125], "texture": "#1"},
				"east": {"uv": [8.21875, 3.90625, 8.40625, 3.96875], "texture": "#1"},
				"south": {"uv": [1.03125, 8.25, 1.15625, 8.3125], "texture": "#1"},
				"west": {"uv": [8.21875, 3.96875, 8.40625, 4.03125], "texture": "#1"},
				"up": {"uv": [5.96875, 8.125, 6.09375, 8.3125], "texture": "#1"},
				"down": {"uv": [7.0625, 8.15625, 7.1875, 8.34375], "texture": "#1"}
			}
		},
		{
			"from": [17.45358, 16.33805, 2.15549],
			"to": [19.20358, 17.00992, 4.90549],
			"rotation": {"angle": 0, "axis": "z", "origin": [14.7014, 16.51117, 3.65504]},
			"faces": {
				"north": {"uv": [4.46875, 8.28125, 4.59375, 8.3125], "texture": "#1"},
				"east": {"uv": [3.90625, 2.375, 4.09375, 2.40625], "texture": "#1"},
				"south": {"uv": [6.09375, 8.28125, 6.21875, 8.3125], "texture": "#1"},
				"west": {"uv": [4.09375, 2.375, 4.28125, 2.40625], "texture": "#1"},
				"up": {"uv": [8.15625, 0.5625, 8.28125, 0.75], "texture": "#1"},
				"down": {"uv": [8.15625, 0.75, 8.28125, 0.9375], "texture": "#1"}
			}
		},
		{
			"from": [18.66772, 18.38147, 2.5213],
			"to": [20.16772, 18.63147, 4.5213],
			"rotation": {"angle": -22.5, "axis": "z", "origin": [14.7014, 16.51117, 3.65504]},
			"faces": {
				"north": {"uv": [8.28125, 2.6875, 8.375, 2.71875], "texture": "#1"},
				"east": {"uv": [7.84375, 8.28125, 7.96875, 8.3125], "texture": "#1"},
				"south": {"uv": [8.28125, 2.71875, 8.375, 2.75], "texture": "#1"},
				"west": {"uv": [7.96875, 8.28125, 8.09375, 8.3125], "texture": "#1"},
				"up": {"uv": [8.21875, 4.03125, 8.3125, 4.15625], "texture": "#1"},
				"down": {"uv": [8.21875, 4.15625, 8.3125, 4.28125], "texture": "#1"}
			}
		},
		{
			"from": [11.5048, 11.8763, 2.75394],
			"to": [13.5048, 13.6263, 3.25394],
			"rotation": {"angle": -22.5, "axis": "x", "origin": [13.61911, 13.62632, 0.76464]},
			"faces": {
				"north": {"uv": [8.15625, 1.5625, 8.28125, 1.6875], "texture": "#1"},
				"east": {"uv": [4.59375, 7.09375, 4.625, 7.21875], "texture": "#1"},
				"south": {"uv": [8.15625, 2.09375, 8.28125, 2.21875], "texture": "#1"},
				"west": {"uv": [4.625, 7.09375, 4.65625, 7.21875], "texture": "#1"},
				"up": {"uv": [8.09375, 8.28125, 8.21875, 8.3125], "texture": "#1"},
				"down": {"uv": [8.21875, 8.28125, 8.34375, 8.3125], "texture": "#1"}
			}
		},
		{
			"from": [11.3942, 16.04397, -0.43681],
			"to": [13.6442, 16.54397, 1.81319],
			"rotation": {"angle": 45, "axis": "x", "origin": [13.61398, 14.05468, 0.06317]},
			"faces": {
				"north": {"uv": [5.59375, 3.375, 5.75, 3.40625], "texture": "#1"},
				"east": {"uv": [5.75, 3.375, 5.90625, 3.40625], "texture": "#1"},
				"south": {"uv": [5.875, 5.5, 6.03125, 5.53125], "texture": "#1"},
				"west": {"uv": [6.03125, 5.5, 6.1875, 5.53125], "texture": "#1"},
				"up": {"uv": [7.15625, 3.8125, 7.3125, 3.96875], "texture": "#1"},
				"down": {"uv": [7.28125, 4.1875, 7.4375, 4.34375], "texture": "#1"}
			}
		},
		{
			"from": [11.62858, 16.04397, -1.68681],
			"to": [13.37077, 16.54397, 0.56319],
			"rotation": {"angle": 22.5, "axis": "x", "origin": [13.61398, 14.05468, 0.06317]},
			"faces": {
				"north": {"uv": [8.28125, 2.75, 8.375, 2.78125], "texture": "#1"},
				"east": {"uv": [6.1875, 6.15625, 6.34375, 6.1875], "texture": "#1"},
				"south": {"uv": [8.28125, 2.78125, 8.375, 2.8125], "texture": "#1"},
				"west": {"uv": [6.4375, 4.125, 6.59375, 4.15625], "texture": "#1"},
				"up": {"uv": [5.21875, 7.375, 5.3125, 7.53125], "texture": "#1"},
				"down": {"uv": [7.4375, 4.1875, 7.53125, 4.34375], "texture": "#1"}
			}
		},
		{
			"from": [11.83886, 16.7653, -2.33793],
			"to": [13.08886, 17.0153, -0.58793],
			"rotation": {"angle": 0, "axis": "x", "origin": [13.61332, 15.77601, -2.33795]},
			"faces": {
				"north": {"uv": [8.28125, 2.8125, 8.375, 2.84375], "texture": "#1"},
				"east": {"uv": [8.28125, 0.5625, 8.40625, 0.59375], "texture": "#1"},
				"south": {"uv": [8.28125, 2.84375, 8.375, 2.875], "texture": "#1"},
				"west": {"uv": [8.28125, 0.59375, 8.40625, 0.625], "texture": "#1"},
				"up": {"uv": [8.21875, 4.28125, 8.3125, 4.40625], "texture": "#1"},
				"down": {"uv": [8.21875, 4.40625, 8.3125, 4.53125], "texture": "#1"}
			}
		}
	],
	"display": {
		"thirdperson_righthand": {
			"rotation": [90, 0, 0],
			"translation": [-5.75, -2, 43.75]
		},
		"thirdperson_lefthand": {
			"translation": [-1, 6, 0]
		},
		"firstperson_righthand": {
			"rotation": [0, -142, 0],
			"translation": [2.25, 7.25, -1]
		},
		"firstperson_lefthand": {
			"rotation": [0, -142, 0],
			"translation": [2.25, 7.25, -1],
			"scale": [-1, 1, 1]
		},
		"ground": {
			"translation": [0, 5.25, 0]
		},
		"gui": {
			"rotation": [26, -51, 0],
			"translation": [0, -1.25, 0],
			"scale": [0.4, 0.4, 0.4]
		},
		"head": {
			"translation": [-1.25, -31.5, 0],
			"scale": [1.7, 1.7, 1.7]
		},
		"fixed": {
			"translation": [0, 4.5, -1.75],
			"scale": [1.3, 1.3, 1.3]
		}
	},
	"groups": [
		{
			"name": "hexadecagon",
			"origin": [8, 8, 8],
			"children": [0, 1, 2, 3, 4, 5, 6, 7, 8, 9, 10, 11, 12, 13, 14, 15, 16, 17, 18, 19]
		},
		{
			"name": "hexadecagon",
			"origin": [8, 8, 8],
			"children": [20, 21, 22, 23, 24, 25, 26, 27]
		},
		{
			"name": "hexadecagon",
			"origin": [8, 8, 8],
			"children": [28, 29, 30, 31, 32, 33, 34, 35]
		},
		{
			"name": "jungle_sapling",
			"origin": [8, 8, 8],
			"children": [
				{
					"name": "group",
					"origin": [9, -4.49979, -2.00022],
					"children": []
				},
				{
					"name": "group",
					"origin": [9, -4.49979, -2.00022],
					"children": []
				}, 36, 37, 38, 39, 40, 41, 42, 43, 44, 45, 46, 47, 48]
		},
		{
			"name": "jungle_sapling",
			"origin": [8, 8, 8],
			"children": [
				{
					"name": "group",
					"origin": [9, -4.49979, -2.00022],
					"children": []
				},
				{
					"name": "group",
					"origin": [9, -4.49979, -2.00022],
					"children": []
				}, 49, 50, 51, 52, 53, 54, 55, 56, 57, 58, 59, 60, 61]
		},
		{
			"name": "jungle_sapling",
			"origin": [8, 8, 8],
			"children": [
				{
					"name": "group",
					"origin": [9, -4.49979, -2.00022],
					"children": []
				},
				{
					"name": "group",
					"origin": [9, -4.49979, -2.00022],
					"children": []
				}, 62, 63, 64, 65, 66, 67, 68, 69, 70, 71, 72, 73, 74]
		},
		{
			"name": "jungle_sapling",
			"origin": [8, 8, 8],
			"children": [
				{
					"name": "group",
					"origin": [9, -4.49979, -2.00022],
					"children": []
				},
				{
					"name": "group",
					"origin": [9, -4.49979, -2.00022],
					"children": []
				}, 75, 76, 77, 78, 79, 80, 81, 82, 83, 84, 85, 86, 87]
		},
		{
			"name": "jungle_sapling",
			"origin": [8, 8, 8],
			"children": [
				{
					"name": "group",
					"origin": [9, -4.49979, -2.00022],
					"children": []
				},
				{
					"name": "group",
					"origin": [9, -4.49979, -2.00022],
					"children": []
				}, 88, 89, 90, 91, 92, 93, 94, 95, 96, 97, 98, 99, 100]
		}
	]
}