{
	"credit": "Made with Blockbench",
	"texture_size": [128, 128],
	"textures": {
		"1": "new/bow",
		"particle": "new/bow"
	},
	"elements": [
		{
			"from": [7.47852, 9, 8],
			"to": [8.52148, 12.5, 9.75],
			"rotation": {"angle": 0, "axis": "y", "origin": [24.02148, 35.75, 24]},
			"faces": {
				"north": {"uv": [1.375, 3.375, 1.625, 4.25], "texture": "#1"},
				"east": {"uv": [2.375, 1.25, 2.875, 2.125], "texture": "#1"},
				"south": {"uv": [3.375, 0.625, 3.625, 1.5], "texture": "#1"},
				"west": {"uv": [2.75, 2.75, 3.25, 3.625], "texture": "#1"},
				"up": {"uv": [3.25, 2.75, 3.5, 3.25], "texture": "#1"},
				"down": {"uv": [3.875, 1.25, 4.125, 1.75], "texture": "#1"}
			}
		},
		{
			"from": [7.5, 8.25, 8],
			"to": [8.5, 9.25, 10],
			"rotation": {"angle": 22.5, "axis": "x", "origin": [7.87413, 8.74847, 9.0024]},
			"faces": {
				"north": {"uv": [2, 1.625, 2.25, 1.875], "texture": "#1"},
				"east": {"uv": [3.875, 1.75, 4.375, 2], "texture": "#1"},
				"south": {"uv": [0.5, 2.625, 0.75, 2.875], "texture": "#1"},
				"west": {"uv": [3.875, 2, 4.375, 2.25], "texture": "#1"},
				"up": {"uv": [3.875, 2.75, 4.125, 3.25], "texture": "#1"},
				"down": {"uv": [3.875, 3.25, 4.125, 3.75], "texture": "#1"}
			}
		},
		{
			"from": [7.25, 12.25, 7.5],
			"to": [8.75, 13, 10],
			"rotation": {"angle": 0, "axis": "y", "origin": [24.25, 38.5, 23.5]},
			"faces": {
				"north": {"uv": [0.5, 0.25, 0.875, 0.5], "texture": "#1"},
				"east": {"uv": [0.25, 0, 0.875, 0.25], "texture": "#1"},
				"south": {"uv": [0.875, 0.625, 1.25, 0.875], "texture": "#1"},
				"west": {"uv": [3.875, 3.875, 4.5, 4.125], "texture": "#1"},
				"up": {"uv": [0.875, 0, 1.25, 0.625], "texture": "#1"},
				"down": {"uv": [3.25, 3.25, 3.625, 3.875], "texture": "#1"}
			}
		},
		{
			"from": [7.75, 12.61328, 8],
			"to": [8.25, 17.61328, 9.5],
			"rotation": {"angle": 22.5, "axis": "x", "origin": [7.99062, 13.98564, 8.76202]},
			"faces": {
				"north": {"uv": [3.125, 3.625, 3.25, 4.875], "texture": "#1"},
				"east": {"uv": [2.75, 0, 2.375, 1.25], "texture": "#1"},
				"south": {"uv": [0.75, 3.75, 0.875, 5], "texture": "#1"},
				"west": {"uv": [2.375, 0, 2.75, 1.25], "texture": "#1"},
				"up": {"uv": [2.25, 1.625, 2.375, 2], "texture": "#1"},
				"down": {"uv": [0.75, 2.625, 0.875, 3], "texture": "#1"}
			}
		},
		{
			"from": [7.75, 6.13672, 8],
			"to": [8.25, 8.63672, 9.5],
			"rotation": {"angle": -22.5, "axis": "x", "origin": [7.99062, 9.76436, 8.76202]},
			"faces": {
				"north": {"uv": [1.125, 4, 1.25, 4.625], "texture": "#1"},
				"east": {"uv": [3.25, 0, 3.625, 0.625], "texture": "#1"},
				"south": {"uv": [1.25, 4, 1.375, 4.625], "texture": "#1"},
				"west": {"uv": [3.625, 0, 3.25, 0.625], "texture": "#1"},
				"up": {"uv": [0.5, 4.5, 0.625, 4.875], "texture": "#1"},
				"down": {"uv": [0.625, 4.5, 0.75, 4.875], "texture": "#1"}
			}
		},
		{
			"from": [7.625, 5.88672, 8.90625],
			"to": [8.375, 8.38672, 9.65625],
			"rotation": {"angle": -22.5, "axis": "x", "origin": [8.11562, 9.76436, 8.76202]},
			"faces": {
				"north": {"uv": [1.625, 3.75, 1.875, 4.375], "texture": "#1"},
				"east": {"uv": [3.25, 3.875, 3.5, 4.5], "texture": "#1"},
				"south": {"uv": [3.875, 0, 4.125, 0.625], "texture": "#1"},
				"west": {"uv": [3.5, 3.875, 3.25, 4.5], "texture": "#1"},
				"up": {"uv": [4.375, 0.75, 4.625, 1], "texture": "#1"},
				"down": {"uv": [4.375, 1, 4.625, 1.25], "texture": "#1"}
			}
		},
		{
			"from": [7.75781, 12.98828, 9.14453],
			"to": [8.24219, 14.23828, 9.64453],
			"rotation": {"angle": 0, "axis": "x", "origin": [7.98281, 13.86064, 9.40655]},
			"faces": {
				"north": {"uv": [2.625, 4, 2.75, 4.375], "texture": "#1"},
				"east": {"uv": [2.625, 4.375, 2.75, 4.75], "texture": "#1"},
				"south": {"uv": [4.375, 2.75, 4.5, 3.125], "texture": "#1"},
				"west": {"uv": [4.375, 3.125, 4.5, 3.5], "texture": "#1"},
				"up": {"uv": [0.125, 0, 0.25, 0.125], "texture": "#1"},
				"down": {"uv": [0.375, 0.25, 0.5, 0.375], "texture": "#1"}
			}
		},
		{
			"from": [7.75977, 16.80013, 9.53352],
			"to": [8.24023, 19.80013, 11.28352],
			"rotation": {"angle": -22.5, "axis": "x", "origin": [8.00038, 16.42249, 10.29553]},
			"faces": {
				"north": {"uv": [3.5, 3.875, 3.625, 4.625], "texture": "#1"},
				"east": {"uv": [2.875, 1.5, 3.375, 2.25], "texture": "#1"},
				"south": {"uv": [1, 4, 1.125, 4.75], "texture": "#1"},
				"west": {"uv": [0.5, 3, 1, 3.75], "texture": "#1"},
				"up": {"uv": [2.375, 4, 2.5, 4.5], "texture": "#1"},
				"down": {"uv": [2.5, 4, 2.625, 4.5], "texture": "#1"}
			}
		},
		{
			"from": [7.75977, 3.94987, 9.53352],
			"to": [8.24023, 6.94987, 11.22102],
			"rotation": {"angle": 22.5, "axis": "x", "origin": [8.00038, 7.32751, 10.29553]},
			"faces": {
				"north": {"uv": [0.875, 3.75, 1, 4.5], "texture": "#1"},
				"east": {"uv": [2.75, 0, 3.25, 0.75], "texture": "#1"},
				"south": {"uv": [1.875, 3.75, 2, 4.5], "texture": "#1"},
				"west": {"uv": [3.25, 0, 2.75, 0.75], "texture": "#1"},
				"up": {"uv": [2.75, 0.75, 2.875, 1.25], "texture": "#1"},
				"down": {"uv": [3.5, 2.75, 3.625, 3.25], "texture": "#1"}
			}
		},
		{
			"from": [7.625, 3.94987, 10.53352],
			"to": [8.375, 6.94987, 11.28352],
			"rotation": {"angle": 22.5, "axis": "x", "origin": [8.11562, 7.32751, 10.29553]},
			"faces": {
				"north": {"uv": [3.375, 1.5, 3.625, 2.25], "texture": "#1"},
				"east": {"uv": [2.875, 3.625, 3.125, 4.375], "texture": "#1"},
				"south": {"uv": [3.625, 3.625, 3.875, 4.375], "texture": "#1"},
				"west": {"uv": [3.125, 3.625, 2.875, 4.375], "texture": "#1"},
				"up": {"uv": [4.375, 1.25, 4.625, 1.5], "texture": "#1"},
				"down": {"uv": [4.375, 1.5, 4.625, 1.75], "texture": "#1"}
			}
		},
		{
			"from": [7.625, 16.85482, 10.53352],
			"to": [8.375, 19.85482, 11.28352],
			"rotation": {"angle": -22.5, "axis": "x", "origin": [8.11562, 16.47718, 10.29553]},
			"faces": {
				"north": {"uv": [3.375, 2.25, 3.625, 1.5], "texture": "#1"},
				"east": {"uv": [2.875, 4.375, 3.125, 3.625], "texture": "#1"},
				"south": {"uv": [3.625, 4.375, 3.875, 3.625], "texture": "#1"},
				"west": {"uv": [3.125, 4.375, 2.875, 3.625], "texture": "#1"},
				"up": {"uv": [4.375, 1.75, 4.625, 1.5], "texture": "#1"},
				"down": {"uv": [4.375, 1.5, 4.625, 1.25], "texture": "#1"}
			}
		},
		{
			"from": [7.625, 3.94987, 10.53352],
			"to": [8.375, 6.94987, 11.28352],
			"rotation": {"angle": 22.5, "axis": "x", "origin": [8.11562, 7.32751, 10.29553]},
			"faces": {
				"north": {"uv": [3.375, 1.5, 3.625, 2.25], "texture": "#1"},
				"east": {"uv": [2.875, 3.625, 3.125, 4.375], "texture": "#1"},
				"south": {"uv": [3.625, 3.625, 3.875, 4.375], "texture": "#1"},
				"west": {"uv": [3.125, 3.625, 2.875, 4.375], "texture": "#1"},
				"up": {"uv": [4.375, 1.25, 4.625, 1.5], "texture": "#1"},
				"down": {"uv": [4.375, 1.5, 4.625, 1.75], "texture": "#1"}
			}
		},
		{
			"from": [7.875, -5.32422, 16],
			"to": [8.125, 29.18359, 16.25],
			"rotation": {"angle": 0, "axis": "y", "origin": [23.625, 35.75, 32]},
			"faces": {
				"north": {"uv": [0, 0, 0.125, 8.625], "texture": "#1"},
				"east": {"uv": [0.125, 0.125, 0.25, 8.75], "texture": "#1"},
				"south": {"uv": [0.25, 0.25, 0.375, 8.875], "texture": "#1"},
				"west": {"uv": [0.375, 0.375, 0.5, 9], "texture": "#1"},
				"up": {"uv": [2, 1.875, 2.125, 2], "texture": "#1"},
				"down": {"uv": [2.125, 1.875, 2.25, 2], "texture": "#1"}
			}
		},
		{
			"from": [7.50017, 1.44987, 12.97102],
			"to": [8.50017, 2.44987, 13.97102],
			"rotation": {"angle": -45, "axis": "x", "origin": [7.99078, -3.17249, 8.37366]},
			"faces": {
				"north": {"uv": [3.875, 4.375, 4.125, 4.625], "texture": "#1"},
				"east": {"uv": [4.125, 4.375, 4.375, 4.625], "texture": "#1"},
				"south": {"uv": [4.375, 4.375, 4.625, 4.625], "texture": "#1"},
				"west": {"uv": [4.375, 0, 4.625, 0.25], "texture": "#1"},
				"up": {"uv": [4.375, 0.25, 4.625, 0.5], "texture": "#1"},
				"down": {"uv": [4.375, 0.5, 4.625, 0.75], "texture": "#1"}
			}
		},
		{
			"from": [7.50017, 21.30013, 12.97102],
			"to": [8.50017, 22.30013, 13.97102],
			"rotation": {"angle": 45, "axis": "x", "origin": [7.99078, 26.92249, 8.37366]},
			"faces": {
				"north": {"uv": [3.875, 4.625, 4.125, 4.375], "texture": "#1"},
				"east": {"uv": [4.125, 4.625, 4.375, 4.375], "texture": "#1"},
				"south": {"uv": [4.375, 4.625, 4.625, 4.375], "texture": "#1"},
				"west": {"uv": [4.375, 0.25, 4.625, 0], "texture": "#1"},
				"up": {"uv": [4.375, 0.75, 4.625, 0.5], "texture": "#1"},
				"down": {"uv": [4.375, 0.5, 4.625, 0.25], "texture": "#1"}
			}
		},
		{
			"from": [7.50017, 5.94987, 10.36164],
			"to": [8.50017, 6.94987, 11.36164],
			"rotation": {"angle": 0, "axis": "x", "origin": [7.99078, 7.07751, 11.12366]},
			"faces": {
				"north": {"uv": [4.125, 0.75, 4.375, 1], "texture": "#1"},
				"east": {"uv": [4.375, 1.5, 4.125, 1.75], "texture": "#1"},
				"south": {"uv": [4.125, 1.25, 4.375, 1.5], "texture": "#1"},
				"west": {"uv": [4.125, 1.5, 4.375, 1.75], "texture": "#1"},
				"up": {"uv": [4.125, 2.75, 4.375, 3], "texture": "#1"},
				"down": {"uv": [4.125, 3, 4.375, 3.25], "texture": "#1"}
			}
		},
		{
			"from": [7.50012, 16.80013, 10.36169],
			"to": [8.50012, 17.80013, 11.36169],
			"rotation": {"angle": 0, "axis": "x", "origin": [7.99073, 17.92777, 11.12371]},
			"faces": {
				"north": {"uv": [4.125, 0.75, 4.375, 1], "texture": "#1"},
				"east": {"uv": [4.375, 1.5, 4.125, 1.75], "texture": "#1"},
				"south": {"uv": [4.125, 1.25, 4.375, 1.5], "texture": "#1"},
				"west": {"uv": [4.125, 1.5, 4.375, 1.75], "texture": "#1"},
				"up": {"uv": [4.125, 2.75, 4.375, 3], "texture": "#1"},
				"down": {"uv": [4.125, 3, 4.375, 3.25], "texture": "#1"}
			}
		},
		{
			"from": [7.24219, -6.87987, 13.40176],
			"to": [8.75781, -0.62987, 13.90176],
			"rotation": {"angle": -22.5, "axis": "x", "origin": [7.99843, 0.85811, 14.2794]},
			"faces": {
				"north": {"uv": [2, 0, 2.375, 1.625], "texture": "#1"},
				"east": {"uv": [2.25, 3.625, 2.375, 5.25], "texture": "#1"},
				"south": {"uv": [2.375, 2.375, 2.75, 4], "texture": "#1"},
				"west": {"uv": [2.75, 3.625, 2.875, 5.25], "texture": "#1"},
				"up": {"uv": [4.375, 4.25, 4.75, 4.375], "texture": "#1"},
				"down": {"uv": [4.5, 2.25, 4.875, 2.375], "texture": "#1"}
			}
		},
		{
			"from": [7.25029, 24.37987, 13.40176],
			"to": [8.75029, 30.62987, 13.90176],
			"rotation": {"angle": 22.5, "axis": "x", "origin": [7.99091, 22.89189, 14.2794]},
			"faces": {
				"north": {"uv": [2, 1.625, 2.375, 0], "texture": "#1"},
				"east": {"uv": [2.25, 5.25, 2.375, 3.625], "texture": "#1"},
				"south": {"uv": [2.375, 4, 2.75, 2.375], "texture": "#1"},
				"west": {"uv": [2.75, 5.25, 2.875, 3.625], "texture": "#1"},
				"up": {"uv": [4.5, 2.375, 4.875, 2.25], "texture": "#1"},
				"down": {"uv": [4.375, 4.375, 4.75, 4.25], "texture": "#1"}
			}
		},
		{
			"from": [7.25017, 4.19987, 8.53352],
			"to": [8.75017, 4.69987, 17.03352],
			"rotation": {"angle": 45, "axis": "x", "origin": [7.99078, 5.07751, 9.29553]},
			"faces": {
				"north": {"uv": [4.25, 3.75, 4.625, 3.875], "texture": "#1"},
				"east": {"uv": [2.75, 2.5, 4.875, 2.625], "texture": "#1"},
				"south": {"uv": [4.375, 3.5, 4.75, 3.625], "texture": "#1"},
				"west": {"uv": [2.75, 2.625, 4.875, 2.75], "texture": "#1"},
				"up": {"uv": [1.25, 1.25, 1.625, 3.375], "texture": "#1"},
				"down": {"uv": [1.625, 1.625, 2, 3.75], "texture": "#1"}
			}
		},
		{
			"from": [7.25017, 19.05013, 8.53352],
			"to": [8.75017, 19.55013, 17.03352],
			"rotation": {"angle": -45, "axis": "x", "origin": [7.99078, 18.67249, 9.29553]},
			"faces": {
				"north": {"uv": [4.25, 3.875, 4.625, 3.75], "texture": "#1"},
				"east": {"uv": [2.75, 2.625, 4.875, 2.5], "texture": "#1"},
				"south": {"uv": [4.375, 3.625, 4.75, 3.5], "texture": "#1"},
				"west": {"uv": [2.75, 2.75, 4.875, 2.625], "texture": "#1"},
				"up": {"uv": [1.625, 3.75, 2, 1.625], "texture": "#1"},
				"down": {"uv": [1.25, 3.375, 1.625, 1.25], "texture": "#1"}
			}
		}
	],
	"display": {
		"thirdperson_righthand": {
			"rotation": [0, -10.75, -2.25],
			"translation": [-1.25, -4.25, 0]
		},
		"thirdperson_lefthand": {
			"rotation": [0, -10.75, -2.25],
			"translation": [-1.25, -4.25, 0]
		},
		"firstperson_righthand": {
			"translation": [0, 2.5, -6.75]
		},
		"firstperson_lefthand": {
			"translation": [0, 2.5, -6.75]
		},
		"ground": {
			"rotation": [-41.25, 0, 0],
			"translation": [0, 4.25, 0]
		},
		"gui": {
			"rotation": [16.75, 133.75, -52.25],
			"translation": [-1.25, -2, 0],
			"scale": [0.5, 0.5, 0.5]
		},
		"fixed": {
			"rotation": [0, 90, 0],
			"translation": [-3.25, 0, -1.75]
		}
	}
}