{
	"credit": "Made with Blockbench",
	"texture_size": [64, 64],
	"textures": {
		"0": "new/5",
		"particle": "new/5"
	},
	"elements": [
		{
			"from": [6, 4.375, 4.875],
			"to": [10, 8.875, 8.125],
			"rotation": {"angle": 0, "axis": "y", "origin": [8.00153, 6.62763, 6.49585]},
			"faces": {
				"north": {"uv": [0, 0, 2, 2.25], "texture": "#0"},
				"east": {"uv": [0, 2.25, 1.75, 4.5], "texture": "#0"},
				"south": {"uv": [2, 2, 4, 4.25], "texture": "#0"},
				"west": {"uv": [4, 4, 5.75, 6.25], "texture": "#0"},
				"up": {"uv": [2, 0, 4, 1.75], "texture": "#0"},
				"down": {"uv": [4, 0, 6, 1.75], "texture": "#0"}
			}
		},
		{
			"from": [9.25, 8.875, 4.875],
			"to": [10, 12.375, 8.125],
			"rotation": {"angle": 0, "axis": "y", "origin": [8.00153, 6.62763, 6.49585]},
			"faces": {
				"north": {"uv": [3.5, 4.25, 4, 6], "texture": "#0"},
				"east": {"uv": [4, 1.75, 5.75, 3.5], "texture": "#0"},
				"south": {"uv": [3, 7.75, 3.5, 9.5], "texture": "#0"},
				"west": {"uv": [1.75, 4.25, 3.5, 6], "texture": "#0"},
				"up": {"uv": [3.5, 7.75, 4, 9.5], "texture": "#0"},
				"down": {"uv": [4, 7.75, 4.5, 9.5], "texture": "#0"}
			}
		},
		{
			"from": [6.75, 11.625, 4.875],
			"to": [9.25, 12.875, 8.125],
			"rotation": {"angle": 0, "axis": "y", "origin": [8.00153, 6.62763, 6.49585]},
			"faces": {
				"north": {"uv": [7.5, 6, 8.75, 6.75], "texture": "#0"},
				"east": {"uv": [5.75, 4.75, 7.5, 5.5], "texture": "#0"},
				"south": {"uv": [7.5, 6.75, 8.75, 7.5], "texture": "#0"},
				"west": {"uv": [7.25, 1.5, 9, 2.25], "texture": "#0"},
				"up": {"uv": [1.75, 6, 3, 7.75], "texture": "#0"},
				"down": {"uv": [6, 0, 7.25, 1.75], "texture": "#0"}
			}
		},
		{
			"from": [7, 12.375, 5.375],
			"to": [9, 13.375, 7.625],
			"rotation": {"angle": 0, "axis": "y", "origin": [8.00153, 6.37763, 6.49585]},
			"faces": {
				"north": {"uv": [9.5, 8.75, 10.5, 9.25], "texture": "#0"},
				"east": {"uv": [4, 3.5, 5.25, 4], "texture": "#0"},
				"south": {"uv": [5.75, 9.75, 6.75, 10.25], "texture": "#0"},
				"west": {"uv": [8.75, 8.25, 10, 8.75], "texture": "#0"},
				"up": {"uv": [7.25, 2.25, 8.25, 3.5], "texture": "#0"},
				"down": {"uv": [7.25, 3.5, 8.25, 4.75], "texture": "#0"}
			}
		},
		{
			"from": [7.75, 13.375, 6.25],
			"to": [8.25, 15.125, 6.75],
			"rotation": {"angle": 0, "axis": "y", "origin": [8.00153, 6.37763, 6.49585]},
			"faces": {
				"north": {"uv": [1.75, 2.25, 2, 3.25], "texture": "#0"},
				"east": {"uv": [1.75, 3.25, 2, 4.25], "texture": "#0"},
				"south": {"uv": [5.5, 6.25, 5.75, 7.25], "texture": "#0"},
				"west": {"uv": [9.25, 9.75, 9.5, 10.75], "texture": "#0"},
				"up": {"uv": [2, 1.75, 2.25, 2], "texture": "#0"},
				"down": {"uv": [2.25, 1.75, 2.5, 2], "texture": "#0"}
			}
		},
		{
			"from": [6.75, 8.875, 5.375],
			"to": [9.25, 11.625, 8.125],
			"rotation": {"angle": 0, "axis": "y", "origin": [8.00153, 6.62763, 6.49585]},
			"faces": {
				"north": {"uv": [0, 6.25, 1.25, 7.75], "texture": "#0"},
				"east": {"uv": [5.75, 1.75, 7.25, 3.25], "texture": "#0"},
				"south": {"uv": [3, 6.25, 4.25, 7.75], "texture": "#0"},
				"west": {"uv": [5.75, 3.25, 7.25, 4.75], "texture": "#0"},
				"up": {"uv": [4.25, 6.25, 5.5, 7.75], "texture": "#0"},
				"down": {"uv": [7.25, 0, 8.5, 1.5], "texture": "#0"}
			}
		},
		{
			"from": [6, 8.875, 4.875],
			"to": [6.75, 12.375, 8.125],
			"rotation": {"angle": 0, "axis": "y", "origin": [8.00153, 6.62763, 6.49585]},
			"faces": {
				"north": {"uv": [4.5, 7.75, 5, 9.5], "texture": "#0"},
				"east": {"uv": [0, 4.5, 1.75, 6.25], "texture": "#0"},
				"south": {"uv": [5, 7.75, 5.5, 9.5], "texture": "#0"},
				"west": {"uv": [5.75, 5.75, 7.5, 7.5], "texture": "#0"},
				"up": {"uv": [7.75, 7.75, 8.25, 9.5], "texture": "#0"},
				"down": {"uv": [8.25, 8.25, 8.75, 10], "texture": "#0"}
			}
		},
		{
			"from": [11.12629, 5.38986, 6.15234],
			"to": [12.62629, 6.13986, 7.15234],
			"rotation": {"angle": -45, "axis": "z", "origin": [10.87565, 7.25743, 6.61694]},
			"faces": {
				"north": {"uv": [9.75, 1.75, 10.5, 2.25], "texture": "#0"},
				"east": {"uv": [8.25, 5.25, 8.75, 5.75], "texture": "#0"},
				"south": {"uv": [9.75, 2.25, 10.5, 2.75], "texture": "#0"},
				"west": {"uv": [8.25, 7.5, 8.75, 8], "texture": "#0"},
				"up": {"uv": [9.75, 2.75, 10.5, 3.25], "texture": "#0"},
				"down": {"uv": [9.75, 3.25, 10.5, 3.75], "texture": "#0"}
			}
		},
		{
			"from": [11.12629, 6.13986, 6.15234],
			"to": [12.12629, 8.13986, 7.15234],
			"rotation": {"angle": -45, "axis": "z", "origin": [10.87565, 7.25743, 6.61694]},
			"faces": {
				"north": {"uv": [1.25, 6.25, 1.75, 7.25], "texture": "#0"},
				"east": {"uv": [7.75, 9.5, 8.25, 10.5], "texture": "#0"},
				"south": {"uv": [9.5, 7.25, 10, 8.25], "texture": "#0"},
				"west": {"uv": [5.25, 9.75, 5.75, 10.75], "texture": "#0"},
				"up": {"uv": [5.25, 3.5, 5.75, 4], "texture": "#0"},
				"down": {"uv": [1.25, 7.25, 1.75, 7.75], "texture": "#0"}
			}
		},
		{
			"from": [10.375, 6.875, 5.875],
			"to": [11.875, 9.375, 7.375],
			"rotation": {"angle": 45, "axis": "z", "origin": [10.87565, 7.25743, 6.61694]},
			"faces": {
				"north": {"uv": [5.5, 7.5, 6.25, 8.75], "texture": "#0"},
				"east": {"uv": [6.25, 7.5, 7, 8.75], "texture": "#0"},
				"south": {"uv": [1.5, 9, 2.25, 7.75], "rotation": 180, "texture": "#0"},
				"west": {"uv": [7.5, 4.75, 8.25, 6], "texture": "#0"},
				"up": {"uv": [9.25, 0, 10, 0.75], "texture": "#0"},
				"down": {"uv": [3, 9.5, 3.75, 10.25], "texture": "#0"}
			}
		},
		{
			"from": [3.69011, 5.63986, 6.15234],
			"to": [5.19011, 6.38986, 7.15234],
			"rotation": {"angle": -22.5, "axis": "z", "origin": [5.12435, 8.00743, 6.61694]},
			"faces": {
				"north": {"uv": [9.75, 3.75, 10.5, 4.25], "texture": "#0"},
				"east": {"uv": [8.5, 1, 9, 1.5], "texture": "#0"},
				"south": {"uv": [9.75, 4.25, 10.5, 4.75], "texture": "#0"},
				"west": {"uv": [1.5, 10, 2, 10.5], "texture": "#0"},
				"up": {"uv": [0, 10, 0.75, 10.5], "texture": "#0"},
				"down": {"uv": [0.75, 10, 1.5, 10.5], "texture": "#0"}
			}
		},
		{
			"from": [4.19011, 6.38986, 6.15234],
			"to": [5.19011, 8.38986, 7.15234],
			"rotation": {"angle": -22.5, "axis": "z", "origin": [5.12435, 8.00743, 6.61694]},
			"faces": {
				"north": {"uv": [6.75, 9.75, 7.25, 10.75], "texture": "#0"},
				"east": {"uv": [7.25, 9.75, 7.75, 10.75], "texture": "#0"},
				"south": {"uv": [8.75, 9.75, 9.25, 10.75], "texture": "#0"},
				"west": {"uv": [9.75, 0.75, 10.25, 1.75], "texture": "#0"},
				"up": {"uv": [2, 10, 2.5, 10.5], "texture": "#0"},
				"down": {"uv": [2.5, 10, 3, 10.5], "texture": "#0"}
			}
		},
		{
			"from": [4.74192, 7.50679, 5.875],
			"to": [7.24192, 9.00679, 7.375],
			"rotation": {"angle": 22.5, "axis": "z", "origin": [5.12435, 8.00743, 6.61694]},
			"faces": {
				"north": {"uv": [0, 7.75, 0.75, 9], "rotation": 270, "texture": "#0"},
				"east": {"uv": [3.75, 9.5, 4.5, 10.25], "rotation": 90, "texture": "#0"},
				"south": {"uv": [1.5, 7.75, 2.25, 9], "rotation": 90, "texture": "#0"},
				"west": {"uv": [4.5, 9.5, 5.25, 10.25], "rotation": 90, "texture": "#0"},
				"up": {"uv": [2.25, 7.75, 3, 9], "rotation": 90, "texture": "#0"},
				"down": {"uv": [0.75, 7.75, 1.5, 9], "rotation": 90, "texture": "#0"}
			}
		},
		{
			"from": [6.125, 4.2174, 3.36493],
			"to": [7.625, 5.7174, 5.36493],
			"rotation": {"angle": -45, "axis": "x", "origin": [6.88417, 5.22702, 5.86538]},
			"faces": {
				"north": {"uv": [9, 4.25, 9.75, 5], "rotation": 180, "texture": "#0"},
				"east": {"uv": [6.25, 8.75, 7, 9.75], "rotation": 270, "texture": "#0"},
				"south": {"uv": [9, 3.5, 9.75, 4.25], "texture": "#0"},
				"west": {"uv": [8.75, 8.75, 9.5, 9.75], "rotation": 90, "texture": "#0"},
				"up": {"uv": [5.5, 8.75, 6.25, 9.75], "rotation": 180, "texture": "#0"},
				"down": {"uv": [7, 8.75, 7.75, 9.75], "texture": "#0"}
			}
		},
		{
			"from": [7.29883, 3.96785, 3.71079],
			"to": [9.29883, 5.46785, 5.21079],
			"rotation": {"angle": -45, "axis": "z", "origin": [5.88417, 4.72702, 5.86538]},
			"faces": {
				"north": {"uv": [0.75, 9, 1.5, 10], "rotation": 90, "texture": "#0"},
				"east": {"uv": [9.5, 6.5, 10.25, 7.25], "rotation": 270, "texture": "#0"},
				"south": {"uv": [2.25, 9, 3, 10], "rotation": 270, "texture": "#0"},
				"west": {"uv": [9.5, 5.75, 10.25, 6.5], "rotation": 270, "texture": "#0"},
				"up": {"uv": [1.5, 9, 2.25, 10], "rotation": 270, "texture": "#0"},
				"down": {"uv": [9, 1, 9.75, 2], "rotation": 270, "texture": "#0"}
			}
		},
		{
			"from": [8.375, 3.375, 5.125],
			"to": [9.875, 5.375, 6.625],
			"rotation": {"angle": 22.5, "axis": "x", "origin": [9.13241, 5.37938, 5.86321]},
			"faces": {
				"north": {"uv": [8.25, 2.25, 9, 3.25], "texture": "#0"},
				"east": {"uv": [8.25, 3.25, 9, 4.25], "texture": "#0"},
				"south": {"uv": [8.25, 4.25, 9, 5.25], "texture": "#0"},
				"west": {"uv": [8.5, 0, 9.25, 1], "texture": "#0"},
				"up": {"uv": [9, 2, 9.75, 2.75], "texture": "#0"},
				"down": {"uv": [9, 2.75, 9.75, 3.5], "texture": "#0"}
			}
		},
		{
			"from": [8.375, 1.875, 4.375],
			"to": [9.875, 3.875, 5.875],
			"rotation": {"angle": 0, "axis": "x", "origin": [9.13241, 5.87938, 5.11321]},
			"faces": {
				"north": {"uv": [8.75, 5.25, 9.5, 6.25], "texture": "#0"},
				"east": {"uv": [8.75, 6.25, 9.5, 7.25], "texture": "#0"},
				"south": {"uv": [8.75, 7.25, 9.5, 8.25], "texture": "#0"},
				"west": {"uv": [0, 9, 0.75, 10], "texture": "#0"},
				"up": {"uv": [9.5, 9.5, 10.25, 10.25], "texture": "#0"},
				"down": {"uv": [9.5, 5, 10.25, 5.75], "texture": "#0"}
			}
		}
	],
	"display": {
		"gui": {
			"rotation": [0, -180, 0]
		},
		"head": {
			"rotation": [0, 0, 45],
			"translation": [0, -27, 3.5],
			"scale": [4, 4, 4]
		}
	},
	"groups": [0, 1, 2, 3, 4, 5, 6,
		{
			"name": "group",
			"origin": [10.87565, 6.25743, 6.61694],
			"children": [7, 8, 9]
		},
		{
			"name": "group",
			"origin": [10.87565, 6.25743, 6.61694],
			"children": [
				{
					"name": "group",
					"origin": [5.12435, 7.25743, 6.61694],
					"children": [10, 11]
				}, 12]
		},
		{
			"name": "group",
			"origin": [8.375, 16.875, 8.875],
			"children": [13, 14]
		},
		{
			"name": "e",
			"origin": [8.375, 16.875, 8.875],
			"children": [15, 16]
		}
	]
}