{
	"credit": "Made with Blockbench",
	"texture_size": [64, 64],
	"textures": {
		"0": "new/wand",
		"particle": "new/wand"
	},
	"elements": [
		{
			"from": [7.25, 0.125, 7.25],
			"to": [8.75, 4.375, 8.75],
			"rotation": {"angle": 0, "axis": "y", "origin": [15.75, 8.125, 15.75]},
			"faces": {
				"north": {"uv": [3, 6, 3.75, 8.25], "texture": "#0"},
				"east": {"uv": [3.75, 7, 4.5, 9.25], "texture": "#0"},
				"south": {"uv": [4.5, 7, 5.25, 9.25], "texture": "#0"},
				"west": {"uv": [5.25, 7, 6, 9.25], "texture": "#0"},
				"up": {"uv": [8.5, 4.5, 9.25, 5.25], "texture": "#0"},
				"down": {"uv": [7.75, 11.75, 8.5, 12.5], "texture": "#0"}
			}
		},
		{
			"from": [7, 2.875, 7],
			"to": [9, 4.625, 9],
			"rotation": {"angle": 0, "axis": "y", "origin": [15.75, 8.375, 15.75]},
			"faces": {
				"north": {"uv": [7.5, 9.5, 8.5, 10.5], "texture": "#0"},
				"east": {"uv": [9.5, 8, 10.5, 9], "texture": "#0"},
				"south": {"uv": [8.5, 9.75, 9.5, 10.75], "texture": "#0"},
				"west": {"uv": [9.75, 3, 10.75, 4], "texture": "#0"},
				"up": {"uv": [9.75, 6.5, 10.75, 7.5], "texture": "#0"},
				"down": {"uv": [1.25, 10, 2.25, 11], "texture": "#0"}
			}
		},
		{
			"from": [7, 3.625, 6.625],
			"to": [9, 5.125, 9.375],
			"rotation": {"angle": 0, "axis": "y", "origin": [15.75, 8.125, 16.125]},
			"faces": {
				"north": {"uv": [7.5, 9.5, 8.5, 10.5], "texture": "#0"},
				"east": {"uv": [9.5, 8, 10.5, 9], "texture": "#0"},
				"south": {"uv": [8.5, 9.75, 9.5, 10.75], "texture": "#0"},
				"west": {"uv": [9.75, 3, 10.75, 4], "texture": "#0"},
				"up": {"uv": [9.75, 6.5, 10.75, 7.5], "texture": "#0"},
				"down": {"uv": [1.25, 10, 2.25, 11], "texture": "#0"}
			}
		},
		{
			"from": [6.625, 3.625, 7],
			"to": [9.375, 5.125, 9],
			"rotation": {"angle": 0, "axis": "y", "origin": [15.625, 8.125, 15.75]},
			"faces": {
				"north": {"uv": [7.5, 9.5, 8.5, 10.5], "texture": "#0"},
				"east": {"uv": [9.5, 8, 10.5, 9], "texture": "#0"},
				"south": {"uv": [8.5, 9.75, 9.5, 10.75], "texture": "#0"},
				"west": {"uv": [9.75, 3, 10.75, 4], "texture": "#0"},
				"up": {"uv": [9.75, 6.5, 10.75, 7.5], "texture": "#0"},
				"down": {"uv": [1.25, 10, 2.25, 11], "texture": "#0"}
			}
		},
		{
			"from": [6, 4.38281, 6.5],
			"to": [10, 5.375, 9.5],
			"rotation": {"angle": 0, "axis": "y", "origin": [16, 12.375, 16]},
			"faces": {
				"north": {"uv": [0, 5.5, 1.75, 6], "texture": "#0"},
				"east": {"uv": [11.25, 8.25, 12.5, 8.75], "texture": "#0"},
				"south": {"uv": [10.5, 6, 12.25, 6.5], "texture": "#0"},
				"west": {"uv": [11.5, 10.25, 12.75, 10.75], "texture": "#0"},
				"up": {"uv": [2, 4.75, 3.75, 6], "texture": "#0"},
				"down": {"uv": [5, 2.5, 6.75, 3.75], "texture": "#0"}
			}
		},
		{
			"from": [6.5, 4.38281, 6],
			"to": [9.5, 5.38281, 10],
			"rotation": {"angle": 0, "axis": "y", "origin": [16, 12.38281, 16]},
			"faces": {
				"north": {"uv": [11.5, 10.75, 12.75, 11.25], "texture": "#0"},
				"east": {"uv": [10.75, 3, 12.5, 3.5], "texture": "#0"},
				"south": {"uv": [11.75, 11.75, 13, 12.25], "texture": "#0"},
				"west": {"uv": [10.75, 3.5, 12.5, 4], "texture": "#0"},
				"up": {"uv": [3.75, 5.25, 5, 7], "texture": "#0"},
				"down": {"uv": [5, 5.25, 6.25, 7], "texture": "#0"}
			}
		},
		{
			"from": [3.25, 5.625, 6.99023],
			"to": [8.25, 7.125, 9.00977],
			"rotation": {"angle": -45, "axis": "z", "origin": [6.75371, 6.12501, 8.12324]},
			"faces": {
				"north": {"uv": [6, 3.75, 8.5, 4.5], "texture": "#0"},
				"east": {"uv": [8.5, 10.75, 9.5, 11.5], "texture": "#0"},
				"south": {"uv": [6, 3.75, 8.5, 4.5], "texture": "#0"},
				"west": {"uv": [10.75, 6.5, 11.75, 7.25], "texture": "#0"},
				"up": {"uv": [0, 0, 2.5, 1], "texture": "#0"},
				"down": {"uv": [5, 2.5, 2.5, 3.5], "texture": "#0"}
			}
		},
		{
			"from": [4.13295, 8.305, 7],
			"to": [5.38295, 10.805, 9],
			"rotation": {"angle": -22.5, "axis": "z", "origin": [3.88666, 8.80501, 8.12128]},
			"faces": {
				"north": {"uv": [10.25, 10.5, 9.5, 11.75], "texture": "#0"},
				"east": {"uv": [8, 1, 9, 2.25], "texture": "#0"},
				"south": {"uv": [9.5, 10.5, 10.25, 11.75], "texture": "#0"},
				"west": {"uv": [8, 2.25, 9, 3.5], "texture": "#0"},
				"up": {"uv": [10.75, 9.5, 11.5, 10.5], "texture": "#0"},
				"down": {"uv": [1, 11, 1.75, 12], "texture": "#0"}
			}
		},
		{
			"from": [10.61705, 8.305, 7],
			"to": [11.86705, 10.805, 9],
			"rotation": {"angle": 22.5, "axis": "z", "origin": [12.11334, 8.80501, 8.12128]},
			"faces": {
				"north": {"uv": [9.5, 10.5, 10.25, 11.75], "texture": "#0"},
				"east": {"uv": [9, 2.25, 8, 3.5], "texture": "#0"},
				"south": {"uv": [10.25, 10.5, 9.5, 11.75], "texture": "#0"},
				"west": {"uv": [9, 1, 8, 2.25], "texture": "#0"},
				"up": {"uv": [11.5, 9.5, 10.75, 10.5], "texture": "#0"},
				"down": {"uv": [1.75, 11, 1, 12], "texture": "#0"}
			}
		},
		{
			"from": [8.24787, 8.33513, 7.00084],
			"to": [9.49787, 10.08513, 9.00084],
			"rotation": {"angle": 45, "axis": "z", "origin": [8.00158, 8.08514, 8.12212]},
			"faces": {
				"north": {"uv": [4.25, 11.25, 5, 12.25], "texture": "#0"},
				"east": {"uv": [0, 10.25, 1, 11.25], "texture": "#0"},
				"south": {"uv": [5, 11.25, 5.75, 12.25], "texture": "#0"},
				"west": {"uv": [3.75, 10.25, 4.75, 11.25], "texture": "#0"},
				"up": {"uv": [10.25, 11.25, 11, 12.25], "texture": "#0"},
				"down": {"uv": [11, 11.25, 11.75, 12.25], "texture": "#0"}
			}
		},
		{
			"from": [8.36242, 9.30783, 7.00977],
			"to": [11.12023, 10.55783, 8.99023],
			"rotation": {"angle": 0, "axis": "z", "origin": [10.62022, 10.80412, 8.13105]},
			"faces": {
				"north": {"uv": [11.5, 10.5, 10.25, 11.25], "texture": "#0"},
				"east": {"uv": [4.25, 11.25, 3.25, 12], "texture": "#0"},
				"south": {"uv": [11.75, 4, 10.5, 4.75], "texture": "#0"},
				"west": {"uv": [1, 11.25, 0, 12], "texture": "#0"},
				"up": {"uv": [7.25, 8.25, 6, 9.25], "texture": "#0"},
				"down": {"uv": [8.5, 8.5, 7.25, 9.5], "texture": "#0"}
			}
		},
		{
			"from": [7.75, 5.625, 6.98828],
			"to": [12.75, 7.125, 9.01172],
			"rotation": {"angle": 45, "axis": "z", "origin": [9.24629, 6.12501, 8.10957]},
			"faces": {
				"north": {"uv": [6, 3.75, 8.5, 4.5], "texture": "#0"},
				"east": {"uv": [11.25, 0.75, 12.25, 1.5], "texture": "#0"},
				"south": {"uv": [6.25, 6.25, 8.75, 7], "texture": "#0"},
				"west": {"uv": [11.25, 1.5, 12.25, 2.25], "texture": "#0"},
				"up": {"uv": [0, 2, 2.5, 3], "texture": "#0"},
				"down": {"uv": [2.5, 2.5, 5, 3.5], "texture": "#0"}
			}
		},
		{
			"from": [8.24842, 8.33231, 6.99997],
			"to": [9.99842, 9.58231, 8.99997],
			"rotation": {"angle": 45, "axis": "z", "origin": [7.99843, 8.08602, 8.12126]},
			"faces": {
				"north": {"uv": [11.25, 2.25, 12.25, 3], "texture": "#0"},
				"east": {"uv": [1.75, 11.5, 2.75, 12.25], "texture": "#0"},
				"south": {"uv": [5.75, 11.5, 6.75, 12.25], "texture": "#0"},
				"west": {"uv": [6.75, 11.5, 7.75, 12.25], "texture": "#0"},
				"up": {"uv": [4.75, 10.25, 5.75, 11.25], "texture": "#0"},
				"down": {"uv": [10.25, 1, 11.25, 2], "texture": "#0"}
			}
		},
		{
			"from": [4.87977, 9.30783, 7.00977],
			"to": [7.63758, 10.55783, 8.99023],
			"rotation": {"angle": 0, "axis": "z", "origin": [5.37978, 10.80412, 8.13105]},
			"faces": {
				"north": {"uv": [10.25, 10.5, 11.5, 11.25], "texture": "#0"},
				"east": {"uv": [0, 11.25, 1, 12], "texture": "#0"},
				"south": {"uv": [10.5, 4, 11.75, 4.75], "texture": "#0"},
				"west": {"uv": [3.25, 11.25, 4.25, 12], "texture": "#0"},
				"up": {"uv": [6, 8.25, 7.25, 9.25], "texture": "#0"},
				"down": {"uv": [7.25, 8.5, 8.5, 9.5], "texture": "#0"}
			}
		},
		{
			"from": [0.63295, 9.68391, 6.75],
			"to": [4.38295, 11.93391, 9.25],
			"rotation": {"angle": -45, "axis": "z", "origin": [2.63666, 9.93392, 8.62128]},
			"faces": {
				"north": {"uv": [2, 4.25, 0, 5.5], "texture": "#0"},
				"east": {"uv": [7.25, 7.25, 8.5, 8.5], "texture": "#0"},
				"south": {"uv": [0, 4.25, 2, 5.5], "texture": "#0"},
				"west": {"uv": [0, 8, 1.25, 9.25], "texture": "#0"},
				"up": {"uv": [4.5, 0, 6.5, 1.25], "texture": "#0"},
				"down": {"uv": [4.5, 1.25, 6.5, 2.5], "texture": "#0"}
			}
		},
		{
			"from": [11.61705, 9.68391, 6.75],
			"to": [15.36705, 11.93391, 9.25],
			"rotation": {"angle": 45, "axis": "z", "origin": [13.36334, 9.93392, 8.62128]},
			"faces": {
				"north": {"uv": [0, 4.25, 2, 5.5], "texture": "#0"},
				"east": {"uv": [1.25, 8, 0, 9.25], "texture": "#0"},
				"south": {"uv": [2, 4.25, 0, 5.5], "texture": "#0"},
				"west": {"uv": [8.5, 7.25, 7.25, 8.5], "texture": "#0"},
				"up": {"uv": [6.5, 0, 4.5, 1.25], "texture": "#0"},
				"down": {"uv": [6.5, 1.25, 4.5, 2.5], "texture": "#0"}
			}
		},
		{
			"from": [1.63295, 7.93391, 6.875],
			"to": [4.38295, 9.93391, 9.125],
			"rotation": {"angle": 0, "axis": "z", "origin": [2.88666, 8.18392, 8.74628]},
			"faces": {
				"north": {"uv": [9.5, 0, 8, 1], "texture": "#0"},
				"east": {"uv": [9.25, 4.5, 10.5, 5.5], "texture": "#0"},
				"south": {"uv": [8, 0, 9.5, 1], "texture": "#0"},
				"west": {"uv": [9.25, 5.5, 10.5, 6.5], "texture": "#0"},
				"up": {"uv": [0, 6.75, 1.5, 8], "texture": "#0"},
				"down": {"uv": [1.5, 6.75, 3, 8], "texture": "#0"}
			}
		},
		{
			"from": [11.61705, 7.93391, 6.875],
			"to": [14.36705, 9.93391, 9.125],
			"rotation": {"angle": 0, "axis": "z", "origin": [13.11334, 8.18392, 8.74628]},
			"faces": {
				"north": {"uv": [8, 0, 9.5, 1], "texture": "#0"},
				"east": {"uv": [10.5, 5.5, 9.25, 6.5], "texture": "#0"},
				"south": {"uv": [9.5, 0, 8, 1], "texture": "#0"},
				"west": {"uv": [10.5, 4.5, 9.25, 5.5], "texture": "#0"},
				"up": {"uv": [1.5, 6.75, 0, 8], "texture": "#0"},
				"down": {"uv": [3, 6.75, 1.5, 8], "texture": "#0"}
			}
		},
		{
			"from": [2.88295, 6.68391, 6.95703],
			"to": [5.13295, 8.43391, 9.04297],
			"rotation": {"angle": 45, "axis": "z", "origin": [3.63666, 7.18392, 9.07832]},
			"faces": {
				"north": {"uv": [7.5, 9.5, 6.25, 10.5], "texture": "#0"},
				"east": {"uv": [5.75, 10.5, 6.75, 11.5], "texture": "#0"},
				"south": {"uv": [6.25, 9.5, 7.5, 10.5], "texture": "#0"},
				"west": {"uv": [6.75, 10.5, 7.75, 11.5], "texture": "#0"},
				"up": {"uv": [9.5, 9.5, 10.75, 10.5], "texture": "#0"},
				"down": {"uv": [9.5, 0, 10.75, 1], "texture": "#0"}
			}
		},
		{
			"from": [10.86705, 6.68391, 6.95703],
			"to": [13.11705, 8.43391, 9.04297],
			"rotation": {"angle": -45, "axis": "z", "origin": [12.36334, 7.18392, 9.07832]},
			"faces": {
				"north": {"uv": [6.25, 9.5, 7.5, 10.5], "texture": "#0"},
				"east": {"uv": [7.75, 10.5, 6.75, 11.5], "texture": "#0"},
				"south": {"uv": [7.5, 9.5, 6.25, 10.5], "texture": "#0"},
				"west": {"uv": [6.75, 10.5, 5.75, 11.5], "texture": "#0"},
				"up": {"uv": [10.75, 9.5, 9.5, 10.5], "texture": "#0"},
				"down": {"uv": [10.75, 0, 9.5, 1], "texture": "#0"}
			}
		}
	],
	"display": {
		"thirdperson_righthand": {
			"translation": [0, 5.5, 1.25]
		},
		"thirdperson_lefthand": {
			"translation": [0, 5.5, 1.25]
		},
		"firstperson_righthand": {
			"rotation": [0, -68.75, 0],
			"translation": [0, 7, 0]
		},
		"firstperson_lefthand": {
			"rotation": [0, -68.75, 0],
			"translation": [0, 7, 0]
		},
		"ground": {
			"translation": [0, 7, 0]
		},
		"gui": {
			"translation": [0, 1, 0]
		},
		"head": {
			"translation": [0, 14.25, 0]
		},
		"fixed": {
			"translation": [0, 2.25, 0],
			"scale": [1.3, 1.3, 1.3]
		}
	},
	"groups": [0, 1, 2, 3, 4, 5,
		{
			"name": "group",
			"origin": [5.12978, 10.80412, 8.12169],
			"children": [6, 7, 8, 9, 10]
		},
		{
			"name": "group",
			"origin": [5.12978, 10.80412, 8.12169],
			"children": [11, 12, 13]
		},
		{
			"name": "group",
			"origin": [3.63666, 7.05501, 8.49628],
			"children": []
		},
		{
			"name": "group",
			"origin": [3.63666, 7.05501, 8.49628],
			"children": [14, 15, 16, 17, 18, 19]
		}
	]
}