{
	"credit": "Made with Blockbench",
	"texture_size": [128, 128],
	"textures": {
		"0": "new/23",
		"particle": "new/23"
	},
	"elements": [
		{
			"from": [1.625, 0, 5.5],
			"to": [14.375, 6.5, 10.5],
			"rotation": {"angle": 0, "axis": "y", "origin": [6.875, 15.875, 16.25]},
			"faces": {
				"north": {"uv": [0, 0, 3.25, 1.625], "texture": "#0"},
				"east": {"uv": [3.25, 0, 4.5, 1.625], "texture": "#0"},
				"south": {"uv": [0, 1.625, 3.25, 3.25], "texture": "#0"},
				"west": {"uv": [3.25, 1.625, 4.5, 3.25], "texture": "#0"},
				"up": {"uv": [0, 3.25, 3.25, 4.5], "texture": "#0"},
				"down": {"uv": [3.25, 3.25, 6.5, 4.5], "texture": "#0"}
			}
		},
		{
			"from": [3.375, 6, 5.25],
			"to": [12.625, 6.75, 6],
			"rotation": {"angle": 0, "axis": "y", "origin": [6.375, 15.875, 16.25]},
			"faces": {
				"north": {"uv": [4.5, 3, 6.875, 3.25], "texture": "#0"},
				"east": {"uv": [4.5, 5.75, 4.625, 6], "texture": "#0"},
				"south": {"uv": [4.75, 4.5, 7.125, 4.75], "texture": "#0"},
				"west": {"uv": [4.625, 5.75, 4.75, 6], "texture": "#0"},
				"up": {"uv": [5.75, 1.875, 8.125, 2], "texture": "#0"},
				"down": {"uv": [5.75, 2, 8.125, 2.125], "texture": "#0"}
			}
		},
		{
			"from": [9.125, 1.25, 4.75],
			"to": [13.375, 5.5, 9.75],
			"rotation": {"angle": 0, "axis": "y", "origin": [6.875, 15.875, 16.25]},
			"faces": {
				"north": {"uv": [1.125, 5.625, 2.25, 6.75], "texture": "#0"},
				"east": {"uv": [0, 4.5, 1.25, 5.625], "texture": "#0"},
				"south": {"uv": [2.25, 5.75, 3.375, 6.875], "texture": "#0"},
				"west": {"uv": [1.25, 4.5, 2.5, 5.625], "texture": "#0"},
				"up": {"uv": [2.5, 4.5, 3.625, 5.75], "texture": "#0"},
				"down": {"uv": [3.625, 4.5, 4.75, 5.75], "texture": "#0"}
			}
		},
		{
			"from": [2.625, 1.25, 4.75],
			"to": [6.875, 5.5, 9.75],
			"rotation": {"angle": 0, "axis": "y", "origin": [9.125, 15.875, 16.25]},
			"faces": {
				"north": {"uv": [2.25, 5.625, 1.125, 6.75], "texture": "#0"},
				"east": {"uv": [2.5, 4.5, 1.25, 5.625], "texture": "#0"},
				"south": {"uv": [3.375, 5.75, 2.25, 6.875], "texture": "#0"},
				"west": {"uv": [1.25, 4.5, 0, 5.625], "texture": "#0"},
				"up": {"uv": [3.625, 4.5, 2.5, 5.75], "texture": "#0"},
				"down": {"uv": [4.75, 4.5, 3.625, 5.75], "texture": "#0"}
			}
		},
		{
			"from": [2.33984, 9, 7.23633],
			"to": [13.66016, 10.25, 8.76367],
			"rotation": {"angle": 0, "axis": "y", "origin": [6.63281, 15.875, 15.26367]},
			"faces": {
				"north": {"uv": [4.5, 2.25, 7.375, 2.625], "texture": "#0"},
				"east": {"uv": [6.625, 6.25, 7, 6.625], "texture": "#0"},
				"south": {"uv": [4.5, 2.625, 7.375, 3], "texture": "#0"},
				"west": {"uv": [1.125, 6.75, 1.5, 7.125], "texture": "#0"},
				"up": {"uv": [5.75, 1.125, 8.625, 1.5], "texture": "#0"},
				"down": {"uv": [5.75, 1.5, 8.625, 1.875], "texture": "#0"}
			}
		},
		{
			"from": [12.625, 6.25, 7.25],
			"to": [13.875, 9.5, 8.75],
			"rotation": {"angle": 0, "axis": "y", "origin": [8, 7.5, 6.25]},
			"faces": {
				"north": {"uv": [5.875, 5.875, 6.25, 6.75], "texture": "#0"},
				"east": {"uv": [5.875, 4.75, 6.25, 5.625], "texture": "#0"},
				"south": {"uv": [4.5, 6, 4.875, 6.875], "texture": "#0"},
				"west": {"uv": [4.875, 6, 5.25, 6.875], "texture": "#0"},
				"up": {"uv": [1.5, 6.75, 1.875, 7.125], "texture": "#0"},
				"down": {"uv": [1.875, 6.75, 2.25, 7.125], "texture": "#0"}
			}
		},
		{
			"from": [4.55469, 6.25, 7.25],
			"to": [7.05469, 7.5, 8.75],
			"rotation": {"angle": 0, "axis": "y", "origin": [8, 7.5, 6.25]},
			"faces": {
				"north": {"uv": [6.625, 4.75, 7.25, 5.125], "texture": "#0"},
				"east": {"uv": [0.75, 6.875, 1.125, 7.25], "texture": "#0"},
				"south": {"uv": [6.625, 5.125, 7.25, 5.5], "texture": "#0"},
				"west": {"uv": [2.25, 6.875, 2.625, 7.25], "texture": "#0"},
				"up": {"uv": [6.625, 5.5, 7.25, 5.875], "texture": "#0"},
				"down": {"uv": [6.625, 5.875, 7.25, 6.25], "texture": "#0"}
			}
		},
		{
			"from": [8.94531, 6.25, 7.25],
			"to": [11.44531, 7.5, 8.75],
			"rotation": {"angle": 0, "axis": "y", "origin": [8, 7.5, 6.25]},
			"faces": {
				"north": {"uv": [7.25, 4.75, 6.625, 5.125], "texture": "#0"},
				"east": {"uv": [2.625, 6.875, 2.25, 7.25], "texture": "#0"},
				"south": {"uv": [7.25, 5.125, 6.625, 5.5], "texture": "#0"},
				"west": {"uv": [1.125, 6.875, 0.75, 7.25], "texture": "#0"},
				"up": {"uv": [7.25, 5.5, 6.625, 5.875], "texture": "#0"},
				"down": {"uv": [7.25, 5.875, 6.625, 6.25], "texture": "#0"}
			}
		},
		{
			"from": [2.125, 6.5, 7.25],
			"to": [3.375, 9.5, 8.75],
			"rotation": {"angle": 0, "axis": "y", "origin": [8, 7.5, 6.25]},
			"faces": {
				"north": {"uv": [5.25, 6, 5.625, 6.75], "texture": "#0"},
				"east": {"uv": [6.25, 6.25, 6.625, 7], "texture": "#0"},
				"south": {"uv": [6.25, 4.75, 6.625, 5.5], "texture": "#0"},
				"west": {"uv": [6.25, 5.5, 6.625, 6.25], "texture": "#0"},
				"up": {"uv": [5.25, 6.75, 5.625, 7.125], "texture": "#0"},
				"down": {"uv": [5.625, 6.75, 6, 7.125], "texture": "#0"}
			}
		}
	],
	"display": {
		"thirdperson_righthand": {
			"rotation": [90, 0, 0],
			"translation": [-6, -1, 49.25],
			"scale": [1.65, 1.65, 1.65]
		},
		"thirdperson_lefthand": {
			"translation": [0, 3, 0.75],
			"scale": [0.5, 0.5, 0.5]
		},
		"firstperson_righthand": {
			"rotation": [18, 116, -4],
			"translation": [0, 4.75, 0.5],
			"scale": [0.5, 0.5, 0.5]
		},
		"firstperson_lefthand": {
			"rotation": [18, 116, -4],
			"translation": [0, 4.75, 0.5],
			"scale": [0.5, 0.5, 0.5]
		},
		"ground": {
			"translation": [0, 2.75, 0]
		},
		"gui": {
			"rotation": [30, 135, 0],
			"translation": [-1.5, 0, 0],
			"scale": [0.8, 0.8, 0.8]
		},
		"head": {
			"translation": [0, -22.25, -3.25],
			"scale": [2.8, 2.8, 2.8]
		}
	}
}