{
	"credit": "Made with Blockbench",
	"texture_size": [128, 128],
	"textures": {
		"0": "new/25",
		"particle": "new/25"
	},
	"elements": [
		{
			"name": "hexadecagon",
			"from": [6.4087, 11.5, 0],
			"to": [9.5913, 14.75, 1],
			"rotation": {"angle": -45, "axis": "y", "origin": [8, 14.25, 8]},
			"faces": {
				"north": {"uv": [1.5, 0, 2.25, 0.875], "texture": "#0"},
				"east": {"uv": [13.5, 11.5, 13.75, 12.375], "texture": "#0"},
				"south": {"uv": [2.25, 0, 3, 0.875], "texture": "#0"},
				"west": {"uv": [13.5, 12.625, 13.75, 13.5], "texture": "#0"},
				"up": {"uv": [0.75, 0, 1.5, 0.25], "texture": "#0"},
				"down": {"uv": [0.75, 0.25, 1.5, 0.5], "texture": "#0"}
			}
		},
		{
			"name": "hexadecagon",
			"from": [6.4087, 11.5, 0],
			"to": [9.5913, 14.75, 1],
			"rotation": {"angle": -22.5, "axis": "y", "origin": [8, 14.25, 8]},
			"faces": {
				"north": {"uv": [2.25, 0.875, 3, 1.75], "texture": "#0"},
				"east": {"uv": [2.25, 13.625, 2.5, 14.5], "texture": "#0"},
				"south": {"uv": [3, 0, 3.75, 0.875], "texture": "#0"},
				"west": {"uv": [2.5, 13.625, 2.75, 14.5], "texture": "#0"},
				"up": {"uv": [0.75, 0.5, 1.5, 0.75], "texture": "#0"},
				"down": {"uv": [1.5, 0.875, 2.25, 1.125], "texture": "#0"}
			}
		},
		{
			"name": "hexadecagon",
			"from": [6.4087, 11.5, 0],
			"to": [9.5913, 14.75, 1],
			"rotation": {"angle": 0, "axis": "y", "origin": [8, 14.25, 8]},
			"faces": {
				"north": {"uv": [3, 0.875, 3.75, 1.75], "texture": "#0"},
				"east": {"uv": [12.75, 13.625, 13, 14.5], "texture": "#0"},
				"south": {"uv": [3, 1.75, 3.75, 2.625], "texture": "#0"},
				"west": {"uv": [13, 13.625, 13.25, 14.5], "texture": "#0"},
				"up": {"uv": [1.5, 1.125, 2.25, 1.375], "texture": "#0"},
				"down": {"uv": [2.25, 1.75, 3, 2], "texture": "#0"}
			}
		},
		{
			"name": "hexadecagon",
			"from": [6.4087, 11.5, 0],
			"to": [9.5913, 14.75, 1],
			"rotation": {"angle": 22.5, "axis": "y", "origin": [8, 14.25, 8]},
			"faces": {
				"north": {"uv": [5.25, 3.75, 6, 4.625], "texture": "#0"},
				"east": {"uv": [13.25, 13.625, 13.5, 14.5], "texture": "#0"},
				"south": {"uv": [6, 3.75, 6.75, 4.625], "texture": "#0"},
				"west": {"uv": [2.75, 13.75, 3, 14.625], "texture": "#0"},
				"up": {"uv": [2.25, 2, 3, 2.25], "texture": "#0"},
				"down": {"uv": [3, 2.625, 3.75, 2.875], "texture": "#0"}
			}
		},
		{
			"name": "hexadecagon",
			"from": [6.4087, 11.5, 0],
			"to": [9.5913, 14.75, 1],
			"rotation": {"angle": 45, "axis": "y", "origin": [8, 14.25, 8]},
			"faces": {
				"north": {"uv": [6, 4.625, 6.75, 5.5], "texture": "#0"},
				"east": {"uv": [3, 13.75, 3.25, 14.625], "texture": "#0"},
				"south": {"uv": [6.75, 3.75, 7.5, 4.625], "texture": "#0"},
				"west": {"uv": [3.25, 13.75, 3.5, 14.625], "texture": "#0"},
				"up": {"uv": [4.5, 3.75, 5.25, 4], "texture": "#0"},
				"down": {"uv": [4.5, 4, 5.25, 4.25], "texture": "#0"}
			}
		},
		{
			"name": "hexadecagon",
			"from": [6.4087, 11.5, 15],
			"to": [9.5913, 14.75, 16],
			"rotation": {"angle": -45, "axis": "y", "origin": [8, 14.25, 8]},
			"faces": {
				"north": {"uv": [6.75, 4.625, 7.5, 5.5], "texture": "#0"},
				"east": {"uv": [3.5, 13.75, 3.75, 14.625], "texture": "#0"},
				"south": {"uv": [6.75, 5.5, 7.5, 6.375], "texture": "#0"},
				"west": {"uv": [6.75, 13.75, 7, 14.625], "texture": "#0"},
				"up": {"uv": [4.5, 4.25, 5.25, 4.5], "texture": "#0"},
				"down": {"uv": [5.25, 4.625, 6, 4.875], "texture": "#0"}
			}
		},
		{
			"name": "hexadecagon",
			"from": [6.4087, 11.5, 15],
			"to": [9.5913, 14.75, 16],
			"rotation": {"angle": -22.5, "axis": "y", "origin": [8, 14.25, 8]},
			"faces": {
				"north": {"uv": [12, 12, 12.75, 12.875], "texture": "#0"},
				"east": {"uv": [7, 13.75, 7.25, 14.625], "texture": "#0"},
				"south": {"uv": [12, 1.5, 12.75, 2.375], "texture": "#0"},
				"west": {"uv": [7.25, 13.75, 7.5, 14.625], "texture": "#0"},
				"up": {"uv": [5.25, 4.875, 6, 5.125], "texture": "#0"},
				"down": {"uv": [6, 5.5, 6.75, 5.75], "texture": "#0"}
			}
		},
		{
			"name": "hexadecagon",
			"from": [6.4087, 11.5, 15],
			"to": [9.5913, 14.75, 16],
			"rotation": {"angle": 0, "axis": "y", "origin": [8, 14.25, 8]},
			"faces": {
				"north": {"uv": [12, 2.375, 12.75, 3.25], "texture": "#0"},
				"east": {"uv": [12, 13.75, 12.25, 14.625], "texture": "#0"},
				"south": {"uv": [12, 3.25, 12.75, 4.125], "texture": "#0"},
				"west": {"uv": [12.25, 13.75, 12.5, 14.625], "texture": "#0"},
				"up": {"uv": [6, 5.75, 6.75, 6], "texture": "#0"},
				"down": {"uv": [6.75, 6.375, 7.5, 6.625], "texture": "#0"}
			}
		},
		{
			"name": "hexadecagon",
			"from": [6.4087, 11.5, 15],
			"to": [9.5913, 14.75, 16],
			"rotation": {"angle": 22.5, "axis": "y", "origin": [8, 14.25, 8]},
			"faces": {
				"north": {"uv": [12, 4.125, 12.75, 5], "texture": "#0"},
				"east": {"uv": [12.5, 13.75, 12.75, 14.625], "texture": "#0"},
				"south": {"uv": [5.25, 12.25, 6, 13.125], "texture": "#0"},
				"west": {"uv": [13.5, 13.75, 13.75, 14.625], "texture": "#0"},
				"up": {"uv": [7.5, 7, 8.25, 7.25], "texture": "#0"},
				"down": {"uv": [7.5, 7.25, 8.25, 7.5], "texture": "#0"}
			}
		},
		{
			"name": "hexadecagon",
			"from": [6.4087, 11.5, 15],
			"to": [9.5913, 14.75, 16],
			"rotation": {"angle": 45, "axis": "y", "origin": [8, 14.25, 8]},
			"faces": {
				"north": {"uv": [9, 12.5, 9.75, 13.375], "texture": "#0"},
				"east": {"uv": [13.75, 13.75, 14, 14.625], "texture": "#0"},
				"south": {"uv": [12.5, 7.25, 13.25, 8.125], "texture": "#0"},
				"west": {"uv": [13.75, 11.5, 14, 12.375], "texture": "#0"},
				"up": {"uv": [8.25, 7.75, 9, 8], "texture": "#0"},
				"down": {"uv": [8.25, 8, 9, 8.25], "texture": "#0"}
			}
		},
		{
			"name": "hexadecagon",
			"from": [0, 11.5, 6.4087],
			"to": [1, 14.75, 9.5913],
			"rotation": {"angle": -22.5, "axis": "y", "origin": [8, 14.25, 8]},
			"faces": {
				"north": {"uv": [13.75, 12.375, 14, 13.25], "texture": "#0"},
				"east": {"uv": [2, 12.75, 2.75, 13.625], "texture": "#0"},
				"south": {"uv": [6, 13.875, 6.25, 14.75], "texture": "#0"},
				"west": {"uv": [12.75, 12.75, 13.5, 13.625], "texture": "#0"},
				"up": {"uv": [2, 12, 2.25, 12.75], "texture": "#0"},
				"down": {"uv": [2.75, 12.75, 3, 13.5], "texture": "#0"}
			}
		},
		{
			"name": "hexadecagon",
			"from": [0, 11.5, 6.4087],
			"to": [1, 14.75, 9.5913],
			"rotation": {"angle": 0, "axis": "y", "origin": [8, 14.25, 8]},
			"faces": {
				"north": {"uv": [6.25, 13.875, 6.5, 14.75], "texture": "#0"},
				"east": {"uv": [12.75, 1.5, 13.5, 2.375], "texture": "#0"},
				"south": {"uv": [6.5, 13.875, 6.75, 14.75], "texture": "#0"},
				"west": {"uv": [12.75, 2.375, 13.5, 3.25], "texture": "#0"},
				"up": {"uv": [14, 5, 14.25, 5.75], "texture": "#0"},
				"down": {"uv": [14, 5.75, 14.25, 6.5], "texture": "#0"}
			}
		},
		{
			"name": "hexadecagon",
			"from": [0, 11.5, 6.4087],
			"to": [1, 14.75, 9.5913],
			"rotation": {"angle": 22.5, "axis": "y", "origin": [8, 14.25, 8]},
			"faces": {
				"north": {"uv": [0, 14, 0.25, 14.875], "texture": "#0"},
				"east": {"uv": [12.75, 3.25, 13.5, 4.125], "texture": "#0"},
				"south": {"uv": [0.25, 14, 0.5, 14.875], "texture": "#0"},
				"west": {"uv": [12.75, 4.125, 13.5, 5], "texture": "#0"},
				"up": {"uv": [14, 7.25, 14.25, 8], "texture": "#0"},
				"down": {"uv": [14, 9.625, 14.25, 10.375], "texture": "#0"}
			}
		},
		{
			"name": "hexadecagon",
			"from": [15, 11.5, 6.4087],
			"to": [16, 14.75, 9.5913],
			"rotation": {"angle": -22.5, "axis": "y", "origin": [8, 14.25, 8]},
			"faces": {
				"north": {"uv": [0.5, 14, 0.75, 14.875], "texture": "#0"},
				"east": {"uv": [12.75, 11.5, 13.5, 12.375], "texture": "#0"},
				"south": {"uv": [5.25, 14, 5.5, 14.875], "texture": "#0"},
				"west": {"uv": [12, 12.875, 12.75, 13.75], "texture": "#0"},
				"up": {"uv": [14, 10.375, 14.25, 11.125], "texture": "#0"},
				"down": {"uv": [14, 11.5, 14.25, 12.25], "texture": "#0"}
			}
		},
		{
			"name": "hexadecagon",
			"from": [15, 11.5, 6.4087],
			"to": [16, 14.75, 9.5913],
			"rotation": {"angle": 0, "axis": "y", "origin": [8, 14.25, 8]},
			"faces": {
				"north": {"uv": [5.5, 14, 5.75, 14.875], "texture": "#0"},
				"east": {"uv": [6, 13, 6.75, 13.875], "texture": "#0"},
				"south": {"uv": [5.75, 14, 6, 14.875], "texture": "#0"},
				"west": {"uv": [5.25, 13.125, 6, 14], "texture": "#0"},
				"up": {"uv": [14, 12.25, 14.25, 13], "texture": "#0"},
				"down": {"uv": [9.75, 14.125, 10, 14.875], "texture": "#0"}
			}
		},
		{
			"name": "hexadecagon",
			"from": [15, 11.5, 6.4087],
			"to": [16, 14.75, 9.5913],
			"rotation": {"angle": 22.5, "axis": "y", "origin": [8, 14.25, 8]},
			"faces": {
				"north": {"uv": [14, 14, 14.25, 14.875], "texture": "#0"},
				"east": {"uv": [9.75, 13.25, 10.5, 14.125], "texture": "#0"},
				"south": {"uv": [14, 0, 14.25, 0.875], "texture": "#0"},
				"west": {"uv": [13.25, 7.25, 14, 8.125], "texture": "#0"},
				"up": {"uv": [10, 14.125, 10.25, 14.875], "texture": "#0"},
				"down": {"uv": [10.25, 14.125, 10.5, 14.875], "texture": "#0"}
			}
		},
		{
			"name": "hexadecagon",
			"from": [6.60761, 1, 1],
			"to": [9.39239, 14.75, 2],
			"rotation": {"angle": -45, "axis": "y", "origin": [8, 14.25, 8]},
			"faces": {
				"north": {"uv": [0, 0, 0.75, 3.5], "texture": "#0"},
				"east": {"uv": [0, 10.5, 0.25, 14], "texture": "#0"},
				"south": {"uv": [0.75, 0.75, 1.5, 4.25], "texture": "#0"},
				"west": {"uv": [0.25, 10.5, 0.5, 14], "texture": "#0"},
				"up": {"uv": [9, 8.5, 9.75, 8.75], "texture": "#0"},
				"down": {"uv": [9, 8.75, 9.75, 9], "texture": "#0"}
			}
		},
		{
			"name": "hexadecagon",
			"from": [6.60761, 1, 1],
			"to": [9.39239, 14.75, 2],
			"rotation": {"angle": -22.5, "axis": "y", "origin": [8, 14.25, 8]},
			"faces": {
				"north": {"uv": [1.5, 1.5, 2.25, 5], "texture": "#0"},
				"east": {"uv": [0.5, 10.5, 0.75, 14], "texture": "#0"},
				"south": {"uv": [2.25, 2.25, 3, 5.75], "texture": "#0"},
				"west": {"uv": [10.5, 1.5, 10.75, 5], "texture": "#0"},
				"up": {"uv": [11.75, 7.25, 12.5, 7.5], "texture": "#0"},
				"down": {"uv": [11.75, 7.5, 12.5, 7.75], "texture": "#0"}
			}
		},
		{
			"name": "hexadecagon",
			"from": [6.60761, 1, 1],
			"to": [9.39239, 14.75, 2],
			"rotation": {"angle": 0, "axis": "y", "origin": [8, 14.25, 8]},
			"faces": {
				"north": {"uv": [3, 3, 3.75, 6.5], "texture": "#0"},
				"east": {"uv": [3.75, 10.75, 4, 14.25], "texture": "#0"},
				"south": {"uv": [0, 3.5, 0.75, 7], "texture": "#0"},
				"west": {"uv": [4, 10.75, 4.25, 14.25], "texture": "#0"},
				"up": {"uv": [12, 11.75, 12.75, 12], "texture": "#0"},
				"down": {"uv": [13.5, 8.125, 14.25, 8.375], "texture": "#0"}
			}
		},
		{
			"name": "hexadecagon",
			"from": [6.60761, 1, 1],
			"to": [9.39239, 14.75, 2],
			"rotation": {"angle": 22.5, "axis": "y", "origin": [8, 14.25, 8]},
			"faces": {
				"north": {"uv": [3.75, 3.75, 4.5, 7.25], "texture": "#0"},
				"east": {"uv": [4.25, 10.75, 4.5, 14.25], "texture": "#0"},
				"south": {"uv": [3.75, 0, 4.5, 3.5], "texture": "#0"},
				"west": {"uv": [10.75, 1.5, 11, 5], "texture": "#0"},
				"up": {"uv": [13.75, 13.25, 14.5, 13.5], "texture": "#0"},
				"down": {"uv": [14, 0.875, 14.75, 1.125], "texture": "#0"}
			}
		},
		{
			"name": "hexadecagon",
			"from": [6.60761, 1, 1],
			"to": [9.39239, 14.75, 2],
			"rotation": {"angle": 45, "axis": "y", "origin": [8, 14.25, 8]},
			"faces": {
				"north": {"uv": [0.75, 4.25, 1.5, 7.75], "texture": "#0"},
				"east": {"uv": [7.5, 11, 7.75, 14.5], "texture": "#0"},
				"south": {"uv": [4.5, 4.5, 5.25, 8], "texture": "#0"},
				"west": {"uv": [7.75, 11, 8, 14.5], "texture": "#0"},
				"up": {"uv": [14, 1.125, 14.75, 1.375], "texture": "#0"},
				"down": {"uv": [14, 6.5, 14.75, 6.75], "texture": "#0"}
			}
		},
		{
			"name": "hexadecagon",
			"from": [6.60761, 1, 14],
			"to": [9.39239, 14.75, 15],
			"rotation": {"angle": -45, "axis": "y", "origin": [8, 14.25, 8]},
			"faces": {
				"north": {"uv": [4.5, 0, 5.25, 3.5], "texture": "#0"},
				"east": {"uv": [8, 11, 8.25, 14.5], "texture": "#0"},
				"south": {"uv": [1.5, 5, 2.25, 8.5], "texture": "#0"},
				"west": {"uv": [11, 1.5, 11.25, 5], "texture": "#0"},
				"up": {"uv": [14, 6.75, 14.75, 7], "texture": "#0"},
				"down": {"uv": [14, 13, 14.75, 13.25], "texture": "#0"}
			}
		},
		{
			"name": "hexadecagon",
			"from": [6.60761, 1, 14],
			"to": [9.39239, 14.75, 15],
			"rotation": {"angle": -22.5, "axis": "y", "origin": [8, 14.25, 8]},
			"faces": {
				"north": {"uv": [5.25, 5.25, 6, 8.75], "texture": "#0"},
				"east": {"uv": [0.75, 11.25, 1, 14.75], "texture": "#0"},
				"south": {"uv": [5.25, 0, 6, 3.5], "texture": "#0"},
				"west": {"uv": [1, 11.25, 1.25, 14.75], "texture": "#0"},
				"up": {"uv": [14, 13.75, 14.75, 14], "texture": "#0"},
				"down": {"uv": [3.75, 14.25, 4.5, 14.5], "texture": "#0"}
			}
		},
		{
			"name": "hexadecagon",
			"from": [6.60761, 1, 14],
			"to": [9.39239, 14.75, 15],
			"rotation": {"angle": 0, "axis": "y", "origin": [8, 14.25, 8]},
			"faces": {
				"north": {"uv": [2.25, 5.75, 3, 9.25], "texture": "#0"},
				"east": {"uv": [1.25, 11.25, 1.5, 14.75], "texture": "#0"},
				"south": {"uv": [6, 6, 6.75, 9.5], "texture": "#0"},
				"west": {"uv": [10.5, 11.25, 10.75, 14.75], "texture": "#0"},
				"up": {"uv": [14.25, 14.25, 15, 14.5], "texture": "#0"},
				"down": {"uv": [14.25, 0, 15, 0.25], "texture": "#0"}
			}
		},
		{
			"name": "hexadecagon",
			"from": [6.60761, 1, 14],
			"to": [9.39239, 14.75, 15],
			"rotation": {"angle": 22.5, "axis": "y", "origin": [8, 14.25, 8]},
			"faces": {
				"north": {"uv": [6, 0, 6.75, 3.5], "texture": "#0"},
				"east": {"uv": [10.75, 11.25, 11, 14.75], "texture": "#0"},
				"south": {"uv": [3, 6.5, 3.75, 10], "texture": "#0"},
				"west": {"uv": [11, 11.25, 11.25, 14.75], "texture": "#0"},
				"up": {"uv": [14.25, 0.25, 15, 0.5], "texture": "#0"},
				"down": {"uv": [14.25, 0.5, 15, 0.75], "texture": "#0"}
			}
		},
		{
			"name": "hexadecagon",
			"from": [6.60761, 1, 14],
			"to": [9.39239, 14.75, 15],
			"rotation": {"angle": 45, "axis": "y", "origin": [8, 14.25, 8]},
			"faces": {
				"north": {"uv": [6.75, 6.75, 7.5, 10.25], "texture": "#0"},
				"east": {"uv": [11.25, 11.25, 11.5, 14.75], "texture": "#0"},
				"south": {"uv": [6.75, 0, 7.5, 3.5], "texture": "#0"},
				"west": {"uv": [11.25, 1.5, 11.5, 5], "texture": "#0"},
				"up": {"uv": [14.25, 5, 15, 5.25], "texture": "#0"},
				"down": {"uv": [14.25, 5.25, 15, 5.5], "texture": "#0"}
			}
		},
		{
			"name": "hexadecagon",
			"from": [1, 1, 6.60761],
			"to": [2, 14.75, 9.39239],
			"rotation": {"angle": -22.5, "axis": "y", "origin": [8, 14.25, 8]},
			"faces": {
				"north": {"uv": [4.5, 11.5, 4.75, 15], "texture": "#0"},
				"east": {"uv": [0, 7, 0.75, 10.5], "texture": "#0"},
				"south": {"uv": [4.75, 11.5, 5, 15], "texture": "#0"},
				"west": {"uv": [3.75, 7.25, 4.5, 10.75], "texture": "#0"},
				"up": {"uv": [14.25, 5.5, 14.5, 6.25], "texture": "#0"},
				"down": {"uv": [14.25, 7.25, 14.5, 8], "texture": "#0"}
			}
		},
		{
			"name": "hexadecagon",
			"from": [1, 1, 6.60761],
			"to": [2, 14.75, 9.39239],
			"rotation": {"angle": 0, "axis": "y", "origin": [8, 14.25, 8]},
			"faces": {
				"north": {"uv": [5, 11.5, 5.25, 15], "texture": "#0"},
				"east": {"uv": [7.5, 7.5, 8.25, 11], "texture": "#0"},
				"south": {"uv": [11.5, 11.5, 11.75, 15], "texture": "#0"},
				"west": {"uv": [7.5, 0, 8.25, 3.5], "texture": "#0"},
				"up": {"uv": [14.25, 8, 14.5, 8.75], "texture": "#0"},
				"down": {"uv": [14.25, 8.75, 14.5, 9.5], "texture": "#0"}
			}
		},
		{
			"name": "hexadecagon",
			"from": [1, 1, 6.60761],
			"to": [2, 14.75, 9.39239],
			"rotation": {"angle": 22.5, "axis": "y", "origin": [8, 14.25, 8]},
			"faces": {
				"north": {"uv": [11.5, 1.5, 11.75, 5], "texture": "#0"},
				"east": {"uv": [7.5, 3.5, 8.25, 7], "texture": "#0"},
				"south": {"uv": [8.25, 11.75, 8.5, 15.25], "texture": "#0"},
				"west": {"uv": [0.75, 7.75, 1.5, 11.25], "texture": "#0"},
				"up": {"uv": [14.25, 9.5, 14.5, 10.25], "texture": "#0"},
				"down": {"uv": [14.25, 10.25, 14.5, 11], "texture": "#0"}
			}
		},
		{
			"name": "hexadecagon",
			"from": [14, 1, 6.60761],
			"to": [15, 14.75, 9.39239],
			"rotation": {"angle": -22.5, "axis": "y", "origin": [8, 14.25, 8]},
			"faces": {
				"north": {"uv": [8.5, 11.75, 8.75, 15.25], "texture": "#0"},
				"east": {"uv": [4.5, 8, 5.25, 11.5], "texture": "#0"},
				"south": {"uv": [8.75, 11.75, 9, 15.25], "texture": "#0"},
				"west": {"uv": [8.25, 8.25, 9, 11.75], "texture": "#0"},
				"up": {"uv": [14.25, 11.5, 14.5, 12.25], "texture": "#0"},
				"down": {"uv": [14.25, 12.25, 14.5, 13], "texture": "#0"}
			}
		},
		{
			"name": "hexadecagon",
			"from": [14, 1, 6.60761],
			"to": [15, 14.75, 9.39239],
			"rotation": {"angle": 0, "axis": "y", "origin": [8, 14.25, 8]},
			"faces": {
				"north": {"uv": [11.75, 11.75, 12, 15.25], "texture": "#0"},
				"east": {"uv": [8.25, 0, 9, 3.5], "texture": "#0"},
				"south": {"uv": [11.75, 1.5, 12, 5], "texture": "#0"},
				"west": {"uv": [8.25, 3.5, 9, 7], "texture": "#0"},
				"up": {"uv": [9, 14.375, 9.25, 15.125], "texture": "#0"},
				"down": {"uv": [9.25, 14.375, 9.5, 15.125], "texture": "#0"}
			}
		},
		{
			"name": "hexadecagon",
			"from": [14, 1, 6.60761],
			"to": [15, 14.75, 9.39239],
			"rotation": {"angle": 22.5, "axis": "y", "origin": [8, 14.25, 8]},
			"faces": {
				"north": {"uv": [1.5, 12, 1.75, 15.5], "texture": "#0"},
				"east": {"uv": [1.5, 8.5, 2.25, 12], "texture": "#0"},
				"south": {"uv": [1.75, 12, 2, 15.5], "texture": "#0"},
				"west": {"uv": [5.25, 8.75, 6, 12.25], "texture": "#0"},
				"up": {"uv": [9.5, 14.375, 9.75, 15.125], "texture": "#0"},
				"down": {"uv": [2.25, 14.5, 2.5, 15.25], "texture": "#0"}
			}
		},
		{
			"name": "hexadecagon",
			"from": [6.60761, 0, 1],
			"to": [9.39239, 1, 15],
			"rotation": {"angle": -45, "axis": "y", "origin": [8, 0.5, 8]},
			"faces": {
				"north": {"uv": [14.25, 6.25, 15, 6.5], "texture": "#0"},
				"east": {"uv": [3.75, 3.5, 7.25, 3.75], "texture": "#0"},
				"south": {"uv": [14.25, 11, 15, 11.25], "texture": "#0"},
				"west": {"uv": [9.75, 9.25, 13.25, 9.5], "texture": "#0"},
				"up": {"uv": [9, 9, 9.75, 12.5], "texture": "#0"},
				"down": {"uv": [9, 0, 9.75, 3.5], "texture": "#0"}
			}
		},
		{
			"name": "hexadecagon",
			"from": [6.60761, 0, 1],
			"to": [9.39239, 1, 15],
			"rotation": {"angle": -22.5, "axis": "y", "origin": [8, 0.5, 8]},
			"faces": {
				"north": {"uv": [14.25, 14, 15, 14.25], "texture": "#0"},
				"east": {"uv": [9.75, 9.5, 13.25, 9.75], "texture": "#0"},
				"south": {"uv": [3.75, 14.5, 4.5, 14.75], "texture": "#0"},
				"west": {"uv": [10.5, 5, 14, 5.25], "texture": "#0"},
				"up": {"uv": [9, 3.5, 9.75, 7], "texture": "#0"},
				"down": {"uv": [2.25, 9.25, 3, 12.75], "texture": "#0"}
			}
		},
		{
			"name": "hexadecagon",
			"from": [6.60761, 0, 1],
			"to": [9.39239, 1, 15],
			"rotation": {"angle": 0, "axis": "y", "origin": [8, 0.5, 8]},
			"faces": {
				"north": {"uv": [7.5, 14.5, 8.25, 14.75], "texture": "#0"},
				"east": {"uv": [10.5, 5.25, 14, 5.5], "texture": "#0"},
				"south": {"uv": [12.75, 14.5, 13.5, 14.75], "texture": "#0"},
				"west": {"uv": [10.5, 5.5, 14, 5.75], "texture": "#0"},
				"up": {"uv": [6, 9.5, 6.75, 13], "texture": "#0"},
				"down": {"uv": [9.75, 9.75, 10.5, 13.25], "texture": "#0"}
			}
		},
		{
			"name": "hexadecagon",
			"from": [6.60761, 0, 1],
			"to": [9.39239, 1, 15],
			"rotation": {"angle": 22.5, "axis": "y", "origin": [8, 0.5, 8]},
			"faces": {
				"north": {"uv": [14.25, 14.5, 15, 14.75], "texture": "#0"},
				"east": {"uv": [10.5, 5.75, 14, 6], "texture": "#0"},
				"south": {"uv": [14.5, 1.375, 15.25, 1.625], "texture": "#0"},
				"west": {"uv": [10.5, 6, 14, 6.25], "texture": "#0"},
				"up": {"uv": [9.75, 0, 10.5, 3.5], "texture": "#0"},
				"down": {"uv": [9.75, 3.5, 10.5, 7], "texture": "#0"}
			}
		},
		{
			"name": "hexadecagon",
			"from": [6.60761, 0, 1],
			"to": [9.39239, 1, 15],
			"rotation": {"angle": 45, "axis": "y", "origin": [8, 0.5, 8]},
			"faces": {
				"north": {"uv": [14.5, 1.625, 15.25, 1.875], "texture": "#0"},
				"east": {"uv": [10.5, 6.25, 14, 6.5], "texture": "#0"},
				"south": {"uv": [14.5, 1.875, 15.25, 2.125], "texture": "#0"},
				"west": {"uv": [10.5, 6.5, 14, 6.75], "texture": "#0"},
				"up": {"uv": [3, 10, 3.75, 13.5], "texture": "#0"},
				"down": {"uv": [6.75, 10.25, 7.5, 13.75], "texture": "#0"}
			}
		},
		{
			"name": "hexadecagon",
			"from": [1, 0, 6.60761],
			"to": [15, 1, 9.39239],
			"rotation": {"angle": -22.5, "axis": "y", "origin": [8, 0.5, 8]},
			"faces": {
				"north": {"uv": [10.5, 6.75, 14, 7], "texture": "#0"},
				"east": {"uv": [14.5, 2.125, 15.25, 2.375], "texture": "#0"},
				"south": {"uv": [10.5, 9.75, 14, 10], "texture": "#0"},
				"west": {"uv": [14.5, 2.375, 15.25, 2.625], "texture": "#0"},
				"up": {"uv": [8.25, 7, 11.75, 7.75], "texture": "#0"},
				"down": {"uv": [9, 7.75, 12.5, 8.5], "texture": "#0"}
			}
		},
		{
			"name": "hexadecagon",
			"from": [1, 0, 6.60761],
			"to": [15, 1, 9.39239],
			"rotation": {"angle": 0, "axis": "y", "origin": [8, 0.5, 8]},
			"faces": {
				"north": {"uv": [10.5, 10, 14, 10.25], "texture": "#0"},
				"east": {"uv": [14.5, 2.625, 15.25, 2.875], "texture": "#0"},
				"south": {"uv": [10.5, 10.25, 14, 10.5], "texture": "#0"},
				"west": {"uv": [14.5, 2.875, 15.25, 3.125], "texture": "#0"},
				"up": {"uv": [9.75, 8.5, 13.25, 9.25], "texture": "#0"},
				"down": {"uv": [10.5, 10.5, 14, 11.25], "texture": "#0"}
			}
		},
		{
			"name": "hexadecagon",
			"from": [1, 0, 6.60761],
			"to": [15, 1, 9.39239],
			"rotation": {"angle": 22.5, "axis": "y", "origin": [8, 0.5, 8]},
			"faces": {
				"north": {"uv": [11.5, 11.25, 15, 11.5], "texture": "#0"},
				"east": {"uv": [14.5, 3.125, 15.25, 3.375], "texture": "#0"},
				"south": {"uv": [11.75, 7, 15.25, 7.25], "texture": "#0"},
				"west": {"uv": [14.5, 3.375, 15.25, 3.625], "texture": "#0"},
				"up": {"uv": [10.5, 0, 14, 0.75], "texture": "#0"},
				"down": {"uv": [10.5, 0.75, 14, 1.5], "texture": "#0"}
			}
		},
		{
			"name": "hexadecagon",
			"from": [9.19248, 12.5, -3.32329],
			"to": [13.17073, 13.5, -2.32329],
			"rotation": {"angle": -45, "axis": "y", "origin": [7.99345, 13.00786, 3.49782]},
			"faces": {
				"north": {"uv": [11.75, 11.5, 12.75, 11.75], "texture": "#0"},
				"east": {"uv": [7.25, 3.5, 7.5, 3.75], "texture": "#0"},
				"south": {"uv": [12.5, 8.125, 13.5, 8.375], "texture": "#0"},
				"west": {"uv": [14.5, 9.75, 14.75, 10], "texture": "#0"},
				"up": {"uv": [12.75, 12.375, 13.75, 12.625], "texture": "#0"},
				"down": {"uv": [13.25, 8.375, 14.25, 8.625], "texture": "#0"}
			}
		},
		{
			"name": "hexadecagon",
			"from": [7.73329, 12.5, -2.34521],
			"to": [11.71154, 13.5, -1.34521],
			"rotation": {"angle": -22.5, "axis": "y", "origin": [7.99345, 13.00786, 3.49782]},
			"faces": {
				"north": {"uv": [13.25, 8.625, 14.25, 8.875], "texture": "#0"},
				"east": {"uv": [14.5, 10, 14.75, 10.25], "texture": "#0"},
				"south": {"uv": [13.25, 8.875, 14.25, 9.125], "texture": "#0"},
				"west": {"uv": [14.5, 10.25, 14.75, 10.5], "texture": "#0"},
				"up": {"uv": [13.25, 9.125, 14.25, 9.375], "texture": "#0"},
				"down": {"uv": [13.25, 9.375, 14.25, 9.625], "texture": "#0"}
			}
		},
		{
			"name": "hexadecagon",
			"from": [6.01088, 12.5, -2],
			"to": [9.98912, 13.5, -1],
			"rotation": {"angle": 0, "axis": "y", "origin": [7.99345, 13.00786, 3.49782]},
			"faces": {
				"north": {"uv": [2.75, 13.5, 3.75, 13.75], "texture": "#0"},
				"east": {"uv": [14.5, 10.5, 14.75, 10.75], "texture": "#0"},
				"south": {"uv": [13.5, 13.5, 14.5, 13.75], "texture": "#0"},
				"west": {"uv": [14.5, 10.75, 14.75, 11], "texture": "#0"},
				"up": {"uv": [13.5, 1.5, 14.5, 1.75], "texture": "#0"},
				"down": {"uv": [13.5, 1.75, 14.5, 2], "texture": "#0"}
			}
		},
		{
			"name": "hexadecagon",
			"from": [4.28747, 12.5, -2.3402],
			"to": [8.26572, 13.5, -1.3402],
			"rotation": {"angle": 22.5, "axis": "y", "origin": [7.99345, 13.00786, 3.49782]},
			"faces": {
				"north": {"uv": [13.5, 2, 14.5, 2.25], "texture": "#0"},
				"east": {"uv": [14.5, 11.5, 14.75, 11.75], "texture": "#0"},
				"south": {"uv": [13.5, 2.25, 14.5, 2.5], "texture": "#0"},
				"west": {"uv": [14.5, 11.75, 14.75, 12], "texture": "#0"},
				"up": {"uv": [13.5, 2.5, 14.5, 2.75], "texture": "#0"},
				"down": {"uv": [13.5, 2.75, 14.5, 3], "texture": "#0"}
			}
		},
		{
			"name": "hexadecagon",
			"from": [2.82544, 12.5, -3.31403],
			"to": [6.80368, 13.5, -2.31403],
			"rotation": {"angle": 45, "axis": "y", "origin": [7.99345, 13.00786, 3.49782]},
			"faces": {
				"north": {"uv": [13.5, 3, 14.5, 3.25], "texture": "#0"},
				"east": {"uv": [14.5, 12, 14.75, 12.25], "texture": "#0"},
				"south": {"uv": [13.5, 3.25, 14.5, 3.5], "texture": "#0"},
				"west": {"uv": [14.5, 12.25, 14.75, 12.5], "texture": "#0"},
				"up": {"uv": [13.5, 3.5, 14.5, 3.75], "texture": "#0"},
				"down": {"uv": [13.5, 3.75, 14.5, 4], "texture": "#0"}
			}
		},
		{
			"name": "hexadecagon",
			"from": [-0.27759, 12.5, 5.66566],
			"to": [0.72241, 13.5, 9.64391],
			"rotation": {"angle": -22.5, "axis": "y", "origin": [7.99345, 13.00786, 3.49782]},
			"faces": {
				"north": {"uv": [14.5, 12.5, 14.75, 12.75], "texture": "#0"},
				"east": {"uv": [13.5, 4, 14.5, 4.25], "texture": "#0"},
				"south": {"uv": [14.5, 12.75, 14.75, 13], "texture": "#0"},
				"west": {"uv": [13.5, 4.25, 14.5, 4.5], "texture": "#0"},
				"up": {"uv": [9, 13.375, 9.25, 14.375], "texture": "#0"},
				"down": {"uv": [9.25, 13.375, 9.5, 14.375], "texture": "#0"}
			}
		},
		{
			"name": "hexadecagon",
			"from": [-2, 12.5, 6.01088],
			"to": [-1, 13.5, 8.23912],
			"rotation": {"angle": 0, "axis": "y", "origin": [7.99345, 13.00786, 3.49782]},
			"faces": {
				"north": {"uv": [14.5, 13.25, 14.75, 13.5], "texture": "#0"},
				"east": {"uv": [14.5, 3.625, 15, 3.875], "texture": "#0"},
				"south": {"uv": [14.5, 13.5, 14.75, 13.75], "texture": "#0"},
				"west": {"uv": [14.5, 3.875, 15, 4.125], "texture": "#0"},
				"up": {"uv": [2.5, 14.5, 2.75, 15], "texture": "#0"},
				"down": {"uv": [14.5, 4.125, 14.75, 4.625], "texture": "#0"}
			}
		},
		{
			"name": "hexadecagon",
			"from": [-2, 12.5, 7.51088],
			"to": [0, 13.5, 8.48912],
			"rotation": {"angle": 0, "axis": "y", "origin": [7.99345, 13.00786, 3.49782]},
			"faces": {
				"north": {"uv": [14.5, 8.75, 15, 9], "texture": "#0"},
				"east": {"uv": [7, 14.625, 7.25, 14.875], "texture": "#0"},
				"south": {"uv": [14.5, 9, 15, 9.25], "texture": "#0"},
				"west": {"uv": [7.25, 14.625, 7.5, 14.875], "texture": "#0"},
				"up": {"uv": [14.5, 9.25, 15, 9.5], "texture": "#0"},
				"down": {"uv": [14.5, 9.5, 15, 9.75], "texture": "#0"}
			}
		},
		{
			"name": "hexadecagon",
			"from": [17, 12.5, 6.01088],
			"to": [18, 13.5, 8.23912],
			"rotation": {"angle": 0, "axis": "y", "origin": [7.99345, 13.00786, 3.49782]},
			"faces": {
				"north": {"uv": [2, 14.625, 2.25, 14.875], "texture": "#0"},
				"east": {"uv": [14.5, 4.625, 15, 4.875], "texture": "#0"},
				"south": {"uv": [2.75, 14.625, 3, 14.875], "texture": "#0"},
				"west": {"uv": [14.5, 5.5, 15, 5.75], "texture": "#0"},
				"up": {"uv": [14.5, 5.75, 14.75, 6.25], "texture": "#0"},
				"down": {"uv": [14.5, 7.25, 14.75, 7.75], "texture": "#0"}
			}
		},
		{
			"name": "hexadecagon",
			"from": [16, 12.5, 7.51088],
			"to": [18, 13.5, 8.48912],
			"rotation": {"angle": 0, "axis": "y", "origin": [7.99345, 13.00786, 3.49782]},
			"faces": {
				"north": {"uv": [14.5, 7.75, 15, 8], "texture": "#0"},
				"east": {"uv": [3.5, 14.625, 3.75, 14.875], "texture": "#0"},
				"south": {"uv": [14.5, 8, 15, 8.25], "texture": "#0"},
				"west": {"uv": [6.75, 14.625, 7, 14.875], "texture": "#0"},
				"up": {"uv": [14.5, 8.25, 15, 8.5], "texture": "#0"},
				"down": {"uv": [14.5, 8.5, 15, 8.75], "texture": "#0"}
			}
		},
		{
			"name": "hexadecagon",
			"from": [15.27659, 12.5, 5.67067],
			"to": [16.27659, 13.5, 9.64892],
			"rotation": {"angle": 22.5, "axis": "y", "origin": [7.99345, 13.00786, 3.49782]},
			"faces": {
				"north": {"uv": [3, 14.625, 3.25, 14.875], "texture": "#0"},
				"east": {"uv": [13.5, 4.5, 14.5, 4.75], "texture": "#0"},
				"south": {"uv": [3.25, 14.625, 3.5, 14.875], "texture": "#0"},
				"west": {"uv": [13.5, 4.75, 14.5, 5], "texture": "#0"},
				"up": {"uv": [9.5, 13.375, 9.75, 14.375], "texture": "#0"},
				"down": {"uv": [2, 13.625, 2.25, 14.625], "texture": "#0"}
			}
		}
	],
	"display": {
		"thirdperson_righthand": {
			"rotation": [90, 0, 0],
			"translation": [-6, -1.75, 41.7],
			"scale": [0.7, 0.7, 0.7]
		},
		"thirdperson_lefthand": {
			"translation": [0, 3, 0.75],
			"scale": [0.5, 0.5, 0.5]
		},
		"firstperson_righthand": {
			"rotation": [18, 116, -4],
			"translation": [0, 4.75, 0.5],
			"scale": [0.5, 0.5, 0.5]
		},
		"firstperson_lefthand": {
			"rotation": [18, 116, -4],
			"translation": [0, 4.75, 0.5],
			"scale": [0.5, 0.5, 0.5]
		},
		"ground": {
			"translation": [0, 2.75, 0]
		},
		"gui": {
			"rotation": [30, 135, 0],
			"translation": [-1.5, 0, 0],
			"scale": [0.8, 0.8, 0.8]
		},
		"head": {
			"translation": [0, -35, -0.25],
			"scale": [1.2, 1.2, 1.2]
		}
	},
	"groups": [
		{
			"name": "hexadecagon",
			"origin": [8, 8, 8],
			"children": [0, 1, 2, 3, 4, 5, 6, 7, 8, 9, 10, 11, 12, 13, 14, 15]
		},
		{
			"name": "hexadecagon",
			"origin": [8, 8, 8],
			"children": [16, 17, 18, 19, 20, 21, 22, 23, 24, 25, 26, 27, 28, 29, 30, 31]
		},
		{
			"name": "hexadecagon",
			"origin": [8, 8, 8],
			"children": [32, 33, 34, 35, 36, 37, 38, 39]
		},
		{
			"name": "hexadecagon",
			"origin": [8, 8, 8],
			"children": [40, 41, 42, 43, 44, 45, 46, 47, 48, 49, 50]
		}
	]
}