{
	"credit": "Made with Blockbench",
	"texture_size": [128, 128],
	"textures": {
		"1": "new/22",
		"particle": "new/22"
	},
	"elements": [
		{
			"from": [5, 0.37872, 6.75],
			"to": [11, 6.87872, 9.25],
			"rotation": {"angle": 0, "axis": "y", "origin": [8.00457, 3.62873, 7.99542]},
			"faces": {
				"north": {"uv": [2, 5.5, 3.5, 7.125], "texture": "#1"},
				"east": {"uv": [6.5, 0, 7.125, 1.625], "texture": "#1"},
				"south": {"uv": [5.5, 5.5, 7, 7.125], "texture": "#1"},
				"west": {"uv": [0, 6.625, 0.625, 8.25], "texture": "#1"},
				"up": {"uv": [5.5, 4.875, 7, 5.5], "texture": "#1"},
				"down": {"uv": [7, 6.25, 8.5, 6.875], "texture": "#1"}
			}
		},
		{
			"from": [5, 0.37872, 6.75],
			"to": [11, 6.87872, 9.25],
			"rotation": {"angle": -45, "axis": "y", "origin": [8.00021, 3.62842, 7.99375]},
			"faces": {
				"north": {"uv": [3.5, 0, 5, 1.625], "texture": "#1"},
				"east": {"uv": [0, 5, 0.625, 6.625], "texture": "#1"},
				"south": {"uv": [4, 4, 5.5, 5.625], "texture": "#1"},
				"west": {"uv": [0.625, 6, 1.25, 7.625], "texture": "#1"},
				"up": {"uv": [2, 1, 3.5, 1.625], "texture": "#1"},
				"down": {"uv": [4, 3.25, 5.5, 3.875], "texture": "#1"}
			}
		},
		{
			"from": [6.75, 0.375, 5],
			"to": [9.25, 6.875, 11],
			"rotation": {"angle": 0, "axis": "y", "origin": [7.88035, 3.56437, 8.12149]},
			"faces": {
				"north": {"uv": [1.25, 6, 1.875, 7.625], "texture": "#1"},
				"east": {"uv": [4.5, 1.625, 6, 3.25], "texture": "#1"},
				"south": {"uv": [6, 1.625, 6.625, 3.25], "texture": "#1"},
				"west": {"uv": [5, 0, 6.5, 1.625], "texture": "#1"},
				"up": {"uv": [7, 3.25, 7.625, 4.75], "texture": "#1"},
				"down": {"uv": [7, 4.75, 7.625, 6.25], "texture": "#1"}
			}
		},
		{
			"from": [6.75, 0.375, 5],
			"to": [9.25, 6.875, 11],
			"rotation": {"angle": -45, "axis": "y", "origin": [8, 3.5, 7.99321]},
			"faces": {
				"north": {"uv": [6.625, 1.625, 7.25, 3.25], "texture": "#1"},
				"east": {"uv": [5.5, 3.25, 7, 4.875], "texture": "#1"},
				"south": {"uv": [7, 7, 7.625, 8.625], "texture": "#1"},
				"west": {"uv": [3.5, 5.625, 5, 7.25], "texture": "#1"},
				"up": {"uv": [1.875, 7.125, 2.5, 8.625], "texture": "#1"},
				"down": {"uv": [2.5, 7.125, 3.125, 8.625], "texture": "#1"}
			}
		},
		{
			"from": [6, 0.125, 3.125],
			"to": [10, 0.375, 12.875],
			"rotation": {"angle": 45, "axis": "y", "origin": [8.01629, 0.2545, 7.99682]},
			"faces": {
				"north": {"uv": [4, 3.875, 5, 4], "texture": "#1"},
				"east": {"uv": [2, 1.625, 4.5, 1.75], "texture": "#1"},
				"south": {"uv": [5, 7.125, 6, 7.25], "texture": "#1"},
				"west": {"uv": [2, 1.75, 4.5, 1.875], "texture": "#1"},
				"up": {"uv": [0, 0, 1, 2.5], "texture": "#1"},
				"down": {"uv": [1, 1, 2, 3.5], "texture": "#1"}
			}
		},
		{
			"from": [6, 0.125, 3.125],
			"to": [10, 0.375, 12.875],
			"rotation": {"angle": 0, "axis": "y", "origin": [8.11431, 0.37502, 5.38571]},
			"faces": {
				"north": {"uv": [7.125, 0.875, 8.125, 1], "texture": "#1"},
				"east": {"uv": [7.125, 0.25, 9.625, 0.375], "texture": "#1"},
				"south": {"uv": [7.125, 1, 8.125, 1.125], "texture": "#1"},
				"west": {"uv": [7.125, 0.375, 9.625, 0.5], "texture": "#1"},
				"up": {"uv": [3, 3, 4, 5.5], "texture": "#1"},
				"down": {"uv": [1, 3.5, 2, 6], "texture": "#1"}
			}
		},
		{
			"from": [6, 0.125, 3.125],
			"to": [10, 0.375, 12.875],
			"rotation": {"angle": -45, "axis": "y", "origin": [8.00118, 0.24832, 7.98846]},
			"faces": {
				"north": {"uv": [7.125, 0.625, 8.125, 0.75], "texture": "#1"},
				"east": {"uv": [7.125, 0, 9.625, 0.125], "texture": "#1"},
				"south": {"uv": [7.125, 0.75, 8.125, 0.875], "texture": "#1"},
				"west": {"uv": [7.125, 0.125, 9.625, 0.25], "texture": "#1"},
				"up": {"uv": [0, 2.5, 1, 5], "texture": "#1"},
				"down": {"uv": [2, 3, 3, 5.5], "texture": "#1"}
			}
		},
		{
			"from": [3.125, 0.125, 6],
			"to": [12.875, 0.375, 10],
			"rotation": {"angle": 0, "axis": "y", "origin": [7.86429, 0.37502, 5.50884]},
			"faces": {
				"north": {"uv": [2, 1.875, 4.5, 2], "texture": "#1"},
				"east": {"uv": [6, 7.125, 7, 7.25], "texture": "#1"},
				"south": {"uv": [7, 6.875, 9.5, 7], "texture": "#1"},
				"west": {"uv": [7.125, 0.5, 8.125, 0.625], "texture": "#1"},
				"up": {"uv": [1, 0, 3.5, 1], "texture": "#1"},
				"down": {"uv": [2, 2, 4.5, 3], "texture": "#1"}
			}
		}
	],
	"display": {
		"thirdperson_righthand": {
			"rotation": [90, 0, 0],
			"translation": [-5.75, -2, 48.25],
			"scale": [1.5, 1.5, 1.5]
		},
		"thirdperson_lefthand": {
			"rotation": [41, 26, -6],
			"translation": [-1, 6, 3.75]
		},
		"firstperson_righthand": {
			"rotation": [1, 131, -6],
			"translation": [2.25, 7.25, -1]
		},
		"firstperson_lefthand": {
			"rotation": [1, 131, -6],
			"translation": [2.25, 7.25, -1]
		},
		"ground": {
			"translation": [0, 5.25, 0]
		},
		"gui": {
			"rotation": [26, 152, 0],
			"translation": [0, 4.5, 0],
			"scale": [1.5, 1.5, 1.5]
		},
		"head": {
			"translation": [0, -24.5, 0],
			"scale": [2.55, 2.55, 2.55]
		},
		"fixed": {
			"translation": [0, 4.5, -1.75],
			"scale": [1.3, 1.3, 1.3]
		}
	},
	"groups": [
		{
			"name": "group",
			"origin": [9, -4.49979, -2.00022],
			"children": []
		},
		{
			"name": "group",
			"origin": [9, -4.49979, -2.00022],
			"children": []
		}, 0, 1, 2, 3, 4, 5, 6, 7]
}