{
	"credit": "Made with Blockbench",
	"texture_size": [64, 64],
	"textures": {
		"2": "new/1",
		"particle": "new/1"
	},
	"elements": [
		{
			"from": [4.25, 1.5, 5.25],
			"to": [11.75, 3, 10],
			"rotation": {"angle": 0, "axis": "y", "origin": [8, 2.125, 7.625]},
			"faces": {
				"north": {"uv": [3.75, 3, 7.5, 3.75], "texture": "#2"},
				"east": {"uv": [6.25, 2, 8.75, 2.75], "texture": "#2"},
				"south": {"uv": [6.25, 1.25, 10, 2], "texture": "#2"},
				"west": {"uv": [8.75, 2, 6.25, 2.75], "texture": "#2"},
				"up": {"uv": [0, 0, 3.75, 2.5], "texture": "#2"},
				"down": {"uv": [0, 2.5, 3.75, 5], "texture": "#2"}
			}
		},
		{
			"from": [5.5, 1, 4.5],
			"to": [10.5, 3.5, 10.5],
			"rotation": {"angle": 0, "axis": "y", "origin": [8, 2.25, 7.5]},
			"faces": {
				"north": {"uv": [6.25, 6.25, 8.75, 7.5], "texture": "#2"},
				"east": {"uv": [0, 5, 3, 6.25], "texture": "#2"},
				"south": {"uv": [6.25, 0, 8.75, 1.25], "texture": "#2"},
				"west": {"uv": [3, 5, 0, 6.25], "texture": "#2"},
				"up": {"uv": [3.75, 3.75, 6.25, 6.75], "texture": "#2"},
				"down": {"uv": [3.75, 0, 6.25, 3], "texture": "#2"}
			}
		},
		{
			"from": [6.875, 1, 4],
			"to": [7.625, 2.75, 4.5],
			"rotation": {"angle": 0, "axis": "y", "origin": [8, 2.25, 4.25]},
			"faces": {
				"north": {"uv": [4.5, 9.5, 5, 10.5], "texture": "#2"},
				"east": {"uv": [5, 8.25, 5.25, 9.25], "texture": "#2"},
				"south": {"uv": [9.5, 0, 10, 1], "texture": "#2"},
				"west": {"uv": [5.5, 10, 5.75, 11], "texture": "#2"},
				"up": {"uv": [6.25, 2.75, 6.75, 3], "texture": "#2"},
				"down": {"uv": [6.25, 6, 6.75, 6.25], "texture": "#2"}
			}
		},
		{
			"from": [8.375, 1, 4],
			"to": [9.125, 2.75, 4.5],
			"rotation": {"angle": 0, "axis": "y", "origin": [8, 2.25, 4.25]},
			"faces": {
				"north": {"uv": [9.5, 3.5, 10, 4.5], "texture": "#2"},
				"east": {"uv": [3.5, 10.25, 3.75, 11.25], "texture": "#2"},
				"south": {"uv": [9.5, 4.5, 10, 5.5], "texture": "#2"},
				"west": {"uv": [3.75, 10.25, 4, 11.25], "texture": "#2"},
				"up": {"uv": [6.75, 2.75, 7.25, 3], "texture": "#2"},
				"down": {"uv": [6.75, 6, 7.25, 6.25], "texture": "#2"}
			}
		},
		{
			"from": [10.25, 1, 4.25],
			"to": [13.75, 2.5, 5.25],
			"rotation": {"angle": 22.5, "axis": "y", "origin": [14.25, 1.375, 5.75]},
			"faces": {
				"north": {"uv": [1.75, 7.5, 0, 8.25], "texture": "#2"},
				"east": {"uv": [9.5, 6.25, 10, 7], "texture": "#2"},
				"south": {"uv": [0, 7.5, 1.75, 8.25], "texture": "#2"},
				"west": {"uv": [9.5, 7, 10, 7.75], "texture": "#2"},
				"up": {"uv": [7.5, 2.75, 9.25, 3.25], "texture": "#2"},
				"down": {"uv": [7.5, 3.25, 9.25, 3.75], "texture": "#2"}
			}
		},
		{
			"from": [8.75, 0.25, 4.25],
			"to": [9.25, 1.75, 4.75],
			"rotation": {"angle": -22.5, "axis": "z", "origin": [15, 1.375, 6.5]},
			"faces": {
				"north": {"uv": [10.5, 0.5, 10.75, 1.25], "texture": "#2"},
				"east": {"uv": [2.5, 10, 3, 10.75], "texture": "#2"},
				"south": {"uv": [10.5, 1.25, 10.75, 2], "texture": "#2"},
				"west": {"uv": [5, 10, 5.5, 10.75], "texture": "#2"},
				"up": {"uv": [5.75, 9.25, 6, 9.75], "texture": "#2"},
				"down": {"uv": [9.25, 7.5, 9.5, 8], "texture": "#2"}
			}
		},
		{
			"from": [8.5, 1.75, 4],
			"to": [9.5, 3, 5],
			"rotation": {"angle": -22.5, "axis": "z", "origin": [15, 1.375, 6.5]},
			"faces": {
				"north": {"uv": [6.25, 10, 6.75, 10.75], "texture": "#2"},
				"east": {"uv": [6.75, 10, 7.25, 10.75], "texture": "#2"},
				"south": {"uv": [7.25, 10, 7.75, 10.75], "texture": "#2"},
				"west": {"uv": [7.75, 10, 8.25, 10.75], "texture": "#2"},
				"up": {"uv": [10, 8.75, 10.5, 9.25], "texture": "#2"},
				"down": {"uv": [3, 10.25, 3.5, 10.75], "texture": "#2"}
			}
		},
		{
			"from": [8.77734, 1.87891, 3.86719],
			"to": [9.27734, 2.87891, 5.11719],
			"rotation": {"angle": -22.5, "axis": "z", "origin": [15, 1.375, 6.5]},
			"faces": {
				"north": {"uv": [10.25, 9.75, 10.75, 10.25], "texture": "#2"},
				"east": {"uv": [10, 5.75, 10.75, 6.25], "texture": "#2"},
				"south": {"uv": [4.5, 10.5, 5, 11], "texture": "#2"},
				"west": {"uv": [10, 6.25, 10.75, 6.75], "texture": "#2"},
				"up": {"uv": [10, 6.75, 10.5, 7.5], "texture": "#2"},
				"down": {"uv": [10, 7.5, 10.5, 8.25], "texture": "#2"}
			}
		},
		{
			"from": [10.6356, -1.45355, 4.64427],
			"to": [11.6356, 0.79645, 5.64427],
			"rotation": {"angle": -45, "axis": "z", "origin": [15.6356, 1.17145, 6.89427]},
			"faces": {
				"north": {"uv": [4, 8.25, 4.5, 9.5], "texture": "#2"},
				"east": {"uv": [4.5, 8.25, 5, 9.5], "texture": "#2"},
				"south": {"uv": [8.25, 4.5, 8.75, 5.75], "texture": "#2"},
				"west": {"uv": [6, 8.5, 6.5, 9.75], "texture": "#2"},
				"up": {"uv": [5.75, 10.5, 6.25, 11], "texture": "#2"},
				"down": {"uv": [10.5, 0, 11, 0.5], "texture": "#2"}
			}
		},
		{
			"from": [12.00469, 4.04108, 4.64443],
			"to": [13.00469, 5.54108, 5.64443],
			"rotation": {"angle": -22.5, "axis": "z", "origin": [12.0039, 5.05246, 5.13213]},
			"faces": {
				"north": {"uv": [5.75, 9.75, 6.25, 10.5], "texture": "#2"},
				"east": {"uv": [0, 10, 0.5, 10.75], "texture": "#2"},
				"south": {"uv": [0.5, 10, 1, 10.75], "texture": "#2"},
				"west": {"uv": [1, 10, 1.5, 10.75], "texture": "#2"},
				"up": {"uv": [8.25, 5.75, 8.75, 6.25], "texture": "#2"},
				"down": {"uv": [10, 8.25, 10.5, 8.75], "texture": "#2"}
			}
		},
		{
			"from": [11.65381, 4.40447, 4.39844],
			"to": [13.15381, 5.65447, 5.89063],
			"rotation": {"angle": 0, "axis": "z", "origin": [12.42153, 6.10596, 5.14453]},
			"faces": {
				"north": {"uv": [4.75, 6.75, 5.5, 7.5], "texture": "#2"},
				"east": {"uv": [5.5, 6.75, 6.25, 7.5], "texture": "#2"},
				"south": {"uv": [6.5, 8.5, 7.25, 9.25], "texture": "#2"},
				"west": {"uv": [7.25, 8.5, 8, 9.25], "texture": "#2"},
				"up": {"uv": [8, 8.5, 8.75, 9.25], "texture": "#2"},
				"down": {"uv": [8.75, 8.75, 9.5, 9.5], "texture": "#2"}
			}
		},
		{
			"from": [12.22613, 4.76842, 4.39437],
			"to": [13.72613, 7.51842, 5.89437],
			"rotation": {"angle": -22.5, "axis": "z", "origin": [12.52535, 6.02485, 5.14437]},
			"faces": {
				"north": {"uv": [0, 8.25, 0.75, 9.25], "texture": "#2"},
				"east": {"uv": [0.75, 8.25, 1.5, 9.25], "texture": "#2"},
				"south": {"uv": [1.5, 8.25, 2.25, 9.25], "texture": "#2"},
				"west": {"uv": [2.25, 8.25, 3, 9.25], "texture": "#2"},
				"up": {"uv": [8.75, 0, 9.5, 0.75], "texture": "#2"},
				"down": {"uv": [8.75, 2, 9.5, 2.75], "texture": "#2"}
			}
		},
		{
			"from": [12.61167, 6.67774, 4.39437],
			"to": [13.86167, 8.17774, 5.89437],
			"rotation": {"angle": 22.5, "axis": "z", "origin": [13.36167, 7.67774, 5.14437]},
			"faces": {
				"north": {"uv": [0.75, 9.25, 1.5, 10], "texture": "#2"},
				"east": {"uv": [1.5, 9.25, 2.25, 10], "texture": "#2"},
				"south": {"uv": [2.25, 9.25, 3, 10], "texture": "#2"},
				"west": {"uv": [5, 9.25, 5.75, 10], "texture": "#2"},
				"up": {"uv": [6.5, 9.25, 7.25, 10], "texture": "#2"},
				"down": {"uv": [7.25, 9.25, 8, 10], "texture": "#2"}
			}
		},
		{
			"from": [10.95819, 7.78192, 4.39437],
			"to": [12.20819, 9.03192, 5.89437],
			"rotation": {"angle": 45, "axis": "z", "origin": [12.2574, 9.77548, 5.14437]},
			"faces": {
				"north": {"uv": [8, 9.25, 8.75, 10], "texture": "#2"},
				"east": {"uv": [9.25, 2.75, 10, 3.5], "texture": "#2"},
				"south": {"uv": [3, 9.5, 3.75, 10.25], "texture": "#2"},
				"west": {"uv": [3.75, 9.5, 4.5, 10.25], "texture": "#2"},
				"up": {"uv": [8.75, 9.5, 9.5, 10.25], "texture": "#2"},
				"down": {"uv": [9.5, 9.5, 10.25, 10.25], "texture": "#2"}
			}
		},
		{
			"from": [11.36361, 5.56938, 4.51953],
			"to": [12.36361, 7.56938, 5.76953],
			"rotation": {"angle": 22.5, "axis": "z", "origin": [12.55167, 6.09139, 5.14453]},
			"faces": {
				"north": {"uv": [3, 8.25, 3.5, 9.5], "texture": "#2"},
				"east": {"uv": [3, 5, 3.75, 6.25], "texture": "#2"},
				"south": {"uv": [3.5, 8.25, 4, 9.5], "texture": "#2"},
				"west": {"uv": [5.25, 8, 6, 9.25], "texture": "#2"},
				"up": {"uv": [1.5, 10, 2, 10.75], "texture": "#2"},
				"down": {"uv": [2, 10, 2.5, 10.75], "texture": "#2"}
			}
		},
		{
			"from": [10.75, 1.25, 7.5],
			"to": [14, 2.5, 8.5],
			"rotation": {"angle": 0, "axis": "z", "origin": [14.25, 1.375, 7.75]},
			"faces": {
				"north": {"uv": [5.25, 7.5, 3.5, 8.25], "texture": "#2"},
				"east": {"uv": [9.5, 7.75, 10, 8.5], "texture": "#2"},
				"south": {"uv": [3.5, 7.5, 5.25, 8.25], "texture": "#2"},
				"west": {"uv": [9.5, 8.5, 10, 9.25], "texture": "#2"},
				"up": {"uv": [6, 8, 7.75, 8.5], "texture": "#2"},
				"down": {"uv": [7.75, 8, 9.5, 8.5], "texture": "#2"}
			}
		},
		{
			"from": [9.2397, 1.25, 10],
			"to": [12.9897, 2.5, 11],
			"rotation": {"angle": -22.5, "axis": "y", "origin": [12.4897, 1.69824, 10.5]},
			"faces": {
				"north": {"uv": [8.25, 5.25, 6.25, 6], "texture": "#2"},
				"east": {"uv": [9.5, 2, 10, 2.75], "texture": "#2"},
				"south": {"uv": [6.25, 5.25, 8.25, 6], "texture": "#2"},
				"west": {"uv": [9.5, 5.5, 10, 6.25], "texture": "#2"},
				"up": {"uv": [5.25, 7.5, 7.25, 8], "texture": "#2"},
				"down": {"uv": [7.25, 7.5, 9.25, 8], "texture": "#2"}
			}
		},
		{
			"from": [12.9897, 0, 10],
			"to": [14.2397, 1.5, 11],
			"rotation": {"angle": -22.5, "axis": "y", "origin": [12.4897, 2.5, 10.5]},
			"faces": {
				"north": {"uv": [9.5, 6, 8.75, 6.75], "texture": "#2"},
				"east": {"uv": [8.25, 10, 8.75, 10.75], "texture": "#2"},
				"south": {"uv": [8.75, 6, 9.5, 6.75], "texture": "#2"},
				"west": {"uv": [10, 0, 10.5, 0.75], "texture": "#2"},
				"up": {"uv": [3, 6.25, 3.75, 6.75], "texture": "#2"},
				"down": {"uv": [8.75, 0.75, 9.5, 1.25], "texture": "#2"}
			}
		},
		{
			"from": [12.9897, 1.5, 10],
			"to": [13.7397, 2, 11],
			"rotation": {"angle": -22.5, "axis": "y", "origin": [12.4897, 2.5, 10.5]},
			"faces": {
				"north": {"uv": [7.25, 6, 7.75, 6.25], "texture": "#2"},
				"east": {"uv": [7.75, 6, 8.25, 6.25], "texture": "#2"},
				"south": {"uv": [8.75, 8.5, 9.25, 8.75], "texture": "#2"},
				"west": {"uv": [9.5, 1, 10, 1.25], "texture": "#2"},
				"up": {"uv": [4, 10.25, 4.5, 10.75], "texture": "#2"},
				"down": {"uv": [8.75, 10.25, 9.25, 10.75], "texture": "#2"}
			}
		},
		{
			"from": [15.44762, 0, 5.28451],
			"to": [16.69762, 1.5, 6.28451],
			"rotation": {"angle": 22.5, "axis": "y", "origin": [12.4984, 2.5, 10.53451]},
			"faces": {
				"north": {"uv": [9.5, 6, 8.75, 6.75], "texture": "#2"},
				"east": {"uv": [10, 3.25, 10.5, 4], "texture": "#2"},
				"south": {"uv": [8.75, 6, 9.5, 6.75], "texture": "#2"},
				"west": {"uv": [10, 4, 10.5, 4.75], "texture": "#2"},
				"up": {"uv": [10, 4.75, 10.75, 5.25], "texture": "#2"},
				"down": {"uv": [10, 5.25, 10.75, 5.75], "texture": "#2"}
			}
		},
		{
			"from": [15.44762, 1.5, 5.28451],
			"to": [16.19762, 2, 6.28451],
			"rotation": {"angle": 22.5, "axis": "y", "origin": [12.4984, 2.5, 10.53451]},
			"faces": {
				"north": {"uv": [10.5, 3.75, 11, 4], "texture": "#2"},
				"east": {"uv": [10.5, 4, 11, 4.25], "texture": "#2"},
				"south": {"uv": [10.5, 4.25, 11, 4.5], "texture": "#2"},
				"west": {"uv": [10.5, 4.5, 11, 4.75], "texture": "#2"},
				"up": {"uv": [10.25, 10.25, 10.75, 10.75], "texture": "#2"},
				"down": {"uv": [10.25, 9.25, 10.75, 9.75], "texture": "#2"}
			}
		},
		{
			"from": [14, 0, 7.5],
			"to": [15.25, 1.5, 8.5],
			"rotation": {"angle": 0, "axis": "y", "origin": [12.5, 1.75, 10.5]},
			"faces": {
				"north": {"uv": [9.5, 6, 8.75, 6.75], "texture": "#2"},
				"east": {"uv": [10, 0.75, 10.5, 1.5], "texture": "#2"},
				"south": {"uv": [8.75, 6, 9.5, 6.75], "texture": "#2"},
				"west": {"uv": [10, 1.5, 10.5, 2.25], "texture": "#2"},
				"up": {"uv": [10, 2.25, 10.75, 2.75], "texture": "#2"},
				"down": {"uv": [10, 2.75, 10.75, 3.25], "texture": "#2"}
			}
		},
		{
			"from": [14, 1.5, 7.5],
			"to": [14.75, 2, 8.5],
			"rotation": {"angle": 0, "axis": "y", "origin": [12.5, 1.75, 10.5]},
			"faces": {
				"north": {"uv": [9.5, 9.25, 10, 9.5], "texture": "#2"},
				"east": {"uv": [10.5, 2, 11, 2.25], "texture": "#2"},
				"south": {"uv": [10.5, 3.25, 11, 3.5], "texture": "#2"},
				"west": {"uv": [10.5, 3.5, 11, 3.75], "texture": "#2"},
				"up": {"uv": [9.25, 10.25, 9.75, 10.75], "texture": "#2"},
				"down": {"uv": [9.75, 10.25, 10.25, 10.75], "texture": "#2"}
			}
		},
		{
			"from": [2.25, 1, 4.25],
			"to": [5.75, 2.5, 5.25],
			"rotation": {"angle": -22.5, "axis": "y", "origin": [1.75, 1.375, 5.75]},
			"faces": {
				"north": {"uv": [0, 7.5, 1.75, 8.25], "texture": "#2"},
				"east": {"uv": [10, 7, 9.5, 7.75], "texture": "#2"},
				"south": {"uv": [1.75, 7.5, 0, 8.25], "texture": "#2"},
				"west": {"uv": [10, 6.25, 9.5, 7], "texture": "#2"},
				"up": {"uv": [9.25, 2.75, 7.5, 3.25], "texture": "#2"},
				"down": {"uv": [9.25, 3.25, 7.5, 3.75], "texture": "#2"}
			}
		},
		{
			"from": [6.75, 0.25, 4.25],
			"to": [7.25, 1.75, 4.75],
			"rotation": {"angle": 22.5, "axis": "z", "origin": [1, 1.375, 6.5]},
			"faces": {
				"north": {"uv": [10.75, 0.5, 10.5, 1.25], "texture": "#2"},
				"east": {"uv": [5.5, 10, 5, 10.75], "texture": "#2"},
				"south": {"uv": [10.75, 1.25, 10.5, 2], "texture": "#2"},
				"west": {"uv": [3, 10, 2.5, 10.75], "texture": "#2"},
				"up": {"uv": [6, 9.25, 5.75, 9.75], "texture": "#2"},
				"down": {"uv": [9.5, 7.5, 9.25, 8], "texture": "#2"}
			}
		},
		{
			"from": [6.5, 1.75, 4],
			"to": [7.5, 3, 5],
			"rotation": {"angle": 22.5, "axis": "z", "origin": [1, 1.375, 6.5]},
			"faces": {
				"north": {"uv": [6.75, 10, 6.25, 10.75], "texture": "#2"},
				"east": {"uv": [8.25, 10, 7.75, 10.75], "texture": "#2"},
				"south": {"uv": [7.75, 10, 7.25, 10.75], "texture": "#2"},
				"west": {"uv": [7.25, 10, 6.75, 10.75], "texture": "#2"},
				"up": {"uv": [10.5, 8.75, 10, 9.25], "texture": "#2"},
				"down": {"uv": [3.5, 10.25, 3, 10.75], "texture": "#2"}
			}
		},
		{
			"from": [6.72266, 1.87891, 3.86719],
			"to": [7.22266, 2.87891, 5.11719],
			"rotation": {"angle": 22.5, "axis": "z", "origin": [1, 1.375, 6.5]},
			"faces": {
				"north": {"uv": [10.75, 9.75, 10.25, 10.25], "texture": "#2"},
				"east": {"uv": [10.75, 6.25, 10, 6.75], "texture": "#2"},
				"south": {"uv": [5, 10.5, 4.5, 11], "texture": "#2"},
				"west": {"uv": [10.75, 5.75, 10, 6.25], "texture": "#2"},
				"up": {"uv": [10.5, 6.75, 10, 7.5], "texture": "#2"},
				"down": {"uv": [10.5, 7.5, 10, 8.25], "texture": "#2"}
			}
		},
		{
			"from": [4.3644, -1.45355, 4.64427],
			"to": [5.3644, 0.79645, 5.64427],
			"rotation": {"angle": 45, "axis": "z", "origin": [0.3644, 1.17145, 6.89427]},
			"faces": {
				"north": {"uv": [4.5, 8.25, 4, 9.5], "texture": "#2"},
				"east": {"uv": [6.5, 8.5, 6, 9.75], "texture": "#2"},
				"south": {"uv": [8.75, 4.5, 8.25, 5.75], "texture": "#2"},
				"west": {"uv": [5, 8.25, 4.5, 9.5], "texture": "#2"},
				"up": {"uv": [6.25, 10.5, 5.75, 11], "texture": "#2"},
				"down": {"uv": [11, 0, 10.5, 0.5], "texture": "#2"}
			}
		},
		{
			"from": [2.99531, 4.04108, 4.64443],
			"to": [3.99531, 5.54108, 5.64443],
			"rotation": {"angle": 22.5, "axis": "z", "origin": [3.9961, 5.05246, 5.13213]},
			"faces": {
				"north": {"uv": [6.25, 9.75, 5.75, 10.5], "texture": "#2"},
				"east": {"uv": [1.5, 10, 1, 10.75], "texture": "#2"},
				"south": {"uv": [1, 10, 0.5, 10.75], "texture": "#2"},
				"west": {"uv": [0.5, 10, 0, 10.75], "texture": "#2"},
				"up": {"uv": [8.75, 5.75, 8.25, 6.25], "texture": "#2"},
				"down": {"uv": [10.5, 8.25, 10, 8.75], "texture": "#2"}
			}
		},
		{
			"from": [2.84619, 4.40447, 4.39844],
			"to": [4.34619, 5.65447, 5.89063],
			"rotation": {"angle": 0, "axis": "z", "origin": [3.57847, 6.10596, 5.14453]},
			"faces": {
				"north": {"uv": [5.5, 6.75, 4.75, 7.5], "texture": "#2"},
				"east": {"uv": [8, 8.5, 7.25, 9.25], "texture": "#2"},
				"south": {"uv": [7.25, 8.5, 6.5, 9.25], "texture": "#2"},
				"west": {"uv": [6.25, 6.75, 5.5, 7.5], "texture": "#2"},
				"up": {"uv": [8.75, 8.5, 8, 9.25], "texture": "#2"},
				"down": {"uv": [9.5, 8.75, 8.75, 9.5], "texture": "#2"}
			}
		},
		{
			"from": [2.27387, 4.76842, 4.39437],
			"to": [3.77387, 7.51842, 5.89437],
			"rotation": {"angle": 22.5, "axis": "z", "origin": [3.47465, 6.02485, 5.14437]},
			"faces": {
				"north": {"uv": [0.75, 8.25, 0, 9.25], "texture": "#2"},
				"east": {"uv": [3, 8.25, 2.25, 9.25], "texture": "#2"},
				"south": {"uv": [2.25, 8.25, 1.5, 9.25], "texture": "#2"},
				"west": {"uv": [1.5, 8.25, 0.75, 9.25], "texture": "#2"},
				"up": {"uv": [9.5, 0, 8.75, 0.75], "texture": "#2"},
				"down": {"uv": [9.5, 2, 8.75, 2.75], "texture": "#2"}
			}
		},
		{
			"from": [2.13833, 6.67774, 4.39437],
			"to": [3.38833, 8.17774, 5.89437],
			"rotation": {"angle": -22.5, "axis": "z", "origin": [2.63833, 7.67774, 5.14437]},
			"faces": {
				"north": {"uv": [1.5, 9.25, 0.75, 10], "texture": "#2"},
				"east": {"uv": [5.75, 9.25, 5, 10], "texture": "#2"},
				"south": {"uv": [3, 9.25, 2.25, 10], "texture": "#2"},
				"west": {"uv": [2.25, 9.25, 1.5, 10], "texture": "#2"},
				"up": {"uv": [7.25, 9.25, 6.5, 10], "texture": "#2"},
				"down": {"uv": [8, 9.25, 7.25, 10], "texture": "#2"}
			}
		},
		{
			"from": [3.79181, 7.78192, 4.39437],
			"to": [5.04181, 9.03192, 5.89437],
			"rotation": {"angle": -45, "axis": "z", "origin": [3.7426, 9.77548, 5.14437]},
			"faces": {
				"north": {"uv": [8.75, 9.25, 8, 10], "texture": "#2"},
				"east": {"uv": [4.5, 9.5, 3.75, 10.25], "texture": "#2"},
				"south": {"uv": [3.75, 9.5, 3, 10.25], "texture": "#2"},
				"west": {"uv": [10, 2.75, 9.25, 3.5], "texture": "#2"},
				"up": {"uv": [9.5, 9.5, 8.75, 10.25], "texture": "#2"},
				"down": {"uv": [10.25, 9.5, 9.5, 10.25], "texture": "#2"}
			}
		},
		{
			"from": [3.63639, 5.56938, 4.51953],
			"to": [4.63639, 7.56938, 5.76953],
			"rotation": {"angle": -22.5, "axis": "z", "origin": [3.44833, 6.09139, 5.14453]},
			"faces": {
				"north": {"uv": [3.5, 8.25, 3, 9.5], "texture": "#2"},
				"east": {"uv": [6, 8, 5.25, 9.25], "texture": "#2"},
				"south": {"uv": [4, 8.25, 3.5, 9.5], "texture": "#2"},
				"west": {"uv": [3.75, 5, 3, 6.25], "texture": "#2"},
				"up": {"uv": [2, 10, 1.5, 10.75], "texture": "#2"},
				"down": {"uv": [2.5, 10, 2, 10.75], "texture": "#2"}
			}
		},
		{
			"from": [2, 1.25, 7.5],
			"to": [5.25, 2.5, 8.5],
			"rotation": {"angle": 0, "axis": "z", "origin": [1.75, 1.375, 7.75]},
			"faces": {
				"north": {"uv": [3.5, 7.5, 5.25, 8.25], "texture": "#2"},
				"east": {"uv": [10, 8.5, 9.5, 9.25], "texture": "#2"},
				"south": {"uv": [5.25, 7.5, 3.5, 8.25], "texture": "#2"},
				"west": {"uv": [10, 7.75, 9.5, 8.5], "texture": "#2"},
				"up": {"uv": [7.75, 8, 6, 8.5], "texture": "#2"},
				"down": {"uv": [9.5, 8, 7.75, 8.5], "texture": "#2"}
			}
		},
		{
			"from": [3.0103, 1.25, 10],
			"to": [6.7603, 2.5, 11],
			"rotation": {"angle": 22.5, "axis": "y", "origin": [3.5103, 1.69824, 10.5]},
			"faces": {
				"north": {"uv": [6.25, 5.25, 8.25, 6], "texture": "#2"},
				"east": {"uv": [10, 5.5, 9.5, 6.25], "texture": "#2"},
				"south": {"uv": [8.25, 5.25, 6.25, 6], "texture": "#2"},
				"west": {"uv": [10, 2, 9.5, 2.75], "texture": "#2"},
				"up": {"uv": [7.25, 7.5, 5.25, 8], "texture": "#2"},
				"down": {"uv": [9.25, 7.5, 7.25, 8], "texture": "#2"}
			}
		},
		{
			"from": [1.7603, 0, 10],
			"to": [3.0103, 1.5, 11],
			"rotation": {"angle": 22.5, "axis": "y", "origin": [3.5103, 2.5, 10.5]},
			"faces": {
				"north": {"uv": [8.75, 6, 9.5, 6.75], "texture": "#2"},
				"east": {"uv": [10.5, 0, 10, 0.75], "texture": "#2"},
				"south": {"uv": [9.5, 6, 8.75, 6.75], "texture": "#2"},
				"west": {"uv": [8.75, 10, 8.25, 10.75], "texture": "#2"},
				"up": {"uv": [3.75, 6.25, 3, 6.75], "texture": "#2"},
				"down": {"uv": [9.5, 0.75, 8.75, 1.25], "texture": "#2"}
			}
		},
		{
			"from": [2.2603, 1.5, 10],
			"to": [3.0103, 2, 11],
			"rotation": {"angle": 22.5, "axis": "y", "origin": [3.5103, 2.5, 10.5]},
			"faces": {
				"north": {"uv": [7.75, 6, 7.25, 6.25], "texture": "#2"},
				"east": {"uv": [10, 1, 9.5, 1.25], "texture": "#2"},
				"south": {"uv": [9.25, 8.5, 8.75, 8.75], "texture": "#2"},
				"west": {"uv": [8.25, 6, 7.75, 6.25], "texture": "#2"},
				"up": {"uv": [4.5, 10.25, 4, 10.75], "texture": "#2"},
				"down": {"uv": [9.25, 10.25, 8.75, 10.75], "texture": "#2"}
			}
		},
		{
			"from": [-0.69762, 0, 5.28451],
			"to": [0.55238, 1.5, 6.28451],
			"rotation": {"angle": -22.5, "axis": "y", "origin": [3.5016, 2.5, 10.53451]},
			"faces": {
				"north": {"uv": [8.75, 6, 9.5, 6.75], "texture": "#2"},
				"east": {"uv": [10.5, 4, 10, 4.75], "texture": "#2"},
				"south": {"uv": [9.5, 6, 8.75, 6.75], "texture": "#2"},
				"west": {"uv": [10.5, 3.25, 10, 4], "texture": "#2"},
				"up": {"uv": [10.75, 4.75, 10, 5.25], "texture": "#2"},
				"down": {"uv": [10.75, 5.25, 10, 5.75], "texture": "#2"}
			}
		},
		{
			"from": [-0.19762, 1.5, 5.28451],
			"to": [0.55238, 2, 6.28451],
			"rotation": {"angle": -22.5, "axis": "y", "origin": [3.5016, 2.5, 10.53451]},
			"faces": {
				"north": {"uv": [11, 3.75, 10.5, 4], "texture": "#2"},
				"east": {"uv": [11, 4.5, 10.5, 4.75], "texture": "#2"},
				"south": {"uv": [11, 4.25, 10.5, 4.5], "texture": "#2"},
				"west": {"uv": [11, 4, 10.5, 4.25], "texture": "#2"},
				"up": {"uv": [10.75, 10.25, 10.25, 10.75], "texture": "#2"},
				"down": {"uv": [10.75, 9.25, 10.25, 9.75], "texture": "#2"}
			}
		},
		{
			"from": [0.75, 0, 7.5],
			"to": [2, 1.5, 8.5],
			"rotation": {"angle": 0, "axis": "y", "origin": [3.5, 1.75, 10.5]},
			"faces": {
				"north": {"uv": [8.75, 6, 9.5, 6.75], "texture": "#2"},
				"east": {"uv": [10.5, 1.5, 10, 2.25], "texture": "#2"},
				"south": {"uv": [9.5, 6, 8.75, 6.75], "texture": "#2"},
				"west": {"uv": [10.5, 0.75, 10, 1.5], "texture": "#2"},
				"up": {"uv": [10.75, 2.25, 10, 2.75], "texture": "#2"},
				"down": {"uv": [10.75, 2.75, 10, 3.25], "texture": "#2"}
			}
		},
		{
			"from": [1.25, 1.5, 7.5],
			"to": [2, 2, 8.5],
			"rotation": {"angle": 0, "axis": "y", "origin": [3.5, 1.75, 10.5]},
			"faces": {
				"north": {"uv": [10, 9.25, 9.5, 9.5], "texture": "#2"},
				"east": {"uv": [11, 3.5, 10.5, 3.75], "texture": "#2"},
				"south": {"uv": [11, 3.25, 10.5, 3.5], "texture": "#2"},
				"west": {"uv": [11, 2, 10.5, 2.25], "texture": "#2"},
				"up": {"uv": [9.75, 10.25, 9.25, 10.75], "texture": "#2"},
				"down": {"uv": [10.25, 10.25, 9.75, 10.75], "texture": "#2"}
			}
		}
	],
	"display": {
		"thirdperson_righthand": {
			"rotation": [65.5, 0, 0],
			"translation": [0, -0.25, 2],
			"scale": [0.5, 0.5, 0.5]
		},
		"thirdperson_lefthand": {
			"rotation": [65.5, 0, 0],
			"translation": [0, -0.25, 2],
			"scale": [0.5, 0.5, 0.5]
		},
		"firstperson_righthand": {
			"rotation": [28, 154, 14],
			"translation": [3.25, 7.5, 0.25]
		},
		"firstperson_lefthand": {
			"rotation": [28, 154, 14],
			"translation": [3.25, 7.5, 0.25]
		},
		"ground": {
			"translation": [0, 4, 0]
		},
		"gui": {
			"rotation": [22, -142, 0],
			"translation": [-0.5, 3.25, 0]
		},
		"head": {
			"translation": [0, -36.75, 0.25]
		},
		"fixed": {
			"rotation": [-90, 0, 0],
			"translation": [0, -0.25, -8.25]
		}
	},
	"groups": [0, 1, 2, 3,
		{
			"name": "group",
			"origin": [12.4897, 1.69824, 10.5],
			"children": [4, 5, 6, 7,
				{
					"name": "group",
					"origin": [12.55167, 6.09139, 5],
					"children": [8, 9, 10, 11, 12, 13, 14]
				}, 15, 16, 17, 18, 19, 20, 21, 22]
		},
		{
			"name": "group",
			"origin": [12.4897, 1.69824, 10.5],
			"children": [23, 24, 25, 26,
				{
					"name": "group",
					"origin": [12.55167, 6.09139, 5],
					"children": [27, 28, 29, 30, 31, 32, 33]
				}, 34, 35, 36, 37, 38, 39, 40, 41]
		}
	]
}