{
	"credit": "Made with Blockbench",
	"texture_size": [64, 64],
	"textures": {
		"0": "new/15",
		"particle": "new/15"
	},
	"elements": [
		{
			"from": [5.75, 0.25, 2.75],
			"to": [10.25, 0.5, 3.75],
			"rotation": {"angle": 0, "axis": "y", "origin": [0.25, 8.25, 7.75]},
			"faces": {
				"north": {"uv": [4.5, 4.25, 6.75, 4.5], "texture": "#0"},
				"east": {"uv": [6, 1, 6.5, 1.25], "texture": "#0"},
				"south": {"uv": [7.25, 7, 9.5, 7.25], "texture": "#0"},
				"west": {"uv": [9.25, 0.25, 9.75, 0.5], "texture": "#0"},
				"up": {"uv": [2.25, 1.25, 4.5, 1.75], "texture": "#0"},
				"down": {"uv": [2.25, 1.75, 4.5, 2.25], "texture": "#0"}
			}
		},
		{
			"from": [7.5, 0.25, 7],
			"to": [9, 1.25, 8.5],
			"rotation": {"angle": 22.5, "axis": "y", "origin": [8.26222, 0.7509, 7.73689]},
			"faces": {
				"north": {"uv": [8.75, 7.25, 9.5, 7.75], "texture": "#0"},
				"east": {"uv": [5.25, 9, 6, 9.5], "texture": "#0"},
				"south": {"uv": [6, 9, 6.75, 9.5], "texture": "#0"},
				"west": {"uv": [6.75, 9, 7.5, 9.5], "texture": "#0"},
				"up": {"uv": [3.75, 7.75, 4.5, 8.5], "texture": "#0"},
				"down": {"uv": [5.25, 8.25, 6, 9], "texture": "#0"}
			}
		},
		{
			"from": [7.5, 0.25, 9.75],
			"to": [9, 1.5, 11.5],
			"rotation": {"angle": -22.5, "axis": "y", "origin": [8.26222, 0.7509, 10.73689]},
			"faces": {
				"north": {"uv": [6, 8.25, 6.75, 9], "texture": "#0"},
				"east": {"uv": [6.75, 1, 7.75, 1.75], "texture": "#0"},
				"south": {"uv": [6.75, 8.25, 7.5, 9], "texture": "#0"},
				"west": {"uv": [7.75, 1, 6.75, 1.75], "texture": "#0"},
				"up": {"uv": [6.25, 7.25, 7, 8.25], "texture": "#0"},
				"down": {"uv": [7, 7.25, 7.75, 8.25], "texture": "#0"}
			}
		},
		{
			"from": [5.5, 0.5, 9.75],
			"to": [7.5, 2.25, 11.5],
			"rotation": {"angle": -45, "axis": "y", "origin": [6.76222, 0.7509, 9.73689]},
			"faces": {
				"north": {"uv": [6.25, 6.25, 7.25, 7.25], "texture": "#0"},
				"east": {"uv": [6.25, 5, 7.25, 6], "texture": "#0"},
				"south": {"uv": [2.25, 6.75, 3.25, 7.75], "texture": "#0"},
				"west": {"uv": [3.25, 6.75, 4.25, 7.75], "texture": "#0"},
				"up": {"uv": [6.75, 0, 7.75, 1], "texture": "#0"},
				"down": {"uv": [5.25, 7.25, 6.25, 8.25], "texture": "#0"}
			}
		},
		{
			"from": [3.49911, 1.25, 9.72467],
			"to": [5.74911, 1.75, 10.22467],
			"rotation": {"angle": 22.5, "axis": "y", "origin": [6.76222, 0.7509, 9.73689]},
			"faces": {
				"north": {"uv": [7.5, 9, 8.75, 9.25], "texture": "#0"},
				"east": {"uv": [9.75, 5.25, 10, 5.5], "texture": "#0"},
				"south": {"uv": [4.75, 1, 6, 1.25], "texture": "#0"},
				"west": {"uv": [9.75, 5.5, 10, 5.75], "texture": "#0"},
				"up": {"uv": [4.25, 8.5, 4.5, 9.75], "rotation": 90, "texture": "#0"},
				"down": {"uv": [3.5, 8.75, 3.75, 10], "rotation": 270, "texture": "#0"}
			}
		},
		{
			"from": [6.5, 1, 10.75],
			"to": [7, 1.5, 12.5],
			"rotation": {"angle": -45, "axis": "y", "origin": [6.76222, 0.7509, 9.73689]},
			"faces": {
				"north": {"uv": [9.75, 6.25, 10, 6.5], "texture": "#0"},
				"east": {"uv": [9, 8.75, 10, 9], "texture": "#0"},
				"south": {"uv": [9.75, 6.5, 10, 6.75], "texture": "#0"},
				"west": {"uv": [9.25, 0, 10.25, 0.25], "texture": "#0"},
				"up": {"uv": [9.25, 2.25, 9.5, 3.25], "texture": "#0"},
				"down": {"uv": [9.25, 3.25, 9.5, 4.25], "texture": "#0"}
			}
		},
		{
			"from": [6.25, 0.75, 10.75],
			"to": [6.5, 1.25, 12.75],
			"rotation": {"angle": -45, "axis": "y", "origin": [6.76222, 0.7509, 9.73689]},
			"faces": {
				"north": {"uv": [9.75, 5.75, 10, 6], "texture": "#0"},
				"east": {"uv": [5.25, 5, 6.25, 5.25], "texture": "#0"},
				"south": {"uv": [9.75, 6, 10, 6.25], "texture": "#0"},
				"west": {"uv": [6.25, 6, 7.25, 6.25], "texture": "#0"},
				"up": {"uv": [5, 9.25, 5.25, 10.25], "texture": "#0"},
				"down": {"uv": [8.5, 9.25, 8.75, 10.25], "texture": "#0"}
			}
		},
		{
			"from": [5.85938, 0.34766, 9],
			"to": [7.10938, 1.84766, 11],
			"rotation": {"angle": -45, "axis": "y", "origin": [6.76222, 0.7509, 9.73689]},
			"faces": {
				"north": {"uv": [7.5, 8.25, 8.25, 9], "texture": "#0"},
				"east": {"uv": [7.25, 5, 8.25, 5.75], "texture": "#0"},
				"south": {"uv": [8.25, 8.25, 9, 9], "texture": "#0"},
				"west": {"uv": [7.25, 5.75, 8.25, 6.5], "texture": "#0"},
				"up": {"uv": [2.25, 7.75, 3, 8.75], "texture": "#0"},
				"down": {"uv": [3, 7.75, 3.75, 8.75], "texture": "#0"}
			}
		},
		{
			"from": [6.10938, 0.59766, 8.25],
			"to": [6.85938, 1.34766, 10.25],
			"rotation": {"angle": -45, "axis": "y", "origin": [6.76222, 0.7509, 9.73689]},
			"faces": {
				"north": {"uv": [8, 9.25, 8.5, 9.75], "texture": "#0"},
				"east": {"uv": [7.75, 7.25, 8.75, 7.75], "texture": "#0"},
				"south": {"uv": [9.25, 9.25, 9.75, 9.75], "texture": "#0"},
				"west": {"uv": [8.5, 6.5, 9.5, 7], "texture": "#0"},
				"up": {"uv": [8.75, 4.5, 9.25, 5.5], "texture": "#0"},
				"down": {"uv": [8.75, 5.5, 9.25, 6.5], "texture": "#0"}
			}
		},
		{
			"from": [9.25, 0.25, 6.5],
			"to": [9.75, 0.75, 7.25],
			"rotation": {"angle": -22.5, "axis": "y", "origin": [9.51112, 0.50461, 6.85928]},
			"faces": {
				"north": {"uv": [9.75, 4, 10, 4.25], "texture": "#0"},
				"east": {"uv": [9.25, 9, 9.75, 9.25], "texture": "#0"},
				"south": {"uv": [9.75, 4.5, 10, 4.75], "texture": "#0"},
				"west": {"uv": [5.25, 9.5, 5.75, 9.75], "texture": "#0"},
				"up": {"uv": [5.75, 9.5, 6, 10], "texture": "#0"},
				"down": {"uv": [6, 9.5, 6.25, 10], "texture": "#0"}
			}
		},
		{
			"from": [9.5, 0.25, 7.5],
			"to": [10, 0.75, 8.25],
			"rotation": {"angle": 0, "axis": "y", "origin": [9.76112, 0.50461, 7.85928]},
			"faces": {
				"north": {"uv": [9.75, 4.75, 10, 5], "texture": "#0"},
				"east": {"uv": [6.25, 9.5, 6.75, 9.75], "texture": "#0"},
				"south": {"uv": [9.75, 5, 10, 5.25], "texture": "#0"},
				"west": {"uv": [6.75, 9.5, 7.25, 9.75], "texture": "#0"},
				"up": {"uv": [7.25, 9.5, 7.5, 10], "texture": "#0"},
				"down": {"uv": [9.5, 1.75, 9.75, 2.25], "texture": "#0"}
			}
		},
		{
			"from": [9.12891, 0.25, 9.125],
			"to": [9.87891, 1, 10.125],
			"rotation": {"angle": 45, "axis": "y", "origin": [9.39003, 0.50461, 9.48428]},
			"faces": {
				"north": {"uv": [7.75, 4.5, 8.25, 5], "texture": "#0"},
				"east": {"uv": [9, 1.75, 9.5, 2.25], "texture": "#0"},
				"south": {"uv": [9, 7.75, 9.5, 8.25], "texture": "#0"},
				"west": {"uv": [9, 8.25, 9.5, 8.75], "texture": "#0"},
				"up": {"uv": [4.5, 9.25, 5, 9.75], "texture": "#0"},
				"down": {"uv": [7.5, 9.25, 8, 9.75], "texture": "#0"}
			}
		},
		{
			"from": [5.25, 0.25, 3.25],
			"to": [5.75, 0.5, 3.75],
			"rotation": {"angle": 0, "axis": "y", "origin": [-4.25, 8.25, 7.75]},
			"faces": {
				"north": {"uv": [9.5, 3, 9.75, 3.25], "texture": "#0"},
				"east": {"uv": [9.5, 3.25, 9.75, 3.5], "texture": "#0"},
				"south": {"uv": [9.5, 3.5, 9.75, 3.75], "texture": "#0"},
				"west": {"uv": [9.5, 3.75, 9.75, 4], "texture": "#0"},
				"up": {"uv": [9.5, 4, 9.75, 4.25], "texture": "#0"},
				"down": {"uv": [9.5, 5.5, 9.75, 5.75], "texture": "#0"}
			}
		},
		{
			"from": [10.25, 0.25, 3.25],
			"to": [10.75, 0.5, 3.75],
			"rotation": {"angle": 0, "axis": "y", "origin": [20.25, 8.25, 7.75]},
			"faces": {
				"north": {"uv": [9.5, 5.75, 9.75, 6], "texture": "#0"},
				"east": {"uv": [9.5, 6, 9.75, 6.25], "texture": "#0"},
				"south": {"uv": [9.5, 6.25, 9.75, 6.5], "texture": "#0"},
				"west": {"uv": [9.5, 6.5, 9.75, 6.75], "texture": "#0"},
				"up": {"uv": [9.5, 6.75, 9.75, 7], "texture": "#0"},
				"down": {"uv": [9.5, 7, 9.75, 7.25], "texture": "#0"}
			}
		},
		{
			"from": [9.75, 0.25, 3.75],
			"to": [10.25, 0.5, 4.25],
			"rotation": {"angle": 0, "axis": "y", "origin": [19.75, 8.25, 8.25]},
			"faces": {
				"north": {"uv": [1.5, 9.75, 1.75, 10], "texture": "#0"},
				"east": {"uv": [1.75, 9.75, 2, 10], "texture": "#0"},
				"south": {"uv": [2, 9.75, 2.25, 10], "texture": "#0"},
				"west": {"uv": [2.25, 9.75, 2.5, 10], "texture": "#0"},
				"up": {"uv": [2.5, 9.75, 2.75, 10], "texture": "#0"},
				"down": {"uv": [2.75, 9.75, 3, 10], "texture": "#0"}
			}
		},
		{
			"from": [9.75, 0.25, 11.75],
			"to": [10.25, 0.5, 12.25],
			"rotation": {"angle": 0, "axis": "y", "origin": [19.75, 8.25, 16.25]},
			"faces": {
				"north": {"uv": [3, 9.75, 3.25, 10], "texture": "#0"},
				"east": {"uv": [3.25, 9.75, 3.5, 10], "texture": "#0"},
				"south": {"uv": [4.25, 9.75, 4.5, 10], "texture": "#0"},
				"west": {"uv": [4.5, 9.75, 4.75, 10], "texture": "#0"},
				"up": {"uv": [4.75, 9.75, 5, 10], "texture": "#0"},
				"down": {"uv": [5.25, 9.75, 5.5, 10], "texture": "#0"}
			}
		},
		{
			"from": [5.75, 0.25, 11.75],
			"to": [6.25, 0.5, 12.25],
			"rotation": {"angle": 0, "axis": "y", "origin": [15.75, 8.25, 16.25]},
			"faces": {
				"north": {"uv": [5.5, 9.75, 5.75, 10], "texture": "#0"},
				"east": {"uv": [6.25, 9.75, 6.5, 10], "texture": "#0"},
				"south": {"uv": [6.5, 9.75, 6.75, 10], "texture": "#0"},
				"west": {"uv": [6.75, 9.75, 7, 10], "texture": "#0"},
				"up": {"uv": [7, 9.75, 7.25, 10], "texture": "#0"},
				"down": {"uv": [7.5, 9.75, 7.75, 10], "texture": "#0"}
			}
		},
		{
			"from": [5.75, 0.25, 3.75],
			"to": [6.25, 0.5, 4.25],
			"rotation": {"angle": 0, "axis": "y", "origin": [15.75, 8.25, 8.25]},
			"faces": {
				"north": {"uv": [7.75, 9.75, 8, 10], "texture": "#0"},
				"east": {"uv": [8, 9.75, 8.25, 10], "texture": "#0"},
				"south": {"uv": [8.25, 9.75, 8.5, 10], "texture": "#0"},
				"west": {"uv": [9.25, 9.75, 9.5, 10], "texture": "#0"},
				"up": {"uv": [9.5, 9.75, 9.75, 10], "texture": "#0"},
				"down": {"uv": [9.75, 9.75, 10, 10], "texture": "#0"}
			}
		},
		{
			"from": [10.25, 0.25, 12.25],
			"to": [10.75, 0.5, 12.75],
			"rotation": {"angle": 0, "axis": "y", "origin": [20.25, 8.25, 8.25]},
			"faces": {
				"north": {"uv": [9.5, 7.25, 9.75, 7.5], "texture": "#0"},
				"east": {"uv": [9.5, 7.5, 9.75, 7.75], "texture": "#0"},
				"south": {"uv": [9.5, 7.75, 9.75, 8], "texture": "#0"},
				"west": {"uv": [9.5, 8, 9.75, 8.25], "texture": "#0"},
				"up": {"uv": [9.5, 8.25, 9.75, 8.5], "texture": "#0"},
				"down": {"uv": [9.5, 8.5, 9.75, 8.75], "texture": "#0"}
			}
		},
		{
			"from": [5.25, 0.25, 12.25],
			"to": [5.75, 0.5, 12.75],
			"rotation": {"angle": 0, "axis": "y", "origin": [-4.25, 8.25, 8.25]},
			"faces": {
				"north": {"uv": [0, 9.75, 0.25, 10], "texture": "#0"},
				"east": {"uv": [0.25, 9.75, 0.5, 10], "texture": "#0"},
				"south": {"uv": [0.5, 9.75, 0.75, 10], "texture": "#0"},
				"west": {"uv": [0.75, 9.75, 1, 10], "texture": "#0"},
				"up": {"uv": [1, 9.75, 1.25, 10], "texture": "#0"},
				"down": {"uv": [1.25, 9.75, 1.5, 10], "texture": "#0"}
			}
		},
		{
			"from": [5.75, 0, 3.5],
			"to": [10.25, 0.25, 12.5],
			"rotation": {"angle": 0, "axis": "y", "origin": [0.25, 8, 8.75]},
			"faces": {
				"north": {"uv": [7.75, 1.5, 10, 1.75], "texture": "#0"},
				"east": {"uv": [4.5, 1.75, 9, 2], "texture": "#0"},
				"south": {"uv": [7.75, 4.25, 10, 4.5], "texture": "#0"},
				"west": {"uv": [4.5, 2, 9, 2.25], "texture": "#0"},
				"up": {"uv": [0, 0, 2.25, 4.5], "texture": "#0"},
				"down": {"uv": [2.25, 2.25, 4.5, 6.75], "texture": "#0"}
			}
		},
		{
			"from": [5.5, 0, 3.75],
			"to": [5.75, 0.25, 12.25],
			"rotation": {"angle": 0, "axis": "y", "origin": [-0.25, 8, 8.75]},
			"faces": {
				"north": {"uv": [6.5, 1, 6.75, 1.25], "texture": "#0"},
				"east": {"uv": [4.5, 3.25, 8.75, 3.5], "texture": "#0"},
				"south": {"uv": [9.5, 2.25, 9.75, 2.5], "texture": "#0"},
				"west": {"uv": [4.5, 3.5, 8.75, 3.75], "texture": "#0"},
				"up": {"uv": [2, 4.5, 2.25, 8.75], "texture": "#0"},
				"down": {"uv": [4.5, 5, 4.75, 9.25], "texture": "#0"}
			}
		},
		{
			"from": [10.25, 0, 3.75],
			"to": [10.5, 0.25, 12.25],
			"rotation": {"angle": 0, "axis": "y", "origin": [16.25, 8, 8.75]},
			"faces": {
				"north": {"uv": [9.5, 2.5, 9.75, 2.75], "texture": "#0"},
				"east": {"uv": [4.5, 3.75, 8.75, 4], "texture": "#0"},
				"south": {"uv": [9.5, 2.75, 9.75, 3], "texture": "#0"},
				"west": {"uv": [4.5, 4, 8.75, 4.25], "texture": "#0"},
				"up": {"uv": [4.75, 5, 5, 9.25], "texture": "#0"},
				"down": {"uv": [5, 5, 5.25, 9.25], "texture": "#0"}
			}
		},
		{
			"from": [5.75, 0.25, 12.25],
			"to": [10.25, 0.5, 13.25],
			"rotation": {"angle": 0, "axis": "y", "origin": [15.75, 8.25, 17.25]},
			"faces": {
				"north": {"uv": [7.75, 1, 10, 1.25], "texture": "#0"},
				"east": {"uv": [9.25, 5, 9.75, 5.25], "texture": "#0"},
				"south": {"uv": [7.75, 1.25, 10, 1.5], "texture": "#0"},
				"west": {"uv": [9.25, 5.25, 9.75, 5.5], "texture": "#0"},
				"up": {"uv": [4.5, 4.5, 6.75, 5], "texture": "#0"},
				"down": {"uv": [4.5, 1.25, 6.75, 1.75], "texture": "#0"}
			}
		},
		{
			"from": [10.24825, 0.25171, 3.75],
			"to": [11.24825, 0.50171, 12.25],
			"rotation": {"angle": 0, "axis": "y", "origin": [7.99247, 0.37674, 7.98623]},
			"faces": {
				"north": {"uv": [9.25, 0.5, 9.75, 0.75], "texture": "#0"},
				"east": {"uv": [4.5, 2.25, 8.75, 2.5], "texture": "#0"},
				"south": {"uv": [9.25, 0.75, 9.75, 1], "texture": "#0"},
				"west": {"uv": [4.5, 2.5, 8.75, 2.75], "texture": "#0"},
				"up": {"uv": [0, 4.5, 0.5, 8.75], "texture": "#0"},
				"down": {"uv": [0.5, 4.5, 1, 8.75], "texture": "#0"}
			}
		},
		{
			"from": [4.75175, 0.25171, 3.75],
			"to": [5.75175, 0.50171, 12.25],
			"rotation": {"angle": 0, "axis": "y", "origin": [8.00753, 0.37674, 7.98623]},
			"faces": {
				"north": {"uv": [9.25, 4.5, 9.75, 4.75], "texture": "#0"},
				"east": {"uv": [4.5, 2.75, 8.75, 3], "texture": "#0"},
				"south": {"uv": [9.25, 4.75, 9.75, 5], "texture": "#0"},
				"west": {"uv": [4.5, 3, 8.75, 3.25], "texture": "#0"},
				"up": {"uv": [1, 4.5, 1.5, 8.75], "texture": "#0"},
				"down": {"uv": [1.5, 4.5, 2, 8.75], "texture": "#0"}
			}
		},
		{
			"from": [6.25, 0.25, 4.5],
			"to": [7, 2, 6.5],
			"rotation": {"angle": 0, "axis": "y", "origin": [-2, 8.25, 10.5]},
			"faces": {
				"north": {"uv": [1.5, 8.75, 2, 9.75], "texture": "#0"},
				"east": {"uv": [5.75, 0, 6.75, 1], "texture": "#0"},
				"south": {"uv": [2, 8.75, 2.5, 9.75], "texture": "#0"},
				"west": {"uv": [5.25, 6.25, 6.25, 7.25], "texture": "#0"},
				"up": {"uv": [2.5, 8.75, 3, 9.75], "texture": "#0"},
				"down": {"uv": [3, 8.75, 3.5, 9.75], "texture": "#0"}
			}
		},
		{
			"from": [7.0165, 2.17532, 5.35894],
			"to": [7.2665, 2.67532, 5.60894],
			"rotation": {"angle": 22.5, "axis": "z", "origin": [7.14693, 2.55522, 5.47363]},
			"faces": {
				"north": {"uv": [9.75, 2.5, 10, 2.75], "texture": "#0"},
				"east": {"uv": [9.75, 2.75, 10, 3], "texture": "#0"},
				"south": {"uv": [9.75, 3, 10, 3.25], "texture": "#0"},
				"west": {"uv": [9.75, 3.25, 10, 3.5], "texture": "#0"},
				"up": {"uv": [9.75, 3.5, 10, 3.75], "texture": "#0"},
				"down": {"uv": [9.75, 3.75, 10, 4], "texture": "#0"}
			}
		},
		{
			"from": [7.15234, 1.75, 5.35938],
			"to": [7.40234, 2.25, 5.60938],
			"rotation": {"angle": 0, "axis": "y", "origin": [-1.59766, 9.75, 10.60938]},
			"faces": {
				"north": {"uv": [9.75, 0.25, 10, 0.5], "texture": "#0"},
				"east": {"uv": [9.75, 0.5, 10, 0.75], "texture": "#0"},
				"south": {"uv": [9.75, 0.75, 10, 1], "texture": "#0"},
				"west": {"uv": [9.75, 1.75, 10, 2], "texture": "#0"},
				"up": {"uv": [9.75, 2, 10, 2.25], "texture": "#0"},
				"down": {"uv": [9.75, 2.25, 10, 2.5], "texture": "#0"}
			}
		},
		{
			"from": [7, 0.25, 5.75],
			"to": [7.5, 2, 6.5],
			"rotation": {"angle": 0, "axis": "y", "origin": [-1.5, 8.25, 11.75]},
			"faces": {
				"north": {"uv": [9, 9, 9.25, 10], "texture": "#0"},
				"east": {"uv": [8.75, 2.25, 9.25, 3.25], "texture": "#0"},
				"south": {"uv": [9, 0, 9.25, 1], "texture": "#0"},
				"west": {"uv": [8.75, 3.25, 9.25, 4.25], "texture": "#0"},
				"up": {"uv": [3.75, 9.5, 4, 10], "texture": "#0"},
				"down": {"uv": [4, 9.5, 4.25, 10], "texture": "#0"}
			}
		},
		{
			"from": [6, 0.75, 4.25],
			"to": [8.5, 1.75, 6.75],
			"rotation": {"angle": 0, "axis": "y", "origin": [-0.75, 8.5, 10.5]},
			"faces": {
				"north": {"uv": [7.25, 6.5, 8.5, 7], "texture": "#0"},
				"east": {"uv": [7.75, 7.75, 9, 8.25], "texture": "#0"},
				"south": {"uv": [7.75, 0, 9, 0.5], "texture": "#0"},
				"west": {"uv": [7.75, 0.5, 9, 1], "texture": "#0"},
				"up": {"uv": [2.25, 0, 3.5, 1.25], "texture": "#0"},
				"down": {"uv": [3.5, 0, 4.75, 1.25], "texture": "#0"}
			}
		},
		{
			"from": [7.5, 0.25, 4.5],
			"to": [8.25, 2, 6.5],
			"rotation": {"angle": 0, "axis": "y", "origin": [-0.75, 8.25, 10.5]},
			"faces": {
				"north": {"uv": [8.25, 4.5, 8.75, 5.5], "texture": "#0"},
				"east": {"uv": [4.75, 0, 5.75, 1], "texture": "#0"},
				"south": {"uv": [8.25, 5.5, 8.75, 6.5], "texture": "#0"},
				"west": {"uv": [5.25, 5.25, 6.25, 6.25], "texture": "#0"},
				"up": {"uv": [3.75, 8.5, 4.25, 9.5], "texture": "#0"},
				"down": {"uv": [0, 8.75, 0.5, 9.75], "texture": "#0"}
			}
		},
		{
			"from": [7, 0.25, 4.5],
			"to": [7.5, 2, 5.25],
			"rotation": {"angle": 0, "axis": "y", "origin": [-1.5, 8.25, 10.5]},
			"faces": {
				"north": {"uv": [4.25, 6.75, 4.5, 7.75], "texture": "#0"},
				"east": {"uv": [0.5, 8.75, 1, 9.75], "texture": "#0"},
				"south": {"uv": [8.75, 9, 9, 10], "texture": "#0"},
				"west": {"uv": [1, 8.75, 1.5, 9.75], "texture": "#0"},
				"up": {"uv": [9.25, 5.5, 9.5, 6], "texture": "#0"},
				"down": {"uv": [9.25, 6, 9.5, 6.5], "texture": "#0"}
			}
		}
	],
	"display": {
		"thirdperson_righthand": {
			"rotation": [90, 0, 0],
			"translation": [-6, -2, 49.5],
			"scale": [1.7, 1.7, 1.7]
		},
		"thirdperson_lefthand": {
			"translation": [0, 8, 0]
		},
		"firstperson_righthand": {
			"rotation": [10, -73, -1],
			"translation": [0, 10.25, 0]
		},
		"firstperson_lefthand": {
			"rotation": [10, -73, -1],
			"translation": [0, 10.25, 0]
		},
		"ground": {
			"translation": [0, 4.25, 0]
		},
		"gui": {
			"rotation": [40, -45, 1],
			"translation": [0, 6.75, 0],
			"scale": [1.4, 1.4, 1.4]
		},
		"head": {
			"rotation": [0, 90, 0],
			"translation": [0, -21.5, 0],
			"scale": [2.9, 2.9, 2.9]
		},
		"fixed": {
			"rotation": [-90, 90, 0],
			"translation": [0, 0, -16.25],
			"scale": [2, 2, 2]
		}
	},
	"groups": [0, 1, 2, 3, 4, 5, 6, 7, 8, 9, 10, 11, 12, 13, 14, 15, 16, 17, 18, 19, 20, 21, 22, 23, 24, 25,
		{
			"name": "group",
			"origin": [-0.5, 8.25, 10.5],
			"children": [26, 27, 28, 29, 30, 31, 32]
		}
	]
}