{
	"credit": "Made with Blockbench",
	"texture_size": [128, 128],
	"textures": {
		"2": "new/11",
		"particle": "new/11"
	},
	"elements": [
		{
			"from": [6.25, 0.23828, 6.25],
			"to": [9.75, 9.48828, 9.75],
			"rotation": {"angle": 0, "axis": "y", "origin": [8.50764, 4.23742, 8.11822]},
			"faces": {
				"north": {"uv": [6.25, 3, 7.125, 5.375], "texture": "#2"},
				"east": {"uv": [6.75, 6.75, 7.625, 9.125], "texture": "#2"},
				"south": {"uv": [6.75, 0, 7.625, 2.375], "texture": "#2"},
				"west": {"uv": [7.125, 2.375, 8, 4.75], "texture": "#2"},
				"up": {"uv": [8, 8, 8.875, 8.875], "texture": "#2"},
				"down": {"uv": [8, 0, 8.875, 0.875], "texture": "#2"}
			}
		},
		{
			"from": [9.75, 7.98828, 8],
			"to": [12.25, 10.48828, 10.5],
			"rotation": {"angle": 0, "axis": "y", "origin": [12.00764, 5.23742, 8.86822]},
			"faces": {
				"north": {"uv": [8.125, 5.125, 8.75, 5.75], "texture": "#2"},
				"east": {"uv": [8.125, 5.75, 8.75, 6.375], "texture": "#2"},
				"south": {"uv": [3.625, 8.25, 4.25, 8.875], "texture": "#2"},
				"west": {"uv": [4.25, 8.5, 4.875, 9.125], "texture": "#2"},
				"up": {"uv": [4.875, 8.5, 5.5, 9.125], "texture": "#2"},
				"down": {"uv": [5.5, 8.5, 6.125, 9.125], "texture": "#2"}
			}
		},
		{
			"from": [3.75, 7.98828, 8],
			"to": [6.25, 10.48828, 10.5],
			"rotation": {"angle": 0, "axis": "y", "origin": [3.99236, 5.23742, 8.86822]},
			"faces": {
				"north": {"uv": [8.75, 5.125, 8.125, 5.75], "texture": "#2"},
				"east": {"uv": [4.875, 8.5, 4.25, 9.125], "texture": "#2"},
				"south": {"uv": [4.25, 8.25, 3.625, 8.875], "texture": "#2"},
				"west": {"uv": [8.75, 5.75, 8.125, 6.375], "texture": "#2"},
				"up": {"uv": [5.5, 8.5, 4.875, 9.125], "texture": "#2"},
				"down": {"uv": [6.125, 8.5, 5.5, 9.125], "texture": "#2"}
			}
		},
		{
			"from": [6, 2.94141, 6.25],
			"to": [10, 9.69141, 7.5],
			"rotation": {"angle": 0, "axis": "y", "origin": [8.50764, 4.44055, 8.11822]},
			"faces": {
				"north": {"uv": [4.75, 6.125, 5.75, 8.5], "texture": "#2"},
				"east": {"uv": [7.625, 7.625, 8, 10], "texture": "#2"},
				"south": {"uv": [5.75, 6.125, 6.75, 8.5], "texture": "#2"},
				"west": {"uv": [7.625, 0, 8, 2.375], "texture": "#2"},
				"up": {"uv": [5.125, 3, 6.125, 3.375], "texture": "#2"},
				"down": {"uv": [8, 7.625, 9, 8], "texture": "#2"}
			}
		},
		{
			"from": [5.99989, 6.92097, 7.79047],
			"to": [9.99989, 10.17097, 10.39984],
			"rotation": {"angle": -45, "axis": "x", "origin": [8.50753, 4.92011, 8.90869]},
			"faces": {
				"north": {"uv": [7.625, 6.75, 8.625, 7.625], "texture": "#2"},
				"east": {"uv": [8, 2.625, 8.625, 3.5], "texture": "#2"},
				"south": {"uv": [0, 7.75, 1, 8.625], "texture": "#2"},
				"west": {"uv": [8, 3.5, 8.625, 4.375], "texture": "#2"},
				"up": {"uv": [3.625, 5.375, 4.625, 6], "texture": "#2"},
				"down": {"uv": [8, 2, 9, 2.625], "texture": "#2"}
			}
		},
		{
			"from": [5.25, 0.875, 5.25],
			"to": [10.75, 8.375, 10.75],
			"rotation": {"angle": 0, "axis": "y", "origin": [8.00676, 4.12501, 7.99323]},
			"faces": {
				"north": {"uv": [1.875, 3.5, 3.25, 5.375], "texture": "#2"},
				"east": {"uv": [3.25, 3.5, 4.625, 5.375], "texture": "#2"},
				"south": {"uv": [3.5, 0, 4.875, 1.875], "texture": "#2"},
				"west": {"uv": [4.625, 3.5, 3.25, 5.375], "texture": "#2"},
				"up": {"uv": [6.75, 5.375, 8.125, 6.75], "texture": "#2"},
				"down": {"uv": [1.125, 7.5, 2.5, 8.875], "texture": "#2"}
			}
		},
		{
			"from": [5.75, 0.625, 5.75],
			"to": [10.25, 8.875, 10.25],
			"rotation": {"angle": 0, "axis": "y", "origin": [8.00676, 4.12501, 7.99323]},
			"faces": {
				"north": {"uv": [1.375, 5.375, 2.5, 7.5], "texture": "#2"},
				"east": {"uv": [2.5, 5.375, 3.625, 7.5], "texture": "#2"},
				"south": {"uv": [0, 5.625, 1.125, 7.75], "texture": "#2"},
				"west": {"uv": [3.625, 6.125, 4.75, 8.25], "texture": "#2"},
				"up": {"uv": [4.625, 3.375, 5.75, 4.5], "texture": "#2"},
				"down": {"uv": [2.5, 7.5, 3.625, 8.625], "texture": "#2"}
			}
		},
		{
			"from": [4.75, 1.375, 4.75],
			"to": [11.25, 7.125, 11.25],
			"rotation": {"angle": 0, "axis": "y", "origin": [8.00676, 4.12501, 7.99323]},
			"faces": {
				"north": {"uv": [3.5, 1.875, 5.125, 3.375], "texture": "#2"},
				"east": {"uv": [4.625, 4.625, 6.25, 6.125], "texture": "#2"},
				"south": {"uv": [4.875, 0, 6.5, 1.5], "texture": "#2"},
				"west": {"uv": [5.125, 1.5, 6.75, 3], "texture": "#2"},
				"up": {"uv": [1.875, 1.875, 3.5, 3.5], "texture": "#2"},
				"down": {"uv": [1.875, 0, 3.5, 1.625], "texture": "#2"}
			}
		},
		{
			"from": [4.375, 3.19922, 4.375],
			"to": [11.625, 4.69922, 11.625],
			"rotation": {"angle": 0, "axis": "y", "origin": [7.88176, 2.69923, 8.11823]},
			"faces": {
				"north": {"uv": [7.125, 4.75, 9, 5.125], "texture": "#2"},
				"east": {"uv": [8, 0.875, 9.875, 1.25], "texture": "#2"},
				"south": {"uv": [8, 1.25, 9.875, 1.625], "texture": "#2"},
				"west": {"uv": [8, 1.625, 9.875, 2], "texture": "#2"},
				"up": {"uv": [0, 0, 1.875, 1.875], "texture": "#2"},
				"down": {"uv": [0, 1.875, 1.875, 3.75], "texture": "#2"}
			}
		}
	],
	"display": {
		"thirdperson_righthand": {
			"rotation": [90, 0, 0],
			"translation": [-6, -2, 49.5],
			"scale": [1.7, 1.7, 1.7]
		},
		"thirdperson_lefthand": {
			"rotation": [64.5, 0, 0],
			"translation": [0, 2, 2],
			"scale": [0.8, 0.8, 0.8]
		},
		"firstperson_righthand": {
			"rotation": [10.25, 131.25, 0],
			"translation": [-0.5, 6.25, 2],
			"scale": [0.5, 0.5, 0.5]
		},
		"firstperson_lefthand": {
			"rotation": [10.25, 131.25, 0],
			"translation": [-0.5, 6.25, 2],
			"scale": [0.5, 0.5, 0.5]
		},
		"head": {
			"translation": [0, -22.25, -0.25],
			"scale": [2.9, 2.9, 2.9]
		}
	}
}