{
	"credit": "Made with Blockbench",
	"texture_size": [128, 128],
	"textures": {
		"1": "new/10",
		"particle": "new/10"
	},
	"elements": [
		{
			"from": [6.25, 0.125, 6.25],
			"to": [9.75, 9.375, 9.75],
			"rotation": {"angle": 0, "axis": "y", "origin": [8.50764, 4.12414, 8.11822]},
			"faces": {
				"north": {"uv": [4.75, 6, 5.625, 8.375], "texture": "#1"},
				"east": {"uv": [5.625, 6, 6.5, 8.375], "texture": "#1"},
				"south": {"uv": [6.125, 3, 7, 5.375], "texture": "#1"},
				"west": {"uv": [6.5, 6.5, 7.375, 8.875], "texture": "#1"},
				"up": {"uv": [7, 2.75, 7.875, 3.625], "texture": "#1"},
				"down": {"uv": [7, 3.625, 7.875, 4.5], "texture": "#1"}
			}
		},
		{
			"from": [7, 8.875, 7.75],
			"to": [7.25, 10.125, 8],
			"rotation": {"angle": 22.5, "axis": "z", "origin": [7.12129, 9.49825, 7.88046]},
			"faces": {
				"north": {"uv": [0, 7.5, 0.625, 7.875], "texture": "#1"},
				"east": {"uv": [5.625, 4.125, 5.75, 4.5], "texture": "#1"},
				"south": {"uv": [7.625, 5.25, 8.25, 5.625], "texture": "#1"},
				"west": {"uv": [1.125, 5.75, 1.25, 6.125], "texture": "#1"},
				"up": {"uv": [7.625, 5.875, 8.25, 6], "texture": "#1"},
				"down": {"uv": [7.625, 6, 8.25, 6.125], "texture": "#1"}
			}
		},
		{
			"from": [8, 9.125, 7.5],
			"to": [8.25, 10.375, 7.75],
			"rotation": {"angle": -22.5, "axis": "z", "origin": [8.12129, 9.75043, 7.62828]},
			"faces": {
				"north": {"uv": [0, 7.5, 0.625, 7.875], "texture": "#1"},
				"east": {"uv": [5.625, 4.125, 5.75, 4.5], "texture": "#1"},
				"south": {"uv": [7.625, 5.25, 8.25, 5.625], "texture": "#1"},
				"west": {"uv": [1.125, 5.75, 1.25, 6.125], "texture": "#1"},
				"up": {"uv": [7.625, 5.875, 8.25, 6], "texture": "#1"},
				"down": {"uv": [7.625, 6, 8.25, 6.125], "texture": "#1"}
			}
		},
		{
			"from": [8.75, 8.875, 7.75],
			"to": [9, 10.125, 8],
			"rotation": {"angle": -22.5, "axis": "z", "origin": [8.87129, 9.50218, 7.87654]},
			"faces": {
				"north": {"uv": [0, 7.5, 0.625, 7.875], "texture": "#1"},
				"east": {"uv": [5.625, 4.125, 5.75, 4.5], "texture": "#1"},
				"south": {"uv": [7.625, 5.25, 8.25, 5.625], "texture": "#1"},
				"west": {"uv": [1.125, 5.75, 1.25, 6.125], "texture": "#1"},
				"up": {"uv": [7.625, 5.875, 8.25, 6], "texture": "#1"},
				"down": {"uv": [7.625, 6, 8.25, 6.125], "texture": "#1"}
			}
		},
		{
			"from": [5.25, 0.875, 5.25],
			"to": [10.75, 8.375, 10.75],
			"rotation": {"angle": 0, "axis": "y", "origin": [8.00676, 4.12501, 7.99323]},
			"faces": {
				"north": {"uv": [1.75, 3.375, 3.125, 5.25], "texture": "#1"},
				"east": {"uv": [1.375, 3.5, 0, 5.375], "texture": "#1"},
				"south": {"uv": [3.375, 0, 4.75, 1.875], "texture": "#1"},
				"west": {"uv": [0, 3.5, 1.375, 5.375], "texture": "#1"},
				"up": {"uv": [6.375, 0, 7.75, 1.375], "texture": "#1"},
				"down": {"uv": [6.625, 1.375, 8, 2.75], "texture": "#1"}
			}
		},
		{
			"from": [7.5, 9.28516, 5],
			"to": [9, 9.78516, 5.5],
			"rotation": {"angle": -22.5, "axis": "z", "origin": [6.25676, 5.53517, 7.74323]},
			"faces": {
				"north": {"uv": [3, 1.625, 3.375, 1.75], "texture": "#1"},
				"east": {"uv": [1.25, 6, 1.375, 6.125], "texture": "#1"},
				"south": {"uv": [1.375, 5, 1.75, 5.125], "texture": "#1"},
				"west": {"uv": [6, 4, 6.125, 4.125], "texture": "#1"},
				"up": {"uv": [1.375, 5.125, 1.75, 5.25], "texture": "#1"},
				"down": {"uv": [5.625, 3.5, 6, 3.625], "texture": "#1"}
			}
		},
		{
			"from": [7, 9.30469, 5],
			"to": [8.5, 9.80469, 5.5],
			"rotation": {"angle": 22.5, "axis": "z", "origin": [9.74324, 5.5547, 7.74323]},
			"faces": {
				"north": {"uv": [5.75, 4.125, 6.125, 4.25], "texture": "#1"},
				"east": {"uv": [6.375, 1.375, 6.5, 1.5], "texture": "#1"},
				"south": {"uv": [5.75, 4.25, 6.125, 4.375], "texture": "#1"},
				"west": {"uv": [6.375, 5.5, 6.5, 5.625], "texture": "#1"},
				"up": {"uv": [5.75, 4.375, 6.125, 4.5], "texture": "#1"},
				"down": {"uv": [6.125, 5.375, 6.5, 5.5], "texture": "#1"}
			}
		},
		{
			"from": [5.75, 0.625, 5.75],
			"to": [10.25, 8.875, 10.25],
			"rotation": {"angle": 0, "axis": "y", "origin": [8.00676, 4.12501, 7.99323]},
			"faces": {
				"north": {"uv": [1.375, 5.25, 2.5, 7.375], "texture": "#1"},
				"east": {"uv": [2.5, 5.25, 3.625, 7.375], "texture": "#1"},
				"south": {"uv": [0, 5.375, 1.125, 7.5], "texture": "#1"},
				"west": {"uv": [3.625, 6, 4.75, 8.125], "texture": "#1"},
				"up": {"uv": [4.5, 3.375, 5.625, 4.5], "texture": "#1"},
				"down": {"uv": [6.5, 5.375, 7.625, 6.5], "texture": "#1"}
			}
		},
		{
			"from": [4.75, 1.375, 4.75],
			"to": [11.25, 7.125, 11.25],
			"rotation": {"angle": 0, "axis": "y", "origin": [8.00676, 4.12501, 7.99323]},
			"faces": {
				"north": {"uv": [3.375, 1.875, 5, 3.375], "texture": "#1"},
				"east": {"uv": [6.625, 1.5, 5, 3], "texture": "#1"},
				"south": {"uv": [4.75, 0, 6.375, 1.5], "texture": "#1"},
				"west": {"uv": [5, 1.5, 6.625, 3], "texture": "#1"},
				"up": {"uv": [1.75, 1.75, 3.375, 3.375], "texture": "#1"},
				"down": {"uv": [1.75, 0, 3.375, 1.625], "texture": "#1"}
			}
		},
		{
			"from": [8.5, 6.125, 4.25],
			"to": [10.75, 7.625, 4.75],
			"rotation": {"angle": 0, "axis": "y", "origin": [8.00676, 4.37501, 7.74323]},
			"faces": {
				"north": {"uv": [3.625, 5.625, 4.25, 6], "texture": "#1"},
				"east": {"uv": [4.375, 5.25, 4.5, 5.625], "texture": "#1"},
				"south": {"uv": [2.875, 7.375, 3.5, 7.75], "texture": "#1"},
				"west": {"uv": [1.125, 5.375, 1.25, 5.75], "texture": "#1"},
				"up": {"uv": [7, 5.25, 7.625, 5.375], "texture": "#1"},
				"down": {"uv": [7.375, 7.25, 8, 7.375], "texture": "#1"}
			}
		},
		{
			"from": [8, 6.16406, 4.5],
			"to": [9.5, 6.91406, 4.75],
			"rotation": {"angle": -45, "axis": "z", "origin": [7.75676, 5.66407, 7.74323]},
			"faces": {
				"north": {"uv": [1.375, 3.5, 1.75, 3.75], "texture": "#1"},
				"east": {"uv": [1.25, 5.75, 1.375, 6], "texture": "#1"},
				"south": {"uv": [1.375, 3.75, 1.75, 4], "texture": "#1"},
				"west": {"uv": [4.25, 5.75, 4.375, 6], "texture": "#1"},
				"up": {"uv": [5.625, 3.625, 6, 3.75], "texture": "#1"},
				"down": {"uv": [5.625, 3.75, 6, 3.875], "texture": "#1"}
			}
		},
		{
			"from": [6.5, 6.16406, 4.5],
			"to": [8, 6.91406, 4.75],
			"rotation": {"angle": 45, "axis": "z", "origin": [8.24324, 5.66407, 7.74323]},
			"faces": {
				"north": {"uv": [1.375, 4, 1.75, 4.25], "texture": "#1"},
				"east": {"uv": [6, 3.5, 6.125, 3.75], "texture": "#1"},
				"south": {"uv": [1.375, 4.25, 1.75, 4.5], "texture": "#1"},
				"west": {"uv": [6, 3.75, 6.125, 4], "texture": "#1"},
				"up": {"uv": [5.625, 3.875, 6, 4], "texture": "#1"},
				"down": {"uv": [5.625, 4, 6, 4.125], "texture": "#1"}
			}
		},
		{
			"from": [5.25, 6.125, 4.25],
			"to": [7.5, 7.625, 4.75],
			"rotation": {"angle": 0, "axis": "y", "origin": [7.99324, 4.37501, 7.74323]},
			"faces": {
				"north": {"uv": [7.375, 6.5, 8, 6.875], "texture": "#1"},
				"east": {"uv": [1.25, 5.375, 1.375, 5.75], "texture": "#1"},
				"south": {"uv": [7.375, 6.875, 8, 7.25], "texture": "#1"},
				"west": {"uv": [4.375, 5.625, 4.5, 6], "texture": "#1"},
				"up": {"uv": [7.625, 5.625, 8.25, 5.75], "texture": "#1"},
				"down": {"uv": [7.625, 5.75, 8.25, 5.875], "texture": "#1"}
			}
		},
		{
			"from": [7.5, 7.125, 4.36328],
			"to": [8.5, 7.375, 4.61328],
			"rotation": {"angle": 0, "axis": "y", "origin": [7.99324, 4.37501, 7.60651]},
			"faces": {
				"north": {"uv": [1.125, 6.125, 1.375, 6.25], "texture": "#1"},
				"east": {"uv": [6.125, 5.875, 6.25, 6], "texture": "#1"},
				"south": {"uv": [6.125, 5.5, 6.375, 5.625], "texture": "#1"},
				"west": {"uv": [1.125, 6.25, 1.25, 6.375], "texture": "#1"},
				"up": {"uv": [6.125, 5.625, 6.375, 5.75], "texture": "#1"},
				"down": {"uv": [6.125, 5.75, 6.375, 5.875], "texture": "#1"}
			}
		},
		{
			"from": [5, 7.125, 4.39063],
			"to": [5.25, 7.375, 6],
			"rotation": {"angle": 0, "axis": "y", "origin": [8.00676, 4.37501, 7.74323]},
			"faces": {
				"north": {"uv": [1.125, 6.375, 1.25, 6.5], "texture": "#1"},
				"east": {"uv": [5.625, 3.25, 6.125, 3.375], "texture": "#1"},
				"south": {"uv": [1.25, 6.375, 1.375, 6.5], "texture": "#1"},
				"west": {"uv": [5.625, 3.375, 6.125, 3.5], "texture": "#1"},
				"up": {"uv": [1.625, 4.5, 1.75, 5], "texture": "#1"},
				"down": {"uv": [4.25, 5.25, 4.375, 5.75], "texture": "#1"}
			}
		},
		{
			"from": [10.75, 7.125, 4.39063],
			"to": [11, 7.375, 6],
			"rotation": {"angle": 0, "axis": "y", "origin": [7.99324, 4.37501, 7.74323]},
			"faces": {
				"north": {"uv": [1.25, 6.375, 1.125, 6.5], "texture": "#1"},
				"east": {"uv": [6.125, 3.375, 5.625, 3.5], "texture": "#1"},
				"south": {"uv": [1.375, 6.375, 1.25, 6.5], "texture": "#1"},
				"west": {"uv": [6.125, 3.25, 5.625, 3.375], "texture": "#1"},
				"up": {"uv": [1.75, 4.5, 1.625, 5], "texture": "#1"},
				"down": {"uv": [4.375, 5.25, 4.25, 5.75], "texture": "#1"}
			}
		},
		{
			"from": [4.375, 3.19922, 4.375],
			"to": [11.625, 4.69922, 11.625],
			"rotation": {"angle": 0, "axis": "y", "origin": [7.88176, 2.69923, 8.11823]},
			"faces": {
				"north": {"uv": [7, 4.5, 8.75, 4.875], "texture": "#1"},
				"east": {"uv": [7, 4.875, 8.75, 5.25], "texture": "#1"},
				"south": {"uv": [1.125, 7.375, 2.875, 7.75], "texture": "#1"},
				"west": {"uv": [7.375, 7.375, 9.125, 7.75], "texture": "#1"},
				"up": {"uv": [0, 0, 1.75, 1.75], "texture": "#1"},
				"down": {"uv": [0, 1.75, 1.75, 3.5], "texture": "#1"}
			}
		},
		{
			"from": [9.06636, 1.69974, 4.37452],
			"to": [11.3398, 3.19974, 4.62452],
			"rotation": {"angle": 0, "axis": "y", "origin": [7.78016, 2.69975, 7.86775]},
			"faces": {
				"north": {"uv": [5, 3, 5.625, 3.375], "texture": "#1"},
				"east": {"uv": [4.75, 1.5, 4.875, 1.875], "texture": "#1"},
				"south": {"uv": [3.625, 5.25, 4.25, 5.625], "texture": "#1"},
				"west": {"uv": [4.875, 1.5, 5, 1.875], "texture": "#1"},
				"up": {"uv": [1.75, 1.625, 2.375, 1.75], "texture": "#1"},
				"down": {"uv": [2.375, 1.625, 3, 1.75], "texture": "#1"}
			}
		}
	],
	"display": {
		"thirdperson_righthand": {
			"rotation": [90, 0, 0],
			"translation": [-6, -2, 49.5],
			"scale": [1.7, 1.7, 1.7]
		},
		"thirdperson_lefthand": {
			"rotation": [64.5, 0, 0],
			"translation": [0, 2, 2],
			"scale": [0.8, 0.8, 0.8]
		},
		"firstperson_righthand": {
			"rotation": [10.25, 131.25, 0],
			"translation": [-0.5, 6.25, 2],
			"scale": [0.5, 0.5, 0.5]
		},
		"firstperson_lefthand": {
			"rotation": [10.25, 131.25, 0],
			"translation": [-0.5, 6.25, 2],
			"scale": [0.5, 0.5, 0.5]
		},
		"head": {
			"translation": [0, -21.75, -0.25],
			"scale": [2.9, 2.9, 2.9]
		}
	}
}