{
	"credit": "Made with Blockbench",
	"texture_size": [128, 128],
	"textures": {
		"1": "new/4",
		"particle": "new/4"
	},
	"elements": [
		{
			"from": [3, 0.125, 3],
			"to": [13, 2.125, 13],
			"rotation": {"angle": 0, "axis": "y", "origin": [10.875, 8.125, 10.875]},
			"faces": {
				"north": {"uv": [9.5, 8.5, 12, 9], "texture": "#1"},
				"east": {"uv": [9.5, 9, 12, 9.5], "texture": "#1"},
				"south": {"uv": [9.75, 9.75, 12.25, 10.25], "texture": "#1"},
				"west": {"uv": [1.125, 9.875, 3.625, 10.375], "texture": "#1"},
				"up": {"uv": [2, 6.375, 4.5, 8.875], "texture": "#1"},
				"down": {"uv": [7, 7, 9.5, 9.5], "texture": "#1"}
			}
		},
		{
			"from": [2, 11.625, 2],
			"to": [14, 13.625, 14],
			"rotation": {"angle": 0, "axis": "y", "origin": [10.625, 20.625, 10.625]},
			"faces": {
				"north": {"uv": [9.125, 2.875, 12.125, 3.375], "texture": "#1"},
				"east": {"uv": [9.125, 3.375, 12.125, 3.875], "texture": "#1"},
				"south": {"uv": [6.75, 9.5, 9.75, 10], "texture": "#1"},
				"west": {"uv": [9.5, 6.875, 12.5, 7.375], "texture": "#1"},
				"up": {"uv": [0, 0, 3, 3], "texture": "#1"},
				"down": {"uv": [0, 3, 3, 6], "texture": "#1"}
			}
		},
		{
			"from": [3.75, 12.875, 3.75],
			"to": [12.25, 14.875, 12.25],
			"rotation": {"angle": 0, "axis": "y", "origin": [10.875, 21.875, 10.875]},
			"faces": {
				"north": {"uv": [7, 10, 9.125, 10.5], "texture": "#1"},
				"east": {"uv": [9.125, 10.25, 11.25, 10.75], "texture": "#1"},
				"south": {"uv": [1.125, 10.375, 3.25, 10.875], "texture": "#1"},
				"west": {"uv": [10.375, 6.25, 12.5, 6.75], "texture": "#1"},
				"up": {"uv": [7, 0, 9.125, 2.125], "texture": "#1"},
				"down": {"uv": [7, 2.125, 9.125, 4.25], "texture": "#1"}
			}
		},
		{
			"from": [4.75, 14.125, 4.75],
			"to": [11.25, 16.125, 11.25],
			"rotation": {"angle": 0, "axis": "y", "origin": [10.875, 23.125, 10.875]},
			"faces": {
				"north": {"uv": [9, 10.75, 10.625, 11.25], "texture": "#1"},
				"east": {"uv": [10.625, 10.75, 12.25, 11.25], "texture": "#1"},
				"south": {"uv": [1, 10.875, 2.625, 11.375], "texture": "#1"},
				"west": {"uv": [2.625, 10.875, 4.25, 11.375], "texture": "#1"},
				"up": {"uv": [5, 3.375, 6.625, 5], "texture": "#1"},
				"down": {"uv": [5.125, 8.375, 6.75, 10], "texture": "#1"}
			}
		},
		{
			"from": [5.75, 15.375, 5.75],
			"to": [10.25, 17.375, 10.25],
			"rotation": {"angle": 0, "axis": "y", "origin": [10.875, 24.375, 10.875]},
			"faces": {
				"north": {"uv": [9, 11.25, 10.125, 11.75], "texture": "#1"},
				"east": {"uv": [10.125, 11.25, 11.25, 11.75], "texture": "#1"},
				"south": {"uv": [11.25, 11.25, 12.375, 11.75], "texture": "#1"},
				"west": {"uv": [11.25, 10.25, 12.375, 10.75], "texture": "#1"},
				"up": {"uv": [0, 9.375, 1.125, 10.5], "texture": "#1"},
				"down": {"uv": [9.5, 7.375, 10.625, 8.5], "texture": "#1"}
			}
		},
		{
			"from": [6.5, 15.625, 6.5],
			"to": [9.5, 18.625, 9.5],
			"rotation": {"angle": 0, "axis": "y", "origin": [10.625, 24.625, 10.875]},
			"faces": {
				"north": {"uv": [1, 11.375, 1.75, 12.125], "texture": "#1"},
				"east": {"uv": [1.75, 11.375, 2.5, 12.125], "texture": "#1"},
				"south": {"uv": [2.5, 11.375, 3.25, 12.125], "texture": "#1"},
				"west": {"uv": [3.25, 11.375, 4, 12.125], "texture": "#1"},
				"up": {"uv": [0, 11.5, 0.75, 12.25], "texture": "#1"},
				"down": {"uv": [6.875, 11.5, 7.625, 12.25], "texture": "#1"}
			}
		},
		{
			"from": [4, 0.125, 4],
			"to": [12, 13.375, 12],
			"rotation": {"angle": 0, "axis": "y", "origin": [11.375, 8.125, 11.875]},
			"faces": {
				"north": {"uv": [3, 3, 5, 6.375], "texture": "#1"},
				"east": {"uv": [5, 5, 7, 8.375], "texture": "#1"},
				"south": {"uv": [5, 0, 7, 3.375], "texture": "#1"},
				"west": {"uv": [5, 5, 7, 8.375], "texture": "#1"},
				"up": {"uv": [3, 0, 5, 2], "texture": "#1"},
				"down": {"uv": [7, 4.25, 9, 6.25], "texture": "#1"}
			}
		},
		{
			"from": [1.875, 5.875, 6],
			"to": [14.125, 9.875, 10],
			"rotation": {"angle": 0, "axis": "y", "origin": [7.99891, 7.875, 8.00109]},
			"faces": {
				"north": {"uv": [2, 8.875, 5.125, 9.875], "texture": "#1"},
				"east": {"uv": [3, 2, 4.125, 3], "texture": "#1"},
				"south": {"uv": [2, 8.875, 5.125, 9.875], "texture": "#1"},
				"west": {"uv": [3, 2, 4.125, 3], "texture": "#1"},
				"up": {"uv": [9, 5.25, 12.125, 6.25], "texture": "#1"},
				"down": {"uv": [9.125, 0, 12.25, 1], "texture": "#1"}
			}
		},
		{
			"from": [1.375, 6.625, 6.75],
			"to": [14.625, 9.125, 9.25],
			"rotation": {"angle": 0, "axis": "y", "origin": [8.00044, 8, 7.87456]},
			"faces": {
				"north": {"uv": [7, 6.25, 10.375, 6.875], "texture": "#1"},
				"east": {"uv": [4, 11.625, 4.625, 12.25], "texture": "#1"},
				"south": {"uv": [9.125, 1, 12.5, 1.625], "texture": "#1"},
				"west": {"uv": [4, 11.625, 4.625, 12.25], "texture": "#1"},
				"up": {"uv": [9.125, 1.625, 12.5, 2.25], "texture": "#1"},
				"down": {"uv": [9.125, 2.25, 12.5, 2.875], "texture": "#1"}
			}
		},
		{
			"from": [5.875, 6.875, 1.5],
			"to": [10.125, 10.875, 5.5],
			"rotation": {"angle": 0, "axis": "y", "origin": [8.24891, 8.875, 3.50109]},
			"faces": {
				"north": {"uv": [3, 2, 4.125, 3], "texture": "#1"},
				"east": {"uv": [8, 10.5, 9, 11.5], "texture": "#1"},
				"south": {"uv": [3.625, 9.875, 4.75, 10.875], "texture": "#1"},
				"west": {"uv": [10.625, 7.375, 11.625, 8.375], "texture": "#1"},
				"up": {"uv": [4.75, 10, 5.875, 11], "texture": "#1"},
				"down": {"uv": [5.875, 10, 7, 11], "texture": "#1"}
			}
		},
		{
			"from": [6.75, 7.625, 1],
			"to": [9.25, 10.125, 5],
			"rotation": {"angle": 0, "axis": "y", "origin": [7.12391, 8.625, 3.00109]},
			"faces": {
				"north": {"uv": [4, 11.625, 4.625, 12.25], "texture": "#1"},
				"east": {"uv": [4.25, 11, 5.25, 11.625], "texture": "#1"},
				"south": {"uv": [4.625, 11.625, 5.25, 12.25], "texture": "#1"},
				"west": {"uv": [5.25, 11, 6.25, 11.625], "texture": "#1"},
				"up": {"uv": [4.125, 2, 4.75, 3], "texture": "#1"},
				"down": {"uv": [6.25, 11, 6.875, 12], "texture": "#1"}
			}
		}
	],
	"display": {
		"thirdperson_righthand": {
			"rotation": [90, 0, 0],
			"translation": [-6, -2, 43.75]
		},
		"thirdperson_lefthand": {
			"translation": [-0.75, 1, 0],
			"scale": [0.5, 0.5, 0.5]
		},
		"firstperson_righthand": {
			"rotation": [0, 115, 0],
			"translation": [0, 3.75, 0],
			"scale": [0.5, 0.5, 0.5]
		},
		"firstperson_lefthand": {
			"rotation": [0, 115, 0],
			"translation": [0, 3.75, 0],
			"scale": [0.5, 0.5, 0.5]
		},
		"ground": {
			"translation": [0, 4, 0]
		},
		"gui": {
			"rotation": [25, 135, 0],
			"scale": [0.7, 0.7, 0.7]
		},
		"head": {
			"translation": [0, -31.5, 0],
			"scale": [1.7, 1.7, 1.7]
		},
		"fixed": {
			"translation": [0, -1.25, 0]
		}
	}
}