{
	"credit": "Made with Blockbench",
	"texture_size": [64, 64],
	"textures": {
		"0": "new/12",
		"particle": "new/12"
	},
	"elements": [
		{
			"from": [6.5625, -0.00576, 6.19342],
			"to": [9.4375, 2.30924, 9.80342],
			"rotation": {"angle": 0, "axis": "x", "origin": [8.00158, 2.1375, 7.99842]},
			"faces": {
				"north": {"uv": [7, 1.25, 8.5, 2.5], "texture": "#0"},
				"east": {"uv": [7, 7, 8.75, 8.25], "texture": "#0"},
				"south": {"uv": [7, 2.5, 8.5, 3.75], "texture": "#0"},
				"west": {"uv": [8.75, 7, 7, 8.25], "texture": "#0"},
				"up": {"uv": [4, 4, 5.5, 5.75], "texture": "#0"},
				"down": {"uv": [4, 1.75, 5.5, 3.5], "texture": "#0"}
			}
		},
		{
			"from": [6.46305, -0.14092, 4.92342],
			"to": [9.53695, 3.56408, 8.28342],
			"rotation": {"angle": 0, "axis": "x", "origin": [8.00832, 1.71426, 6.46743]},
			"faces": {
				"north": {"uv": [1.75, 4.25, 3.25, 6], "texture": "#0"},
				"east": {"uv": [2, 0, 3.75, 1.75], "texture": "#0"},
				"south": {"uv": [5.5, 5.5, 7, 7.25], "texture": "#0"},
				"west": {"uv": [3.75, 0, 2, 1.75], "texture": "#0"},
				"up": {"uv": [5.5, 0, 7, 1.75], "texture": "#0"},
				"down": {"uv": [5.5, 1.75, 7, 3.5], "texture": "#0"}
			}
		},
		{
			"from": [6.75211, 0.60908, 4.72421],
			"to": [9.24789, 3.31408, 7.58421],
			"rotation": {"angle": -22.5, "axis": "x", "origin": [8.04738, 1.71426, 6.46743]},
			"faces": {
				"north": {"uv": [3.5, 7.5, 4.75, 8.75], "texture": "#0"},
				"east": {"uv": [7, 3.75, 8.5, 5], "texture": "#0"},
				"south": {"uv": [6, 8.25, 7.25, 9.5], "texture": "#0"},
				"west": {"uv": [7, 5, 8.5, 6.25], "texture": "#0"},
				"up": {"uv": [4.75, 7.25, 6, 8.75], "texture": "#0"},
				"down": {"uv": [0, 7.5, 1.25, 9], "texture": "#0"}
			}
		},
		{
			"from": [8.71305, -0.14092, 4.17342],
			"to": [9.78695, 1.06408, 7.03342],
			"rotation": {"angle": 0, "axis": "x", "origin": [8.00832, 1.71426, 6.96743]},
			"faces": {
				"north": {"uv": [9.75, 7.5, 10.25, 8], "texture": "#0"},
				"east": {"uv": [4, 3.5, 5.5, 4], "texture": "#0"},
				"south": {"uv": [1, 10, 1.5, 10.5], "texture": "#0"},
				"west": {"uv": [9.25, 8.75, 10.75, 9.25], "texture": "#0"},
				"up": {"uv": [2.75, 9.25, 3.25, 10.75], "texture": "#0"},
				"down": {"uv": [0, 9.75, 0.5, 11.25], "texture": "#0"}
			}
		},
		{
			"from": [6.21305, -0.14092, 4.17342],
			"to": [7.28695, 1.06408, 7.03342],
			"rotation": {"angle": 0, "axis": "x", "origin": [7.99168, 1.71426, 6.96743]},
			"faces": {
				"north": {"uv": [10.25, 7.5, 9.75, 8], "texture": "#0"},
				"east": {"uv": [10.75, 8.75, 9.25, 9.25], "texture": "#0"},
				"south": {"uv": [1.5, 10, 1, 10.5], "texture": "#0"},
				"west": {"uv": [5.5, 3.5, 4, 4], "texture": "#0"},
				"up": {"uv": [3.25, 9.25, 2.75, 10.75], "texture": "#0"},
				"down": {"uv": [0.5, 9.75, 0, 11.25], "texture": "#0"}
			}
		},
		{
			"from": [6.08805, 2.35908, 4.08749],
			"to": [9.91195, 3.81408, 8.44749],
			"rotation": {"angle": 0, "axis": "x", "origin": [8.13332, 1.71426, 6.46743]},
			"faces": {
				"north": {"uv": [7.25, 8.25, 9.25, 9], "texture": "#0"},
				"east": {"uv": [7, 6.25, 9.25, 7], "texture": "#0"},
				"south": {"uv": [1.25, 8.5, 3.25, 9.25], "texture": "#0"},
				"west": {"uv": [9.25, 6.25, 7, 7], "texture": "#0"},
				"up": {"uv": [0, 0, 2, 2.25], "texture": "#0"},
				"down": {"uv": [2, 2, 4, 4.25], "texture": "#0"}
			}
		},
		{
			"from": [6.5275, 2.96455, 3.99374],
			"to": [9.4725, 6.66955, 7.60374],
			"rotation": {"angle": -22.5, "axis": "x", "origin": [8.00265, 4.92525, 6.43399]},
			"faces": {
				"north": {"uv": [5.5, 3.5, 7, 5.25], "texture": "#0"},
				"east": {"uv": [3.75, 0, 5.5, 1.75], "texture": "#0"},
				"south": {"uv": [0, 5.75, 1.5, 7.5], "texture": "#0"},
				"west": {"uv": [5.5, 0, 3.75, 1.75], "texture": "#0"},
				"up": {"uv": [3.25, 5.75, 4.75, 7.5], "texture": "#0"},
				"down": {"uv": [1.5, 6, 3, 7.75], "texture": "#0"}
			}
		},
		{
			"from": [7.00602, 3.89424, 2.63436],
			"to": [8.99398, 5.59924, 4.49436],
			"rotation": {"angle": 0, "axis": "x", "origin": [7.99794, 4.75449, 3.55869]},
			"faces": {
				"north": {"uv": [9.25, 9.25, 10.25, 10], "texture": "#0"},
				"east": {"uv": [9.25, 6.25, 10.25, 7], "texture": "#0"},
				"south": {"uv": [9.25, 8, 10.25, 8.75], "texture": "#0"},
				"west": {"uv": [10.25, 6.25, 9.25, 7], "texture": "#0"},
				"up": {"uv": [8.75, 0, 9.75, 1], "texture": "#0"},
				"down": {"uv": [8.75, 7, 9.75, 8], "texture": "#0"}
			}
		},
		{
			"from": [7.5, 5.14424, 2.13436],
			"to": [8.5, 6.14424, 3.13436],
			"rotation": {"angle": 0, "axis": "x", "origin": [8.22408, 2.17266, 7.70936]},
			"faces": {
				"north": {"uv": [9.75, 2.5, 10.25, 3], "texture": "#0"},
				"east": {"uv": [9.75, 3, 10.25, 3.5], "texture": "#0"},
				"south": {"uv": [9.75, 3.5, 10.25, 4], "texture": "#0"},
				"west": {"uv": [9.75, 4, 10.25, 4.5], "texture": "#0"},
				"up": {"uv": [9.75, 4.5, 10.25, 5], "texture": "#0"},
				"down": {"uv": [9.75, 7, 10.25, 7.5], "texture": "#0"}
			}
		},
		{
			"from": [6.8, -0.4875, 8.19],
			"to": [9.2, 1.2825, 10.28],
			"rotation": {"angle": -22.5, "axis": "x", "origin": [8.2495, 2.185, 7.1455]},
			"faces": {
				"north": {"uv": [8.5, 1.25, 9.75, 2.25], "texture": "#0"},
				"east": {"uv": [6, 7.25, 7, 8.25], "texture": "#0"},
				"south": {"uv": [8.5, 2.25, 9.75, 3.25], "texture": "#0"},
				"west": {"uv": [7, 7.25, 6, 8.25], "texture": "#0"},
				"up": {"uv": [8.5, 3.25, 9.75, 4.25], "texture": "#0"},
				"down": {"uv": [8.5, 4.25, 9.75, 5.25], "texture": "#0"}
			}
		},
		{
			"from": [7.085, 1.53275, 10.11927],
			"to": [8.915, 3.11275, 12.20927],
			"rotation": {"angle": -45, "axis": "x", "origin": [8.01541, 2.32587, 11.15336]},
			"faces": {
				"north": {"uv": [0, 9, 1, 9.75], "texture": "#0"},
				"east": {"uv": [8.25, 9, 7.25, 9.75], "texture": "#0"},
				"south": {"uv": [8.25, 9, 9.25, 9.75], "texture": "#0"},
				"west": {"uv": [7.25, 9, 8.25, 9.75], "texture": "#0"},
				"up": {"uv": [3.25, 8.75, 4.25, 9.75], "texture": "#0"},
				"down": {"uv": [4.25, 8.75, 5.25, 9.75], "texture": "#0"}
			}
		},
		{
			"from": [8.19, 3.17996, 11.54393],
			"to": [9.77, 5.26996, 12.43924],
			"rotation": {"angle": 22.5, "axis": "x", "origin": [8.00645, 3.75555, 12.41965]},
			"faces": {
				"north": {"uv": [5.25, 8.75, 6, 9.75], "texture": "#0"},
				"east": {"uv": [7.5, 9.75, 8, 10.75], "texture": "#0"},
				"south": {"uv": [2, 9.25, 2.75, 10.25], "texture": "#0"},
				"west": {"uv": [8, 9.75, 8.5, 10.75], "texture": "#0"},
				"up": {"uv": [8.5, 9.75, 9.25, 10.25], "texture": "#0"},
				"down": {"uv": [9.75, 0, 10.5, 0.5], "texture": "#0"}
			}
		},
		{
			"from": [6.23, 3.17996, 11.54393],
			"to": [7.81, 5.26996, 12.43924],
			"rotation": {"angle": 22.5, "axis": "x", "origin": [7.99355, 3.75555, 12.41965]},
			"faces": {
				"north": {"uv": [6, 8.75, 5.25, 9.75], "texture": "#0"},
				"east": {"uv": [8.5, 9.75, 8, 10.75], "texture": "#0"},
				"south": {"uv": [2.75, 9.25, 2, 10.25], "texture": "#0"},
				"west": {"uv": [8, 9.75, 7.5, 10.75], "texture": "#0"},
				"up": {"uv": [9.25, 9.75, 8.5, 10.25], "texture": "#0"},
				"down": {"uv": [10.5, 0, 9.75, 0.5], "texture": "#0"}
			}
		},
		{
			"from": [7.21, 2.80594, 11.22055],
			"to": [8.79, 3.97407, 12.59633],
			"rotation": {"angle": 22.5, "axis": "x", "origin": [8.01488, 3.38062, 11.90358]},
			"faces": {
				"north": {"uv": [9.75, 0.5, 10.5, 1], "texture": "#0"},
				"east": {"uv": [9.75, 1, 10.5, 1.5], "texture": "#0"},
				"south": {"uv": [9.75, 1.5, 10.5, 2], "texture": "#0"},
				"west": {"uv": [10.5, 1, 9.75, 1.5], "texture": "#0"},
				"up": {"uv": [3.75, 9.75, 4.5, 10.5], "texture": "#0"},
				"down": {"uv": [4.5, 9.75, 5.25, 10.5], "texture": "#0"}
			}
		}
	],
	"display": {
		"thirdperson_righthand": {
			"rotation": [90, 0, 0],
			"translation": [-6, -2, 49.5],
			"scale": [1.7, 1.7, 1.7]
		},
		"thirdperson_lefthand": {
			"translation": [0, 7.25, 0]
		},
		"firstperson_righthand": {
			"rotation": [0, 104, 10],
			"translation": [0, 8.5, 2]
		},
		"firstperson_lefthand": {
			"rotation": [0, 104, 10],
			"translation": [0, 8.5, 2]
		},
		"ground": {
			"translation": [0, 5, 0]
		},
		"gui": {
			"rotation": [25.5, 143.5, 0],
			"translation": [0, 6.5, 0],
			"scale": [1.5, 1.5, 1.5]
		},
		"head": {
			"translation": [0, -21, 0.75],
			"scale": [2.9, 2.9, 2.9]
		},
		"fixed": {
			"rotation": [0, 90, 0],
			"translation": [0.75, 8, -0.25],
			"scale": [1.8, 1.8, 1.8]
		}
	}
}