{
	"credit": "Made with Blockbench",
	"texture_size": [64, 64],
	"textures": {
		"0": "new/13",
		"particle": "new/13"
	},
	"elements": [
		{
			"from": [4.75, 0, 4.75],
			"to": [11.25, 1, 5.5],
			"rotation": {"angle": 0, "axis": "y", "origin": [8.25, 8, 6.25]},
			"faces": {
				"north": {"uv": [4, 5.25, 7.25, 5.75], "texture": "#0"},
				"east": {"uv": [6.75, 6.75, 7.25, 7.25], "texture": "#0"},
				"south": {"uv": [0, 5.5, 3.25, 6], "texture": "#0"},
				"west": {"uv": [0, 7, 0.5, 7.5], "texture": "#0"},
				"up": {"uv": [3.25, 5.75, 6.5, 6.25], "texture": "#0"},
				"down": {"uv": [5.75, 0, 9, 0.5], "texture": "#0"}
			}
		},
		{
			"from": [6.5, 0, 10],
			"to": [9.5, 1, 11],
			"rotation": {"angle": 0, "axis": "y", "origin": [8.5, 8, 6.25]},
			"faces": {
				"north": {"uv": [5.75, 3.5, 7.25, 4], "texture": "#0"},
				"east": {"uv": [0.5, 7, 1, 7.5], "texture": "#0"},
				"south": {"uv": [5.75, 4, 7.25, 4.5], "texture": "#0"},
				"west": {"uv": [1, 7, 1.5, 7.5], "texture": "#0"},
				"up": {"uv": [5.75, 4.5, 7.25, 5], "texture": "#0"},
				"down": {"uv": [0, 6, 1.5, 6.5], "texture": "#0"}
			}
		},
		{
			"from": [9.5, 0, 9.25],
			"to": [12.75, 0.98438, 11.5],
			"rotation": {"angle": 0, "axis": "y", "origin": [8.375, 8, 6.25]},
			"faces": {
				"north": {"uv": [5.75, 1.5, 7.5, 2], "texture": "#0"},
				"east": {"uv": [5, 6.25, 6.25, 6.75], "texture": "#0"},
				"south": {"uv": [5.75, 2, 7.5, 2.5], "texture": "#0"},
				"west": {"uv": [6.25, 6.25, 7.5, 6.75], "texture": "#0"},
				"up": {"uv": [4, 4, 5.75, 5.25], "texture": "#0"},
				"down": {"uv": [4, 0, 5.75, 1.25], "texture": "#0"}
			}
		},
		{
			"from": [3.25, 0, 9.25],
			"to": [6.5, 0.98438, 11.5],
			"rotation": {"angle": 0, "axis": "y", "origin": [7.625, 8, 6.25]},
			"faces": {
				"north": {"uv": [7.5, 1.5, 5.75, 2], "texture": "#0"},
				"east": {"uv": [7.5, 6.25, 6.25, 6.75], "texture": "#0"},
				"south": {"uv": [7.5, 2, 5.75, 2.5], "texture": "#0"},
				"west": {"uv": [6.25, 6.25, 5, 6.75], "texture": "#0"},
				"up": {"uv": [5.75, 4, 4, 5.25], "texture": "#0"},
				"down": {"uv": [5.75, 0, 4, 1.25], "texture": "#0"}
			}
		},
		{
			"from": [4, 0, 5.5],
			"to": [12, 1, 10],
			"rotation": {"angle": 0, "axis": "y", "origin": [8.25, 8, 6.25]},
			"faces": {
				"north": {"uv": [0, 4.5, 4, 5], "texture": "#0"},
				"east": {"uv": [5.75, 0.5, 8, 1], "texture": "#0"},
				"south": {"uv": [0, 5, 4, 5.5], "texture": "#0"},
				"west": {"uv": [5.75, 1, 8, 1.5], "texture": "#0"},
				"up": {"uv": [0, 0, 4, 2.25], "texture": "#0"},
				"down": {"uv": [0, 2.25, 4, 4.5], "texture": "#0"}
			}
		},
		{
			"from": [12, 0, 6.25],
			"to": [12.75, 1, 8.75],
			"rotation": {"angle": 0, "axis": "y", "origin": [8.25, 8, 6.25]},
			"faces": {
				"north": {"uv": [3.5, 6.75, 4, 7.25], "texture": "#0"},
				"east": {"uv": [1.5, 6, 2.75, 6.5], "texture": "#0"},
				"south": {"uv": [6.25, 6.75, 6.75, 7.25], "texture": "#0"},
				"west": {"uv": [2.75, 6.25, 4, 6.75], "texture": "#0"},
				"up": {"uv": [4, 6.25, 4.5, 7.5], "texture": "#0"},
				"down": {"uv": [4.5, 6.25, 5, 7.5], "texture": "#0"}
			}
		},
		{
			"from": [3.25, 0, 6.25],
			"to": [4, 1, 8.75],
			"rotation": {"angle": 0, "axis": "y", "origin": [7.75, 8, 6.25]},
			"faces": {
				"north": {"uv": [1.5, 7, 2, 7.5], "texture": "#0"},
				"east": {"uv": [0, 6.5, 1.25, 7], "texture": "#0"},
				"south": {"uv": [2, 7, 2.5, 7.5], "texture": "#0"},
				"west": {"uv": [1.25, 6.5, 2.5, 7], "texture": "#0"},
				"up": {"uv": [2.5, 6.75, 3, 8], "texture": "#0"},
				"down": {"uv": [3, 6.75, 3.5, 8], "texture": "#0"}
			}
		}
	],
	"display": {
		"thirdperson_righthand": {
			"rotation": [90, 0, 0],
			"translation": [-6, -2, 49.5],
			"scale": [1.7, 1.7, 1.7]
		},
		"thirdperson_lefthand": {
			"translation": [0, 7.25, 0]
		},
		"firstperson_righthand": {
			"rotation": [34, 172, -26],
			"translation": [0, 8.5, 2]
		},
		"firstperson_lefthand": {
			"rotation": [34, 172, -26],
			"translation": [0, 8.5, 2]
		},
		"ground": {
			"translation": [0, 5, 0]
		},
		"gui": {
			"rotation": [25.5, 143.5, 0],
			"translation": [0, 6.5, 0],
			"scale": [1.5, 1.5, 1.5]
		},
		"head": {
			"translation": [0, -21.5, 0],
			"scale": [2.9, 2.9, 2.9]
		},
		"fixed": {
			"rotation": [-89, 0, 0],
			"translation": [0, -0.75, -14],
			"scale": [1.8, 1.8, 1.8]
		}
	}
}