{
	"credit": "Made with Blockbench",
	"texture_size": [256, 256],
	"textures": {
		"1": "new/16",
		"particle": "new/16"
	},
	"elements": [
		{
			"name": "e",
			"from": [13.12502, 23.74497, -0.495],
			"to": [15.12502, 26.99497, 0.505],
			"rotation": {"angle": 0, "axis": "y", "origin": [6.62502, 7.99497, 8.005]},
			"faces": {
				"north": {"uv": [3.3125, 1.25, 3.5625, 1.6875], "texture": "#1"},
				"east": {"uv": [1.6875, 3.25, 1.8125, 3.6875], "texture": "#1"},
				"south": {"uv": [2.8125, 7.8125, 3.0625, 8.25], "texture": "#1"},
				"west": {"uv": [3.5, 4.4375, 3.625, 4.875], "texture": "#1"},
				"up": {"uv": [1.25, 3.6875, 1.5, 3.8125], "texture": "#1"},
				"down": {"uv": [4.75, 6.375, 5, 6.5], "texture": "#1"}
			}
		},
		{
			"name": "e",
			"from": [0.87502, 23.74497, -0.495],
			"to": [2.87502, 26.99497, 0.505],
			"rotation": {"angle": 0, "axis": "y", "origin": [-5.62498, 7.99497, 8.005]},
			"faces": {
				"north": {"uv": [3.0625, 7.8125, 3.3125, 8.25], "texture": "#1"},
				"east": {"uv": [8, 5.5, 8.125, 5.9375], "texture": "#1"},
				"south": {"uv": [3.3125, 7.8125, 3.5625, 8.25], "texture": "#1"},
				"west": {"uv": [8.0625, 0.9375, 8.1875, 1.375], "texture": "#1"},
				"up": {"uv": [5, 6.375, 5.25, 6.5], "texture": "#1"},
				"down": {"uv": [5.25, 6.375, 5.5, 6.5], "texture": "#1"}
			}
		},
		{
			"name": "e",
			"from": [13.87502, 23.74497, 0.505],
			"to": [15.12502, 26.99497, 13.505],
			"rotation": {"angle": 0, "axis": "y", "origin": [6.62502, 7.99497, 9.005]},
			"faces": {
				"north": {"uv": [1.625, 7.9375, 1.8125, 8.375], "texture": "#1"},
				"east": {"uv": [5.625, 5.0625, 7.25, 5.5], "texture": "#1"},
				"south": {"uv": [1.8125, 7.9375, 2, 8.375], "texture": "#1"},
				"west": {"uv": [6.375, 2.75, 8, 3.1875], "texture": "#1"},
				"up": {"uv": [7, 7.125, 7.1875, 8.75], "texture": "#1"},
				"down": {"uv": [7.1875, 7.1875, 7.375, 8.8125], "texture": "#1"}
			}
		},
		{
			"name": "e",
			"from": [2.87502, 25.49497, 12.505],
			"to": [13.12502, 28.63559, 13.505],
			"rotation": {"angle": 0, "axis": "y", "origin": [6.62502, 7.99497, 21.005]},
			"faces": {
				"north": {"uv": [6.375, 4.0625, 7.6875, 4.5], "texture": "#1"},
				"east": {"uv": [2.75, 5.0625, 2.875, 5.5], "texture": "#1"},
				"south": {"uv": [4.75, 6.5, 6.0625, 6.9375], "texture": "#1"},
				"west": {"uv": [4.6875, 7.8125, 4.8125, 8.25], "texture": "#1"},
				"up": {"uv": [7.375, 6.75, 8.6875, 6.875], "texture": "#1"},
				"down": {"uv": [7.375, 7.625, 8.6875, 7.75], "texture": "#1"}
			}
		},
		{
			"name": "e",
			"from": [0.875, 8, 12.5],
			"to": [15.125, 23.75, 13.5],
			"rotation": {"angle": 0, "axis": "y", "origin": [6.625, 2.75, 21]},
			"faces": {
				"north": {"uv": [0, 0, 1.8125, 2], "texture": "#1"},
				"east": {"uv": [6.125, 7.375, 6.25, 9.375], "texture": "#1"},
				"south": {"uv": [1.8125, 1.8125, 3.625, 3.8125], "texture": "#1"},
				"west": {"uv": [6.25, 7.375, 6.375, 9.375], "texture": "#1"},
				"up": {"uv": [1.8125, 1.6875, 3.625, 1.8125], "texture": "#1"},
				"down": {"uv": [7.25, 5, 9.0625, 5.125], "texture": "#1"}
			}
		},
		{
			"name": "e",
			"from": [2.87502, 25.49497, -0.495],
			"to": [13.12502, 28.99497, 0.505],
			"rotation": {"angle": 0, "axis": "y", "origin": [6.62502, 7.99497, 8.005]},
			"faces": {
				"north": {"uv": [6.0625, 6.5, 7.375, 6.9375], "texture": "#1"},
				"east": {"uv": [8.0625, 3.1875, 8.1875, 3.625], "texture": "#1"},
				"south": {"uv": [6.5, 5.5, 7.8125, 5.9375], "texture": "#1"},
				"west": {"uv": [8.0625, 4.1875, 8.1875, 4.625], "texture": "#1"},
				"up": {"uv": [7.6875, 0, 9, 0.125], "texture": "#1"},
				"down": {"uv": [7.6875, 0.125, 9, 0.25], "texture": "#1"}
			}
		},
		{
			"name": "e",
			"from": [4.40801, 28.61248, -0.49706],
			"to": [11.5916, 30.53045, 13.50294],
			"rotation": {"angle": 0, "axis": "y", "origin": [6.5916, 11.53045, 8.00294]},
			"faces": {
				"north": {"uv": [4.75, 6.125, 5.625, 6.375], "texture": "#1"},
				"east": {"uv": [6.5, 6.25, 8.25, 6.5], "texture": "#1"},
				"south": {"uv": [7.25, 5.125, 8.125, 5.375], "texture": "#1"},
				"west": {"uv": [6.875, 2.3125, 8.625, 2.5625], "texture": "#1"},
				"up": {"uv": [3.625, 1.25, 4.5, 3], "texture": "#1"},
				"down": {"uv": [0, 3.6875, 0.875, 5.4375], "texture": "#1"}
			}
		},
		{
			"name": "e",
			"from": [11.61588, 25.44251, -0.49507],
			"to": [14.36588, 26.69251, 0.50493],
			"rotation": {"angle": -45, "axis": "z", "origin": [11.69636, 26.09148, 0.15053]},
			"faces": {
				"north": {"uv": [5.125, 2.75, 5.5, 2.9375], "texture": "#1"},
				"east": {"uv": [8.0625, 2, 8.1875, 2.1875], "texture": "#1"},
				"south": {"uv": [7.6875, 2, 8.0625, 2.1875], "texture": "#1"},
				"west": {"uv": [8.125, 3, 8.25, 3.1875], "texture": "#1"},
				"up": {"uv": [3.625, 3.5, 4, 3.625], "texture": "#1"},
				"down": {"uv": [0.875, 3.6875, 1.25, 3.8125], "texture": "#1"}
			}
		},
		{
			"name": "e",
			"from": [10.48409, 27.55865, -0.49718],
			"to": [15.48409, 29.05865, 13.50282],
			"rotation": {"angle": -45, "axis": "z", "origin": [12.81456, 28.45761, 0.14842]},
			"faces": {
				"north": {"uv": [4.875, 4.5, 5.5, 4.6875], "texture": "#1"},
				"east": {"uv": [6.875, 2.5625, 8.625, 2.75], "texture": "#1"},
				"south": {"uv": [4.875, 4.6875, 5.5, 4.875], "texture": "#1"},
				"west": {"uv": [4.8125, 6.9375, 6.5625, 7.125], "texture": "#1"},
				"up": {"uv": [2.875, 3.8125, 3.5, 5.5625], "texture": "#1"},
				"down": {"uv": [4.5, 1.25, 5.125, 3], "texture": "#1"}
			}
		},
		{
			"name": "e",
			"from": [0.51595, 27.55865, -0.49718],
			"to": [5.51595, 29.05865, 13.50282],
			"rotation": {"angle": 45, "axis": "z", "origin": [3.18547, 28.45761, 0.14842]},
			"faces": {
				"north": {"uv": [7.6875, 0.25, 8.3125, 0.4375], "texture": "#1"},
				"east": {"uv": [6.5625, 6.9375, 8.3125, 7.125], "texture": "#1"},
				"south": {"uv": [7.6875, 1.8125, 8.3125, 2], "texture": "#1"},
				"west": {"uv": [7.0625, 0.5, 8.8125, 0.6875], "texture": "#1"},
				"up": {"uv": [3.5, 4.875, 4.125, 6.625], "texture": "#1"},
				"down": {"uv": [4.125, 4.875, 4.75, 6.625], "texture": "#1"}
			}
		},
		{
			"name": "e",
			"from": [1.63416, 25.44251, -0.49507],
			"to": [4.38416, 26.69251, 0.50493],
			"rotation": {"angle": 45, "axis": "z", "origin": [4.30368, 26.09148, 0.15053]},
			"faces": {
				"north": {"uv": [7.75, 4.6875, 8.125, 4.875], "texture": "#1"},
				"east": {"uv": [8.125, 5.125, 8.25, 5.3125], "texture": "#1"},
				"south": {"uv": [7.875, 1.4375, 8.25, 1.625], "texture": "#1"},
				"west": {"uv": [8.125, 5.5, 8.25, 5.6875], "texture": "#1"},
				"up": {"uv": [4, 3.5, 4.375, 3.625], "texture": "#1"},
				"down": {"uv": [4.375, 3.5, 4.75, 3.625], "texture": "#1"}
			}
		},
		{
			"name": "e",
			"from": [2.12589, 23.74453, 12.50457],
			"to": [14.12589, 26.99453, 13.50457],
			"rotation": {"angle": 0, "axis": "y", "origin": [6.87589, 7.99453, 8.50457]},
			"faces": {
				"north": {"uv": [6.375, 3.1875, 7.875, 3.625], "texture": "#1"},
				"east": {"uv": [7.9375, 4.1875, 8.0625, 4.625], "texture": "#1"},
				"south": {"uv": [6.375, 3.625, 7.875, 4.0625], "texture": "#1"},
				"west": {"uv": [8, 2.75, 8.125, 3.1875], "texture": "#1"},
				"up": {"uv": [7.25, 5.375, 8.75, 5.5], "texture": "#1"},
				"down": {"uv": [7.3125, 2.1875, 8.8125, 2.3125], "texture": "#1"}
			}
		},
		{
			"name": "e",
			"from": [0.87501, 23.74759, 0.50239],
			"to": [2.12501, 26.99759, 13.50239],
			"rotation": {"angle": 0, "axis": "y", "origin": [9.37501, 7.99759, 8.00239]},
			"faces": {
				"north": {"uv": [7.8125, 5.5, 8, 5.9375], "texture": "#1"},
				"east": {"uv": [5.4375, 0.5, 7.0625, 0.9375], "texture": "#1"},
				"south": {"uv": [1.4375, 7.9375, 1.625, 8.375], "texture": "#1"},
				"west": {"uv": [5.625, 4.625, 7.25, 5.0625], "texture": "#1"},
				"up": {"uv": [6.625, 7.125, 6.8125, 8.75], "texture": "#1"},
				"down": {"uv": [6.8125, 7.125, 7, 8.75], "texture": "#1"}
			}
		},
		{
			"name": "e",
			"from": [0.875, 8.00021, -0.25022],
			"to": [2.125, 11.75021, 12.49978],
			"rotation": {"angle": 0, "axis": "y", "origin": [9.375, -7.24979, 7.99978]},
			"faces": {
				"north": {"uv": [3.9375, 7.8125, 4.125, 8.3125], "texture": "#1"},
				"east": {"uv": [5.125, 1.25, 6.875, 1.75], "texture": "#1"},
				"south": {"uv": [4.125, 7.8125, 4.3125, 8.3125], "texture": "#1"},
				"west": {"uv": [5.125, 1.75, 6.875, 2.25], "texture": "#1"},
				"up": {"uv": [1.5, 2, 1.6875, 3.75], "texture": "#1"},
				"down": {"uv": [4.8125, 7.125, 5, 8.875], "texture": "#1"}
			}
		},
		{
			"name": "e",
			"from": [13.87501, 8.00021, -0.50022],
			"to": [15.12501, 11.75021, 12.49978],
			"rotation": {"angle": 0, "axis": "y", "origin": [6.62501, -7.24979, 7.99978]},
			"faces": {
				"north": {"uv": [7.875, 0.9375, 8.0625, 1.4375], "texture": "#1"},
				"east": {"uv": [5.125, 2.25, 6.875, 2.75], "texture": "#1"},
				"south": {"uv": [7.875, 3.1875, 8.0625, 3.6875], "texture": "#1"},
				"west": {"uv": [5.4375, 0, 7.1875, 0.5], "texture": "#1"},
				"up": {"uv": [5, 7.125, 5.1875, 8.875], "texture": "#1"},
				"down": {"uv": [5.1875, 7.125, 5.375, 8.875], "texture": "#1"}
			}
		},
		{
			"name": "e",
			"from": [2.12501, 8.50021, 0.24978],
			"to": [13.87501, 11.00021, 12.49978],
			"rotation": {"angle": 0, "axis": "y", "origin": [5.37501, -7.24979, 7.99978]},
			"faces": {
				"north": {"uv": [1.5, 6.5625, 3, 6.875], "texture": "#1"},
				"east": {"uv": [5.4375, 0.9375, 7.125, 1.25], "texture": "#1"},
				"south": {"uv": [3, 6.625, 4.5, 6.9375], "texture": "#1"},
				"west": {"uv": [6.5, 5.9375, 8.1875, 6.25], "texture": "#1"},
				"up": {"uv": [1.8125, 0, 3.3125, 1.6875], "texture": "#1"},
				"down": {"uv": [0, 2, 1.5, 3.6875], "texture": "#1"}
			}
		},
		{
			"name": "e",
			"from": [6, 0.50262, 4.75],
			"to": [10, 8.50262, 8.75],
			"rotation": {"angle": 0, "axis": "y", "origin": [8.00392, 4.50481, 6.74389]},
			"faces": {
				"north": {"uv": [3.25, 5.5625, 2.75, 6.5625], "texture": "#1"},
				"east": {"uv": [1.5, 6.5625, 1, 7.5625], "texture": "#1"},
				"south": {"uv": [1, 6.5625, 0.5, 7.5625], "texture": "#1"},
				"west": {"uv": [0.5, 6.4375, 0, 7.4375], "texture": "#1"},
				"up": {"uv": [7.6875, 0, 7.1875, 0.5], "texture": "#1"},
				"down": {"uv": [7.75, 4.5, 7.25, 5], "texture": "#1"}
			}
		},
		{
			"name": "e",
			"from": [4.5, 0.50262, 3.25],
			"to": [11.5, 2.50262, 10.25],
			"rotation": {"angle": 0, "axis": "y", "origin": [8.00916, 1.50482, 6.73864]},
			"faces": {
				"north": {"uv": [7.375, 7.375, 8.25, 7.625], "texture": "#1"},
				"east": {"uv": [7.375, 6.5, 8.25, 6.75], "texture": "#1"},
				"south": {"uv": [7.375, 7.125, 8.25, 7.375], "texture": "#1"},
				"west": {"uv": [0, 7.5625, 0.875, 7.8125], "texture": "#1"},
				"up": {"uv": [5.5, 3.75, 6.375, 4.625], "texture": "#1"},
				"down": {"uv": [5.625, 5.625, 6.5, 6.5], "texture": "#1"}
			}
		},
		{
			"name": "e",
			"from": [3, 0.00262, 1.75],
			"to": [13, 2.00262, 11.75],
			"rotation": {"angle": 0, "axis": "y", "origin": [4, -10.24738, 8.75]},
			"faces": {
				"north": {"uv": [3.625, 3, 4.875, 3.25], "texture": "#1"},
				"east": {"uv": [3.625, 3.25, 4.875, 3.5], "texture": "#1"},
				"south": {"uv": [7.0625, 0.6875, 8.3125, 0.9375], "texture": "#1"},
				"west": {"uv": [5.375, 7.125, 6.625, 7.375], "texture": "#1"},
				"up": {"uv": [3.3125, 0, 4.5625, 1.25], "texture": "#1"},
				"down": {"uv": [3.625, 3.625, 4.875, 4.875], "texture": "#1"}
			}
		},
		{
			"name": "e",
			"from": [0.875, 16.25021, 3.74978],
			"to": [2.125, 24.75021, 7.24978],
			"rotation": {"angle": -22.5, "axis": "x", "origin": [1.4675, 24.37494, 6.28255]},
			"faces": {
				"north": {"uv": [3.25, 5.5625, 3.4375, 6.625], "texture": "#1"},
				"east": {"uv": [1.5, 6.875, 1.9375, 7.9375], "texture": "#1"},
				"south": {"uv": [6.375, 7.375, 6.5625, 8.4375], "texture": "#1"},
				"west": {"uv": [1.9375, 6.875, 2.375, 7.9375], "texture": "#1"},
				"up": {"uv": [2, 7.9375, 2.1875, 8.375], "texture": "#1"},
				"down": {"uv": [2.1875, 7.9375, 2.375, 8.375], "texture": "#1"}
			}
		},
		{
			"name": "e",
			"from": [13.87501, 16.25021, 3.74978],
			"to": [15.12501, 24.75021, 7.24978],
			"rotation": {"angle": -22.5, "axis": "x", "origin": [14.53251, 24.37494, 6.28255]},
			"faces": {
				"north": {"uv": [0.875, 7.5625, 1.0625, 8.625], "texture": "#1"},
				"east": {"uv": [2.375, 6.875, 2.8125, 7.9375], "texture": "#1"},
				"south": {"uv": [1.0625, 7.5625, 1.25, 8.625], "texture": "#1"},
				"west": {"uv": [6.875, 1.25, 7.3125, 2.3125], "texture": "#1"},
				"up": {"uv": [2.375, 7.9375, 2.5625, 8.375], "texture": "#1"},
				"down": {"uv": [2.5625, 7.9375, 2.75, 8.375], "texture": "#1"}
			}
		},
		{
			"name": "e",
			"from": [0.87529, 10.16111, 5.69352],
			"to": [2.12529, 17.16111, 9.44352],
			"rotation": {"angle": 22.5, "axis": "x", "origin": [1.46778, 15.53584, 8.22629]},
			"faces": {
				"north": {"uv": [1.25, 7.5625, 1.4375, 8.4375], "texture": "#1"},
				"east": {"uv": [2.8125, 6.9375, 3.3125, 7.8125], "texture": "#1"},
				"south": {"uv": [7.6875, 0.9375, 7.875, 1.8125], "texture": "#1"},
				"west": {"uv": [3.3125, 6.9375, 3.8125, 7.8125], "texture": "#1"},
				"up": {"uv": [3.5625, 7.8125, 3.75, 8.3125], "texture": "#1"},
				"down": {"uv": [3.75, 7.8125, 3.9375, 8.3125], "texture": "#1"}
			}
		},
		{
			"name": "e",
			"from": [13.87472, 10.16111, 5.69352],
			"to": [15.12472, 17.16111, 9.44352],
			"rotation": {"angle": 22.5, "axis": "x", "origin": [14.53222, 15.53584, 8.22629]},
			"faces": {
				"north": {"uv": [7.375, 7.75, 7.5625, 8.625], "texture": "#1"},
				"east": {"uv": [3.8125, 6.9375, 4.3125, 7.8125], "texture": "#1"},
				"south": {"uv": [7.5625, 7.75, 7.75, 8.625], "texture": "#1"},
				"west": {"uv": [4.3125, 6.9375, 4.8125, 7.8125], "texture": "#1"},
				"up": {"uv": [4.3125, 7.8125, 4.5, 8.3125], "texture": "#1"},
				"down": {"uv": [4.5, 7.8125, 4.6875, 8.3125], "texture": "#1"}
			}
		},
		{
			"name": "e",
			"from": [0.875, 11.75021, 7.49978],
			"to": [2.125, 23.75021, 12.49978],
			"rotation": {"angle": 0, "axis": "y", "origin": [1.4675, 22.12494, 10.03255]},
			"faces": {
				"north": {"uv": [5.375, 7.375, 5.5625, 8.875], "texture": "#1"},
				"east": {"uv": [4.875, 3, 5.5, 4.5], "texture": "#1"},
				"south": {"uv": [5.5625, 7.375, 5.75, 8.875], "texture": "#1"},
				"west": {"uv": [0.875, 5.0625, 1.5, 6.5625], "texture": "#1"},
				"up": {"uv": [7.75, 7.75, 7.9375, 8.375], "texture": "#1"},
				"down": {"uv": [7.75, 4.0625, 7.9375, 4.6875], "texture": "#1"}
			}
		},
		{
			"name": "e",
			"from": [13.87501, 11.75021, 7.49978],
			"to": [15.12501, 23.75021, 12.49978],
			"rotation": {"angle": 0, "axis": "y", "origin": [14.53251, 22.12494, 10.03255]},
			"faces": {
				"north": {"uv": [5.75, 7.375, 5.9375, 8.875], "texture": "#1"},
				"east": {"uv": [1.5, 5.0625, 2.125, 6.5625], "texture": "#1"},
				"south": {"uv": [5.9375, 7.375, 6.125, 8.875], "texture": "#1"},
				"west": {"uv": [2.125, 5.0625, 2.75, 6.5625], "texture": "#1"},
				"up": {"uv": [0, 7.8125, 0.1875, 8.4375], "texture": "#1"},
				"down": {"uv": [0.1875, 7.8125, 0.375, 8.4375], "texture": "#1"}
			}
		},
		{
			"name": "e",
			"from": [4.5, 13.25021, 5.24978],
			"to": [11.5, 23.25021, 13.24978],
			"rotation": {"angle": 0, "axis": "y", "origin": [5.25, -1.99979, 9.74978]},
			"faces": {
				"north": {"uv": [4.5625, 0, 5.4375, 1.25], "texture": "#1"},
				"east": {"uv": [0.875, 3.8125, 1.875, 5.0625], "texture": "#1"},
				"south": {"uv": [4.75, 4.875, 5.625, 6.125], "texture": "#1"},
				"west": {"uv": [1.875, 3.8125, 2.875, 5.0625], "texture": "#1"},
				"up": {"uv": [0, 5.4375, 0.875, 6.4375], "texture": "#1"},
				"down": {"uv": [5.5, 2.75, 6.375, 3.75], "texture": "#1"}
			}
		},
		{
			"name": "e",
			"from": [5.25, 15.25021, 4.24978],
			"to": [8, 20.25021, 5.49978],
			"rotation": {"angle": 0, "axis": "y", "origin": [6, -6.24979, 8.99978]},
			"faces": {
				"north": {"uv": [7.3125, 0.9375, 7.6875, 1.5625], "texture": "#1"},
				"east": {"uv": [1.6875, 2, 1.8125, 2.625], "texture": "#1"},
				"south": {"uv": [7.3125, 1.5625, 7.6875, 2.1875], "texture": "#1"},
				"west": {"uv": [1.6875, 2.625, 1.8125, 3.25], "texture": "#1"},
				"up": {"uv": [5.625, 5.5, 6, 5.625], "texture": "#1"},
				"down": {"uv": [6, 5.5, 6.375, 5.625], "texture": "#1"}
			}
		},
		{
			"name": "e",
			"from": [9.25, 15.00021, 3.24978],
			"to": [10.75, 20.00021, 4.24978],
			"rotation": {"angle": 0, "axis": "y", "origin": [8.5, -6.24979, -1.25022]},
			"faces": {
				"north": {"uv": [0.375, 7.8125, 0.5625, 8.4375], "texture": "#1"},
				"east": {"uv": [3.5, 3.8125, 3.625, 4.4375], "texture": "#1"},
				"south": {"uv": [0.5625, 7.8125, 0.75, 8.4375], "texture": "#1"},
				"west": {"uv": [0.75, 7.8125, 0.875, 8.4375], "texture": "#1"},
				"up": {"uv": [7.125, 1.125, 7.3125, 1.25], "texture": "#1"},
				"down": {"uv": [0, 7.4375, 0.1875, 7.5625], "texture": "#1"}
			}
		},
		{
			"name": "e",
			"from": [9.24562, 14.01644, 3.46289],
			"to": [10.75343, 15.51644, 4.46289],
			"rotation": {"angle": -45, "axis": "x", "origin": [9.9642, 15.00207, 3.97997]},
			"faces": {
				"north": {"uv": [7.9375, 7.75, 8.125, 7.9375], "texture": "#1"},
				"east": {"uv": [7.9375, 8.1875, 8.0625, 8.375], "texture": "#1"},
				"south": {"uv": [8.0625, 1.625, 8.25, 1.8125], "texture": "#1"},
				"west": {"uv": [8.0625, 8.1875, 8.1875, 8.375], "texture": "#1"},
				"up": {"uv": [7.9375, 4.875, 8.125, 5], "texture": "#1"},
				"down": {"uv": [8.125, 4.875, 8.3125, 5], "texture": "#1"}
			}
		},
		{
			"name": "e",
			"from": [9, 13.75021, 4.24978],
			"to": [11, 15.75021, 5.24978],
			"rotation": {"angle": 0, "axis": "y", "origin": [8.75, -10.49979, -0.25022]},
			"faces": {
				"north": {"uv": [7.9375, 7.9375, 8.1875, 8.1875], "texture": "#1"},
				"east": {"uv": [8.125, 3.625, 8.25, 3.875], "texture": "#1"},
				"south": {"uv": [7.9375, 3.9375, 8.1875, 4.1875], "texture": "#1"},
				"west": {"uv": [8.125, 4.625, 8.25, 4.875], "texture": "#1"},
				"up": {"uv": [6.625, 4.5, 6.875, 4.625], "texture": "#1"},
				"down": {"uv": [6.875, 4.5, 7.125, 4.625], "texture": "#1"}
			}
		},
		{
			"name": "e",
			"from": [9.23781, 19.48356, 3.46289],
			"to": [10.76124, 20.98356, 4.46289],
			"rotation": {"angle": 45, "axis": "x", "origin": [9.9681, 19.99793, 3.97997]},
			"faces": {
				"north": {"uv": [7.125, 0.9375, 7.3125, 1.125], "texture": "#1"},
				"east": {"uv": [8.125, 5.6875, 8.25, 5.875], "texture": "#1"},
				"south": {"uv": [7.875, 1.625, 8.0625, 1.8125], "texture": "#1"},
				"west": {"uv": [8.125, 7.75, 8.25, 7.9375], "texture": "#1"},
				"up": {"uv": [0.1875, 7.4375, 0.375, 7.5625], "texture": "#1"},
				"down": {"uv": [7.75, 4.875, 7.9375, 5], "texture": "#1"}
			}
		},
		{
			"name": "e",
			"from": [9, 19.25021, 4.24978],
			"to": [11, 21.25021, 5.24978],
			"rotation": {"angle": 0, "axis": "y", "origin": [8.75, -4.99979, -0.25022]},
			"faces": {
				"north": {"uv": [4.5, 6.625, 4.75, 6.875], "texture": "#1"},
				"east": {"uv": [5.5, 4.625, 5.625, 4.875], "texture": "#1"},
				"south": {"uv": [7.875, 3.6875, 8.125, 3.9375], "texture": "#1"},
				"west": {"uv": [8.125, 2.75, 8.25, 3], "texture": "#1"},
				"up": {"uv": [6.375, 4.5, 6.625, 4.625], "texture": "#1"},
				"down": {"uv": [0.5, 6.4375, 0.75, 6.5625], "texture": "#1"}
			}
		}
	],
	"display": {
		"thirdperson_righthand": {
			"rotation": [90, 0, 0],
			"translation": [-6, -3.5, 47.5],
			"scale": [1.5, 1.5, 1.5]
		},
		"thirdperson_lefthand": {
			"translation": [0, 3.25, 0],
			"scale": [0.5, 0.5, 0.5]
		},
		"firstperson_righthand": {
			"rotation": [0, 124, 0],
			"translation": [2.25, 3.25, -1],
			"scale": [0.3, 0.3, 0.3]
		},
		"firstperson_lefthand": {
			"rotation": [0, 124, 0],
			"translation": [2.25, 3.25, -1],
			"scale": [0.3, 0.3, 0.3]
		},
		"ground": {
			"translation": [0, 1, 0],
			"scale": [0.5, 0.5, 0.5]
		},
		"gui": {
			"rotation": [26, 143, 0],
			"translation": [0, -2.5, 0],
			"scale": [0.4, 0.4, 0.4]
		},
		"head": {
			"translation": [0, -25.25, 3.25],
			"scale": [2.5, 2.5, 2.5]
		},
		"fixed": {
			"translation": [0, -4, -3.75],
			"scale": [0.7, 0.7, 0.7]
		}
	},
	"groups": [0, 1, 2, 3, 4, 5, 6, 7, 8, 9, 10, 11, 12, 13, 14, 15, 16, 17, 18, 19, 20, 21, 22, 23, 24,
		{
			"name": "group",
			"origin": [9, -4.49979, -2.00022],
			"children": [25, 26, 27, 28, 29, 30, 31]
		}
	]
}