{
	"credit": "Made with Blockbench",
	"texture_size": [256, 256],
	"textures": {
		"1": "new/9",
		"particle": "new/9"
	},
	"elements": [
		{
			"from": [3.90625, 2.70447, 0.50363],
			"to": [12.09375, 10.45447, 5.75363],
			"rotation": {"angle": 22.5, "axis": "x", "origin": [7.993, 6.96255, 2.62209]},
			"faces": {
				"north": {"uv": [4.9375, 1.125, 5.9375, 2.125], "texture": "#1"},
				"east": {"uv": [3.25, 5.6875, 2.5625, 6.6875], "texture": "#1"},
				"south": {"uv": [4.9375, 3.375, 5.9375, 4.375], "texture": "#1"},
				"west": {"uv": [2.5625, 5.6875, 3.25, 6.6875], "texture": "#1"},
				"up": {"uv": [5.8125, 5.8125, 6.8125, 6.5], "texture": "#1"},
				"down": {"uv": [5.8125, 4.375, 6.8125, 5.0625], "texture": "#1"}
			}
		},
		{
			"from": [4.15625, -0.54553, 0.50363],
			"to": [6.40625, 7.20447, 2.75363],
			"rotation": {"angle": 22.5, "axis": "x", "origin": [7.993, 5.46255, 2.62209]},
			"faces": {
				"north": {"uv": [5, 0, 5.9375, 1], "texture": "#1"},
				"east": {"uv": [0, 7.25, 0.3125, 8.25], "texture": "#1"},
				"south": {"uv": [0, 5.0625, 0.9375, 6.0625], "texture": "#1"},
				"west": {"uv": [0.3125, 7.25, 0.625, 8.25], "texture": "#1"},
				"up": {"uv": [6.8125, 6.25, 7.75, 6.5625], "texture": "#1"},
				"down": {"uv": [7, 5.0625, 7.9375, 5.375], "texture": "#1"}
			}
		},
		{
			"from": [9.59375, -0.54553, 0.50363],
			"to": [11.84375, 7.20447, 2.75363],
			"rotation": {"angle": 22.5, "axis": "x", "origin": [8.007, 5.46255, 2.62209]},
			"faces": {
				"north": {"uv": [5.9375, 0, 5, 1], "texture": "#1"},
				"east": {"uv": [0.625, 7.25, 0.3125, 8.25], "texture": "#1"},
				"south": {"uv": [0.9375, 5.0625, 0, 6.0625], "texture": "#1"},
				"west": {"uv": [0.3125, 7.25, 0, 8.25], "texture": "#1"},
				"up": {"uv": [7.75, 6.25, 6.8125, 6.5625], "texture": "#1"},
				"down": {"uv": [7.9375, 5.0625, 7, 5.375], "texture": "#1"}
			}
		},
		{
			"from": [4.875, 2.69599, -2.55367],
			"to": [11.125, 9.44599, 3.69633],
			"rotation": {"angle": 22.5, "axis": "x", "origin": [8, 6.07099, 0.57133]},
			"faces": {
				"north": {"uv": [2.0625, 3.5, 2.875, 4.375], "texture": "#1"},
				"east": {"uv": [2.5625, 5.5625, 1.75, 6.4375], "texture": "#1"},
				"south": {"uv": [3.9375, 5.125, 4.75, 6], "texture": "#1"},
				"west": {"uv": [1.75, 5.5625, 2.5625, 6.4375], "texture": "#1"},
				"up": {"uv": [5.9375, 0, 6.75, 0.8125], "texture": "#1"},
				"down": {"uv": [5.9375, 0.8125, 6.75, 1.625], "texture": "#1"}
			}
		},
		{
			"from": [3.625, 2.25, 2],
			"to": [12.375, 11, 15.75],
			"rotation": {"angle": 0, "axis": "y", "origin": [7.99411, 5.74804, 9.12106]},
			"faces": {
				"north": {"uv": [2.875, 1.625, 4, 2.75], "texture": "#1"},
				"east": {"uv": [1.75, 1.125, 0, 2.25], "texture": "#1"},
				"south": {"uv": [3.875, 0, 5, 1.125], "texture": "#1"},
				"west": {"uv": [0, 1.125, 1.75, 2.25], "texture": "#1"},
				"up": {"uv": [1.75, 1.75, 2.875, 3.5], "texture": "#1"},
				"down": {"uv": [1.75, 0, 2.875, 1.75], "texture": "#1"}
			}
		},
		{
			"from": [4.125, 1.178, 4.27652],
			"to": [11.875, 13.928, 12.77652],
			"rotation": {"angle": 0, "axis": "y", "origin": [8, 5.553, 8.90152]},
			"faces": {
				"north": {"uv": [2.875, 0, 3.875, 1.625], "texture": "#1"},
				"east": {"uv": [3.9375, 2.875, 2.875, 4.5], "texture": "#1"},
				"south": {"uv": [1.0625, 3.5, 2.0625, 5.125], "texture": "#1"},
				"west": {"uv": [2.875, 2.875, 3.9375, 4.5], "texture": "#1"},
				"up": {"uv": [2.0625, 4.5, 3.0625, 5.5625], "texture": "#1"},
				"down": {"uv": [4.875, 2.3125, 5.875, 3.375], "texture": "#1"}
			}
		},
		{
			"from": [2.375, 4.75, 5.25],
			"to": [4.375, 9.75, 11],
			"rotation": {"angle": -22.5, "axis": "z", "origin": [7.24629, 7.25152, 7.62719]},
			"faces": {
				"north": {"uv": [7.9375, 0.6875, 8.1875, 1.3125], "texture": "#1"},
				"east": {"uv": [1.5625, 6.4375, 2.3125, 7.0625], "texture": "#1"},
				"south": {"uv": [7.9375, 2.4375, 8.1875, 3.0625], "texture": "#1"},
				"west": {"uv": [6.5625, 6.5625, 7.3125, 7.1875], "texture": "#1"},
				"up": {"uv": [7.6875, 0.4375, 7.9375, 1.1875], "texture": "#1"},
				"down": {"uv": [2.0625, 7.75, 2.3125, 8.5], "texture": "#1"}
			}
		},
		{
			"from": [11.625, 4.75, 5.25],
			"to": [13.625, 9.75, 11],
			"rotation": {"angle": 22.5, "axis": "z", "origin": [8.75371, 7.25152, 7.62719]},
			"faces": {
				"north": {"uv": [8.1875, 0.6875, 7.9375, 1.3125], "texture": "#1"},
				"east": {"uv": [7.3125, 6.5625, 6.5625, 7.1875], "texture": "#1"},
				"south": {"uv": [8.1875, 2.4375, 7.9375, 3.0625], "texture": "#1"},
				"west": {"uv": [2.3125, 6.4375, 1.5625, 7.0625], "texture": "#1"},
				"up": {"uv": [7.9375, 0.4375, 7.6875, 1.1875], "texture": "#1"},
				"down": {"uv": [2.3125, 7.75, 2.0625, 8.5], "texture": "#1"}
			}
		},
		{
			"from": [4.38281, 6.55051, -1.26648],
			"to": [11.61719, 9.80051, 8.23352],
			"rotation": {"angle": 45, "axis": "x", "origin": [8, 8.17551, 3.48352]},
			"faces": {
				"north": {"uv": [4, 2.3125, 4.875, 2.75], "texture": "#1"},
				"east": {"uv": [6.5625, 6.5, 5.375, 6.9375], "texture": "#1"},
				"south": {"uv": [4.9375, 4.375, 5.8125, 4.8125], "texture": "#1"},
				"west": {"uv": [5.375, 6.5, 6.5625, 6.9375], "texture": "#1"},
				"up": {"uv": [3.0625, 4.5, 3.9375, 5.6875], "texture": "#1"},
				"down": {"uv": [4.9375, 4.9375, 5.8125, 6.125], "texture": "#1"}
			}
		},
		{
			"from": [4.125, 4.16771, 2.96796],
			"to": [11.875, 13.66771, 6.21796],
			"rotation": {"angle": -22.5, "axis": "x", "origin": [8, 8.91771, 4.59296]},
			"faces": {
				"north": {"uv": [0, 3.875, 1, 5.0625], "texture": "#1"},
				"east": {"uv": [5.375, 6.125, 4.9375, 7.3125], "texture": "#1"},
				"south": {"uv": [3.9375, 3.9375, 4.9375, 5.125], "texture": "#1"},
				"west": {"uv": [4.9375, 6.125, 5.375, 7.3125], "texture": "#1"},
				"up": {"uv": [2.3125, 6.6875, 3.3125, 7.125], "texture": "#1"},
				"down": {"uv": [6.75, 0, 7.75, 0.4375], "texture": "#1"}
			}
		},
		{
			"from": [4.13281, 6.93827, 6.16975],
			"to": [11.86719, 11.18827, 15.66975],
			"rotation": {"angle": -45, "axis": "x", "origin": [7.99219, 9.06327, 10.91975]},
			"faces": {
				"north": {"uv": [5.9375, 3.625, 6.875, 4.1875], "texture": "#1"},
				"east": {"uv": [7.0625, 2.125, 5.875, 2.6875], "texture": "#1"},
				"south": {"uv": [0, 6.0625, 0.9375, 6.625], "texture": "#1"},
				"west": {"uv": [5.875, 2.125, 7.0625, 2.6875], "texture": "#1"},
				"up": {"uv": [3.9375, 2.75, 4.875, 3.9375], "texture": "#1"},
				"down": {"uv": [4, 1.125, 4.9375, 2.3125], "texture": "#1"}
			}
		},
		{
			"from": [6.875, 7.43334, 14.71915],
			"to": [9.125, 10.93334, 17.21915],
			"rotation": {"angle": -45, "axis": "x", "origin": [8.00987, 10.29909, 15.96541]},
			"faces": {
				"north": {"uv": [1.75, 5.125, 2.0625, 5.5625], "texture": "#1"},
				"east": {"uv": [1.5625, 8.0625, 1.875, 8.5], "texture": "#1"},
				"south": {"uv": [2.8125, 8.0625, 3.125, 8.5], "texture": "#1"},
				"west": {"uv": [3.75, 8.0625, 4.0625, 8.5], "texture": "#1"},
				"up": {"uv": [6.5625, 3.3125, 6.875, 3.625], "texture": "#1"},
				"down": {"uv": [6.75, 1.3125, 7.0625, 1.625], "texture": "#1"}
			}
		},
		{
			"from": [6.87507, 10.32829, 12.63968],
			"to": [9.12507, 12.82829, 16.13968],
			"rotation": {"angle": 22.5, "axis": "x", "origin": [8.00994, 11.57455, 13.27392]},
			"faces": {
				"north": {"uv": [4.375, 8.1875, 4.6875, 8.5], "texture": "#1"},
				"east": {"uv": [5.5625, 8.0625, 6, 8.375], "texture": "#1"},
				"south": {"uv": [4.6875, 8.1875, 5, 8.5], "texture": "#1"},
				"west": {"uv": [8.0625, 1.3125, 8.5, 1.625], "texture": "#1"},
				"up": {"uv": [1, 8.125, 1.3125, 8.5625], "texture": "#1"},
				"down": {"uv": [3.125, 8.1875, 3.4375, 8.625], "texture": "#1"}
			}
		},
		{
			"from": [2.35091, 6.90807, 16.38013],
			"to": [6.85091, 9.15807, 18.88013],
			"rotation": {"angle": 22.5, "axis": "y", "origin": [7.49346, 9.15612, 12.50119]},
			"faces": {
				"north": {"uv": [2.8125, 7.75, 3.375, 8.0625], "texture": "#1"},
				"east": {"uv": [3.4375, 8.1875, 3.75, 8.5], "texture": "#1"},
				"south": {"uv": [7.75, 0, 8.3125, 0.3125], "texture": "#1"},
				"west": {"uv": [4.0625, 8.1875, 4.375, 8.5], "texture": "#1"},
				"up": {"uv": [7.75, 4.125, 8.3125, 4.4375], "texture": "#1"},
				"down": {"uv": [7.75, 4.4375, 8.3125, 4.75], "texture": "#1"}
			}
		},
		{
			"from": [3.125, 0, 1.75],
			"to": [7.125, 4.75, 5.75],
			"rotation": {"angle": 0, "axis": "y", "origin": [7.375, 8, 8]},
			"faces": {
				"north": {"uv": [3.3125, 6.625, 3.8125, 7.25], "texture": "#1"},
				"east": {"uv": [6.8125, 5.625, 7.3125, 6.25], "texture": "#1"},
				"south": {"uv": [6.875, 3.3125, 7.375, 3.9375], "texture": "#1"},
				"west": {"uv": [0.75, 6.9375, 1.25, 7.5625], "texture": "#1"},
				"up": {"uv": [3.25, 7.25, 3.75, 7.75], "texture": "#1"},
				"down": {"uv": [4.8125, 7.3125, 5.3125, 7.8125], "texture": "#1"}
			}
		},
		{
			"from": [8.875, 0, 1.75],
			"to": [12.875, 4.75, 5.75],
			"rotation": {"angle": 0, "axis": "y", "origin": [8.625, 8, 8]},
			"faces": {
				"north": {"uv": [3.8125, 6.625, 3.3125, 7.25], "texture": "#1"},
				"east": {"uv": [1.25, 6.9375, 0.75, 7.5625], "texture": "#1"},
				"south": {"uv": [7.375, 3.3125, 6.875, 3.9375], "texture": "#1"},
				"west": {"uv": [7.3125, 5.625, 6.8125, 6.25], "texture": "#1"},
				"up": {"uv": [3.75, 7.25, 3.25, 7.75], "texture": "#1"},
				"down": {"uv": [5.3125, 7.3125, 4.8125, 7.8125], "texture": "#1"}
			}
		},
		{
			"from": [3.125, 0, 11.5],
			"to": [7.125, 4.75, 15.5],
			"rotation": {"angle": 0, "axis": "y", "origin": [7.375, 8, 9.5]},
			"faces": {
				"north": {"uv": [3.8125, 6.9375, 4.3125, 7.5625], "texture": "#1"},
				"east": {"uv": [5.375, 6.9375, 5.875, 7.5625], "texture": "#1"},
				"south": {"uv": [5.875, 6.9375, 6.375, 7.5625], "texture": "#1"},
				"west": {"uv": [1.25, 7.0625, 1.75, 7.6875], "texture": "#1"},
				"up": {"uv": [7.375, 7.375, 7.875, 7.875], "texture": "#1"},
				"down": {"uv": [7.375, 3.125, 7.875, 3.625], "texture": "#1"}
			}
		},
		{
			"from": [8.875, 0, 11.5],
			"to": [12.875, 4.75, 15.5],
			"rotation": {"angle": 0, "axis": "y", "origin": [8.625, 8, 9.5]},
			"faces": {
				"north": {"uv": [4.3125, 6.9375, 3.8125, 7.5625], "texture": "#1"},
				"east": {"uv": [1.75, 7.0625, 1.25, 7.6875], "texture": "#1"},
				"south": {"uv": [6.375, 6.9375, 5.875, 7.5625], "texture": "#1"},
				"west": {"uv": [5.875, 6.9375, 5.375, 7.5625], "texture": "#1"},
				"up": {"uv": [7.875, 7.375, 7.375, 7.875], "texture": "#1"},
				"down": {"uv": [7.875, 3.125, 7.375, 3.625], "texture": "#1"}
			}
		},
		{
			"from": [6.25, 1.5, -7.75],
			"to": [9.75, 4.5, -3.75],
			"rotation": {"angle": 0, "axis": "y", "origin": [7.988, 3.02052, -3.88349]},
			"faces": {
				"north": {"uv": [5.375, 6.125, 5.8125, 6.5], "texture": "#1"},
				"east": {"uv": [2.0625, 7.6875, 1.5625, 8.0625], "texture": "#1"},
				"south": {"uv": [4.25, 7.8125, 4.6875, 8.1875], "texture": "#1"},
				"west": {"uv": [1.5625, 7.6875, 2.0625, 8.0625], "texture": "#1"},
				"up": {"uv": [5.8125, 7.5625, 6.25, 8.0625], "texture": "#1"},
				"down": {"uv": [7.5625, 1.9375, 8, 2.4375], "texture": "#1"}
			}
		},
		{
			"from": [5.60938, 3.49735, -4.20078],
			"to": [10.39063, 6.74735, 3.29922],
			"rotation": {"angle": -45, "axis": "x", "origin": [8, 5.12235, -0.45078]},
			"faces": {
				"north": {"uv": [7.3125, 2.6875, 7.9375, 3.125], "texture": "#1"},
				"east": {"uv": [7.6875, 0.875, 6.75, 1.3125], "texture": "#1"},
				"south": {"uv": [7.3125, 5.375, 7.9375, 5.8125], "texture": "#1"},
				"west": {"uv": [6.75, 0.875, 7.6875, 1.3125], "texture": "#1"},
				"up": {"uv": [3.25, 5.6875, 3.875, 6.625], "texture": "#1"},
				"down": {"uv": [5.9375, 2.6875, 6.5625, 3.625], "texture": "#1"}
			}
		},
		{
			"from": [5.62889, 1.31919, -1.95482],
			"to": [10.37889, 4.56919, 5.54518],
			"rotation": {"angle": 0, "axis": "y", "origin": [7.99416, 4.45755, 0.80208]},
			"faces": {
				"north": {"uv": [7.3125, 5.8125, 7.9375, 6.25], "texture": "#1"},
				"east": {"uv": [7.75, 4.625, 6.8125, 5.0625], "texture": "#1"},
				"south": {"uv": [7.3125, 6.5625, 7.9375, 7], "texture": "#1"},
				"west": {"uv": [6.8125, 4.625, 7.75, 5.0625], "texture": "#1"},
				"up": {"uv": [0.9375, 6, 1.5625, 6.9375], "texture": "#1"},
				"down": {"uv": [3.875, 6, 4.5, 6.9375], "texture": "#1"}
			}
		},
		{
			"from": [6.25781, 3.54205, -8.39461],
			"to": [9.74219, 6.54205, -5.64461],
			"rotation": {"angle": 45, "axis": "x", "origin": [7.96741, 5.0596, -9.16914]},
			"faces": {
				"north": {"uv": [4.6875, 7.8125, 5.125, 8.1875], "texture": "#1"},
				"east": {"uv": [8.3125, 6.375, 7.9375, 6.75], "texture": "#1"},
				"south": {"uv": [6.25, 7.8125, 6.6875, 8.1875], "texture": "#1"},
				"west": {"uv": [7.9375, 6.375, 8.3125, 6.75], "texture": "#1"},
				"up": {"uv": [6.6875, 7.8125, 7.125, 8.1875], "texture": "#1"},
				"down": {"uv": [7.125, 7.875, 7.5625, 8.25], "texture": "#1"}
			}
		},
		{
			"from": [6.24926, 1.08874, -4.2717],
			"to": [9.78442, 4.08874, -1.5217],
			"rotation": {"angle": -22.5, "axis": "x", "origin": [7.97449, 2.6063, -5.04623]},
			"faces": {
				"north": {"uv": [7.875, 7, 8.3125, 7.375], "texture": "#1"},
				"east": {"uv": [1, 8.0625, 0.625, 8.4375], "texture": "#1"},
				"south": {"uv": [7.875, 7.375, 8.3125, 7.75], "texture": "#1"},
				"west": {"uv": [0.625, 8.0625, 1, 8.4375], "texture": "#1"},
				"up": {"uv": [7.9375, 7.9375, 8.375, 8.3125], "texture": "#1"},
				"down": {"uv": [7.9375, 0.3125, 8.375, 0.6875], "texture": "#1"}
			}
		},
		{
			"from": [6.25074, 1.46765, -3.7717],
			"to": [9.75464, 3.46765, -1.5217],
			"rotation": {"angle": 0, "axis": "y", "origin": [8.02551, 2.9852, -4.54623]},
			"faces": {
				"north": {"uv": [1.0625, 3.25, 1.5, 3.5], "texture": "#1"},
				"east": {"uv": [7, 5.375, 7.3125, 5.625], "texture": "#1"},
				"south": {"uv": [6.875, 3.9375, 7.3125, 4.1875], "texture": "#1"},
				"west": {"uv": [7.5625, 2.4375, 7.875, 2.6875], "texture": "#1"},
				"up": {"uv": [8, 2.125, 8.4375, 2.4375], "texture": "#1"},
				"down": {"uv": [5.125, 8.0625, 5.5625, 8.375], "texture": "#1"}
			}
		},
		{
			"from": [6.24967, 3.75213, -11.15933],
			"to": [9.74967, 7.25213, -8.15933],
			"rotation": {"angle": -22.5, "axis": "x", "origin": [7.9749, 7.27666, -9.64177]},
			"faces": {
				"north": {"uv": [7.625, 1.3125, 8.0625, 1.75], "texture": "#1"},
				"east": {"uv": [7.9375, 7.875, 7.5625, 8.3125], "texture": "#1"},
				"south": {"uv": [1.125, 7.6875, 1.5625, 8.125], "texture": "#1"},
				"west": {"uv": [7.5625, 7.875, 7.9375, 8.3125], "texture": "#1"},
				"up": {"uv": [7.875, 3.125, 8.3125, 3.5], "texture": "#1"},
				"down": {"uv": [7.875, 3.5, 8.3125, 3.875], "texture": "#1"}
			}
		}
	],
	"display": {
		"thirdperson_righthand": {
			"rotation": [90, 0, 0],
			"translation": [-6, -2, 44]
		},
		"thirdperson_lefthand": {
			"rotation": [50.25, 71, 0],
			"scale": [0.5, 0.5, 0.5]
		},
		"firstperson_righthand": {
			"rotation": [20, 53, 0],
			"translation": [2.75, 3.75, -2.25],
			"scale": [0.5, 0.5, 0.5]
		},
		"firstperson_lefthand": {
			"rotation": [20, 53, 0],
			"translation": [2.75, 3.75, -2.25],
			"scale": [0.5, 0.5, 0.5]
		},
		"ground": {
			"translation": [0, 7.25, 0]
		},
		"gui": {
			"rotation": [15.5, 135, 0],
			"translation": [1, 1.5, 0],
			"scale": [0.6, 0.6, 0.6]
		},
		"head": {
			"translation": [0, -31, 0],
			"scale": [1.73, 1.73, 1.73]
		},
		"fixed": {
			"rotation": [0, 90, 0]
		}
	}
}