{
	"credit": "Made with Blockbench",
	"texture_size": [128, 128],
	"textures": {
		"1": "new/7",
		"particle": "new/7"
	},
	"elements": [
		{
			"from": [4, 0.52344, 6.375],
			"to": [12, 12.02344, 9.625],
			"rotation": {"angle": 0, "axis": "y", "origin": [7.98447, 0.65065, 7.8617]},
			"faces": {
				"north": {"uv": [0, 0, 2, 2.875], "texture": "#1"},
				"east": {"uv": [6, 0, 6.875, 2.875], "texture": "#1"},
				"south": {"uv": [2, 2, 4, 4.875], "texture": "#1"},
				"west": {"uv": [6, 2.875, 6.875, 5.75], "texture": "#1"},
				"up": {"uv": [2, 0, 4, 0.875], "texture": "#1"},
				"down": {"uv": [2, 0.875, 4, 1.75], "texture": "#1"}
			}
		},
		{
			"from": [3.75, 11.52344, 6.27148],
			"to": [4.25, 12.27344, 9.72852],
			"rotation": {"angle": 0, "axis": "y", "origin": [7.98447, 1.90065, 7.87537]},
			"faces": {
				"north": {"uv": [5.75, 8.625, 5.875, 8.875], "texture": "#1"},
				"east": {"uv": [4, 3.375, 4.875, 3.625], "texture": "#1"},
				"south": {"uv": [5.875, 8.625, 6, 8.875], "texture": "#1"},
				"west": {"uv": [4, 3.625, 4.875, 3.875], "texture": "#1"},
				"up": {"uv": [5.75, 2.875, 5.875, 3.75], "texture": "#1"},
				"down": {"uv": [5.875, 2.875, 6, 3.75], "texture": "#1"}
			}
		},
		{
			"from": [11.75, 11.52344, 6.27148],
			"to": [12.25, 12.27344, 9.72852],
			"rotation": {"angle": 0, "axis": "y", "origin": [8.01553, 1.90065, 7.87537]},
			"faces": {
				"north": {"uv": [3.75, 9.5, 3.875, 9.75], "texture": "#1"},
				"east": {"uv": [4.875, 3.375, 5.75, 3.625], "texture": "#1"},
				"south": {"uv": [3.875, 9.5, 4, 9.75], "texture": "#1"},
				"west": {"uv": [4.875, 3.625, 5.75, 3.875], "texture": "#1"},
				"up": {"uv": [5.75, 6.875, 5.875, 7.75], "texture": "#1"},
				"down": {"uv": [5.875, 6.875, 6, 7.75], "texture": "#1"}
			}
		},
		{
			"from": [6.375, 0.52356, 4],
			"to": [9.625, 12.02356, 12],
			"rotation": {"angle": 0, "axis": "y", "origin": [8.10949, 0.65077, 7.83826]},
			"faces": {
				"north": {"uv": [2, 7.75, 2.875, 10.625], "texture": "#1"},
				"east": {"uv": [0, 5.75, 2, 8.625], "texture": "#1"},
				"south": {"uv": [2.875, 7.75, 3.75, 10.625], "texture": "#1"},
				"west": {"uv": [6, 6, 8, 8.875], "texture": "#1"},
				"up": {"uv": [8, 6, 8.875, 8], "texture": "#1"},
				"down": {"uv": [0, 8.625, 0.875, 10.625], "texture": "#1"}
			}
		},
		{
			"from": [7.375, 0.77356, 5],
			"to": [8.625, 12.27356, 6.25],
			"rotation": {"angle": 0, "axis": "y", "origin": [8.35949, 0.65077, 7.83826]},
			"faces": {
				"north": {"uv": [0.875, 8.625, 1.25, 11.5], "texture": "#1"},
				"east": {"uv": [1.25, 8.625, 1.625, 11.5], "texture": "#1"},
				"south": {"uv": [1.625, 8.625, 2, 11.5], "texture": "#1"},
				"west": {"uv": [8.625, 0, 9, 2.875], "texture": "#1"},
				"up": {"uv": [7.5, 8.875, 7.875, 9.25], "texture": "#1"},
				"down": {"uv": [9, 2.25, 9.375, 2.625], "texture": "#1"}
			}
		},
		{
			"from": [6.2715, 11.52356, 11.75],
			"to": [9.7285, 12.27356, 12.25],
			"rotation": {"angle": 0, "axis": "y", "origin": [8.09193, 1.90077, 7.83826]},
			"faces": {
				"north": {"uv": [2, 1.75, 2.875, 2], "texture": "#1"},
				"east": {"uv": [3.75, 1.75, 3.875, 2], "texture": "#1"},
				"south": {"uv": [2.875, 1.75, 3.75, 2], "texture": "#1"},
				"west": {"uv": [3.875, 1.75, 4, 2], "texture": "#1"},
				"up": {"uv": [4, 3.875, 4.875, 4], "texture": "#1"},
				"down": {"uv": [4.875, 3.875, 5.75, 4], "texture": "#1"}
			}
		},
		{
			"from": [6.2715, 11.52356, 3.75],
			"to": [9.7285, 12.27356, 4.25],
			"rotation": {"angle": 0, "axis": "y", "origin": [8.09193, 1.90077, 8.16174]},
			"faces": {
				"north": {"uv": [8.625, 2.875, 9.5, 3.125], "texture": "#1"},
				"east": {"uv": [9.5, 5, 9.625, 5.25], "texture": "#1"},
				"south": {"uv": [8.625, 3.125, 9.5, 3.375], "texture": "#1"},
				"west": {"uv": [9.5, 5.25, 9.625, 5.5], "texture": "#1"},
				"up": {"uv": [6.625, 9.25, 7.5, 9.375], "texture": "#1"},
				"down": {"uv": [8.875, 9.25, 9.75, 9.375], "texture": "#1"}
			}
		},
		{
			"from": [6.22562, 0.52353, 4.14244],
			"to": [9.58109, 12.02353, 12.09952],
			"rotation": {"angle": 45, "axis": "y", "origin": [7.80777, 0.65074, 7.94554]},
			"faces": {
				"north": {"uv": [4, 6.875, 4.875, 9.75], "texture": "#1"},
				"east": {"uv": [0, 2.875, 2, 5.75], "texture": "#1"},
				"south": {"uv": [4.875, 6.875, 5.75, 9.75], "texture": "#1"},
				"west": {"uv": [4, 4, 6, 6.875], "texture": "#1"},
				"up": {"uv": [7.75, 0, 8.625, 2], "texture": "#1"},
				"down": {"uv": [7.75, 2, 8.625, 4], "texture": "#1"}
			}
		},
		{
			"from": [6.33644, 0.52364, 4.04454],
			"to": [9.69582, 12.02364, 11.99376],
			"rotation": {"angle": -45, "axis": "y", "origin": [8.02796, 0.65085, 7.98826]},
			"faces": {
				"north": {"uv": [6.875, 0, 7.75, 2.875], "texture": "#1"},
				"east": {"uv": [4, 0, 6, 2.875], "texture": "#1"},
				"south": {"uv": [6.875, 2.875, 7.75, 5.75], "texture": "#1"},
				"west": {"uv": [2, 4.875, 4, 7.75], "texture": "#1"},
				"up": {"uv": [7.75, 4, 8.625, 6], "texture": "#1"},
				"down": {"uv": [8, 8, 8.875, 10], "texture": "#1"}
			}
		},
		{
			"from": [6.25441, 11.52364, 11.74376],
			"to": [9.80128, 12.27364, 12.24376],
			"rotation": {"angle": -45, "axis": "y", "origin": [8.02796, 1.90085, 7.98826]},
			"faces": {
				"north": {"uv": [4, 2.875, 4.875, 3.125], "texture": "#1"},
				"east": {"uv": [5.75, 3.75, 5.875, 4], "texture": "#1"},
				"south": {"uv": [4, 3.125, 4.875, 3.375], "texture": "#1"},
				"west": {"uv": [5.875, 3.75, 6, 4], "texture": "#1"},
				"up": {"uv": [9, 2.625, 9.875, 2.75], "texture": "#1"},
				"down": {"uv": [9, 2.75, 9.875, 2.875], "texture": "#1"}
			}
		},
		{
			"from": [6.23488, 11.52364, 3.75624],
			"to": [9.80128, 12.27364, 4.25624],
			"rotation": {"angle": 45, "axis": "y", "origin": [8.02796, 1.90085, 8.01174]},
			"faces": {
				"north": {"uv": [8.625, 3.375, 9.5, 3.625], "texture": "#1"},
				"east": {"uv": [9.5, 5.5, 9.625, 5.75], "texture": "#1"},
				"south": {"uv": [8.625, 3.625, 9.5, 3.875], "texture": "#1"},
				"west": {"uv": [5.75, 9.625, 5.875, 9.875], "texture": "#1"},
				"up": {"uv": [5.75, 9.375, 6.625, 9.5], "texture": "#1"},
				"down": {"uv": [6.625, 9.375, 7.5, 9.5], "texture": "#1"}
			}
		},
		{
			"from": [6.19872, 11.52364, 11.74376],
			"to": [9.76512, 12.27364, 12.24376],
			"rotation": {"angle": 45, "axis": "y", "origin": [7.97204, 1.90085, 7.98826]},
			"faces": {
				"north": {"uv": [4.875, 2.875, 5.75, 3.125], "texture": "#1"},
				"east": {"uv": [7.625, 9.25, 7.75, 9.5], "texture": "#1"},
				"south": {"uv": [4.875, 3.125, 5.75, 3.375], "texture": "#1"},
				"west": {"uv": [7.75, 9.25, 7.875, 9.5], "texture": "#1"},
				"up": {"uv": [5.75, 9.125, 6.625, 9.25], "texture": "#1"},
				"down": {"uv": [6.625, 9.125, 7.5, 9.25], "texture": "#1"}
			}
		},
		{
			"from": [6.19872, 11.52364, 3.75624],
			"to": [9.76512, 12.27364, 4.25624],
			"rotation": {"angle": -45, "axis": "y", "origin": [7.97204, 1.90085, 8.01174]},
			"faces": {
				"north": {"uv": [6, 5.75, 6.875, 6], "texture": "#1"},
				"east": {"uv": [7.625, 9.5, 7.75, 9.75], "texture": "#1"},
				"south": {"uv": [6.875, 5.75, 7.75, 6], "texture": "#1"},
				"west": {"uv": [7.75, 9.5, 7.875, 9.75], "texture": "#1"},
				"up": {"uv": [8.875, 9.125, 9.75, 9.25], "texture": "#1"},
				"down": {"uv": [5.75, 9.25, 6.625, 9.375], "texture": "#1"}
			}
		},
		{
			"from": [11.75, 6.02344, 6.27148],
			"to": [12.25, 6.77344, 9.72852],
			"rotation": {"angle": 0, "axis": "y", "origin": [8.01553, -3.59935, 7.87537]},
			"faces": {
				"north": {"uv": [5.875, 9.625, 6, 9.875], "texture": "#1"},
				"east": {"uv": [8.625, 3.875, 9.5, 4.125], "texture": "#1"},
				"south": {"uv": [6, 9.625, 6.125, 9.875], "texture": "#1"},
				"west": {"uv": [8.625, 4.125, 9.5, 4.375], "texture": "#1"},
				"up": {"uv": [3.75, 7.75, 3.875, 8.625], "texture": "#1"},
				"down": {"uv": [3.875, 7.75, 4, 8.625], "texture": "#1"}
			}
		},
		{
			"from": [3.75, 6.02344, 6.27148],
			"to": [4.25, 6.77344, 9.72852],
			"rotation": {"angle": 0, "axis": "y", "origin": [7.98447, -3.59935, 7.87537]},
			"faces": {
				"north": {"uv": [6.125, 9.625, 6.25, 9.875], "texture": "#1"},
				"east": {"uv": [8.625, 4.375, 9.5, 4.625], "texture": "#1"},
				"south": {"uv": [6.25, 9.625, 6.375, 9.875], "texture": "#1"},
				"west": {"uv": [8.625, 4.625, 9.5, 4.875], "texture": "#1"},
				"up": {"uv": [5.75, 7.75, 5.875, 8.625], "texture": "#1"},
				"down": {"uv": [5.875, 7.75, 6, 8.625], "texture": "#1"}
			}
		},
		{
			"from": [6.25441, 6.02364, 11.74376],
			"to": [9.80128, 6.77364, 12.24376],
			"rotation": {"angle": -45, "axis": "y", "origin": [8.02796, -3.59915, 7.98826]},
			"faces": {
				"north": {"uv": [8.625, 4.875, 9.5, 5.125], "texture": "#1"},
				"east": {"uv": [6.375, 9.625, 6.5, 9.875], "texture": "#1"},
				"south": {"uv": [8.625, 5.125, 9.5, 5.375], "texture": "#1"},
				"west": {"uv": [6.5, 9.625, 6.625, 9.875], "texture": "#1"},
				"up": {"uv": [8.875, 9.375, 9.75, 9.5], "texture": "#1"},
				"down": {"uv": [9.375, 2.25, 10.25, 2.375], "texture": "#1"}
			}
		},
		{
			"from": [6.2715, 6.02356, 11.75],
			"to": [9.7285, 6.77356, 12.25],
			"rotation": {"angle": 0, "axis": "y", "origin": [8.09193, -3.59923, 7.83826]},
			"faces": {
				"north": {"uv": [8.625, 5.375, 9.5, 5.625], "texture": "#1"},
				"east": {"uv": [6.625, 9.625, 6.75, 9.875], "texture": "#1"},
				"south": {"uv": [8.625, 5.625, 9.5, 5.875], "texture": "#1"},
				"west": {"uv": [6.75, 9.625, 6.875, 9.875], "texture": "#1"},
				"up": {"uv": [9.375, 2.375, 10.25, 2.5], "texture": "#1"},
				"down": {"uv": [9.375, 2.5, 10.25, 2.625], "texture": "#1"}
			}
		},
		{
			"from": [6.19872, 6.02364, 11.74376],
			"to": [9.76122, 6.77364, 12.24376],
			"rotation": {"angle": 45, "axis": "y", "origin": [7.97204, -3.59915, 7.98826]},
			"faces": {
				"north": {"uv": [5.75, 8.875, 6.625, 9.125], "texture": "#1"},
				"east": {"uv": [6.875, 9.625, 7, 9.875], "texture": "#1"},
				"south": {"uv": [6.625, 8.875, 7.5, 9.125], "texture": "#1"},
				"west": {"uv": [7, 9.625, 7.125, 9.875], "texture": "#1"},
				"up": {"uv": [5.75, 9.5, 6.625, 9.625], "texture": "#1"},
				"down": {"uv": [6.625, 9.5, 7.5, 9.625], "texture": "#1"}
			}
		},
		{
			"from": [6.19872, 6.02364, 3.75624],
			"to": [9.76122, 6.77364, 4.25624],
			"rotation": {"angle": -45, "axis": "y", "origin": [7.97204, -3.59915, 8.01174]},
			"faces": {
				"north": {"uv": [8.875, 8.875, 9.75, 9.125], "texture": "#1"},
				"east": {"uv": [7.125, 9.625, 7.25, 9.875], "texture": "#1"},
				"south": {"uv": [8.875, 5.875, 9.75, 6.125], "texture": "#1"},
				"west": {"uv": [7.25, 9.625, 7.375, 9.875], "texture": "#1"},
				"up": {"uv": [8.875, 9.5, 9.75, 9.625], "texture": "#1"},
				"down": {"uv": [9.5, 2.875, 10.375, 3], "texture": "#1"}
			}
		},
		{
			"from": [6.2715, 6.02356, 3.75],
			"to": [9.7285, 6.77356, 4.25],
			"rotation": {"angle": 0, "axis": "y", "origin": [8.09193, -3.59923, 8.16174]},
			"faces": {
				"north": {"uv": [8.875, 6.125, 9.75, 6.375], "texture": "#1"},
				"east": {"uv": [7.375, 9.625, 7.5, 9.875], "texture": "#1"},
				"south": {"uv": [8.875, 6.375, 9.75, 6.625], "texture": "#1"},
				"west": {"uv": [8.875, 9.625, 9, 9.875], "texture": "#1"},
				"up": {"uv": [9.5, 3, 10.375, 3.125], "texture": "#1"},
				"down": {"uv": [9.5, 3.125, 10.375, 3.25], "texture": "#1"}
			}
		},
		{
			"from": [6.23488, 6.02364, 3.75624],
			"to": [9.80128, 6.77364, 4.25624],
			"rotation": {"angle": 45, "axis": "y", "origin": [8.02796, -3.59915, 8.01174]},
			"faces": {
				"north": {"uv": [8.875, 6.625, 9.75, 6.875], "texture": "#1"},
				"east": {"uv": [9, 9.625, 9.125, 9.875], "texture": "#1"},
				"south": {"uv": [8.875, 6.875, 9.75, 7.125], "texture": "#1"},
				"west": {"uv": [9.125, 9.625, 9.25, 9.875], "texture": "#1"},
				"up": {"uv": [9.5, 3.25, 10.375, 3.375], "texture": "#1"},
				"down": {"uv": [9.5, 3.375, 10.375, 3.5], "texture": "#1"}
			}
		},
		{
			"from": [11.75, 0.02344, 6.27148],
			"to": [12.25, 0.77344, 9.72852],
			"rotation": {"angle": 0, "axis": "y", "origin": [8.01553, -9.59935, 7.87537]},
			"faces": {
				"north": {"uv": [9.25, 9.625, 9.375, 9.875], "texture": "#1"},
				"east": {"uv": [8.875, 7.125, 9.75, 7.375], "texture": "#1"},
				"south": {"uv": [9.375, 9.625, 9.5, 9.875], "texture": "#1"},
				"west": {"uv": [8.875, 7.375, 9.75, 7.625], "texture": "#1"},
				"up": {"uv": [3.75, 8.625, 3.875, 9.5], "texture": "#1"},
				"down": {"uv": [3.875, 8.625, 4, 9.5], "texture": "#1"}
			}
		},
		{
			"from": [3.75, 0.02344, 6.27148],
			"to": [4.25, 0.77344, 9.72852],
			"rotation": {"angle": 0, "axis": "y", "origin": [7.98447, -9.59935, 7.87537]},
			"faces": {
				"north": {"uv": [9.5, 9.625, 9.625, 9.875], "texture": "#1"},
				"east": {"uv": [8.875, 7.625, 9.75, 7.875], "texture": "#1"},
				"south": {"uv": [9.625, 9.625, 9.75, 9.875], "texture": "#1"},
				"west": {"uv": [8.875, 7.875, 9.75, 8.125], "texture": "#1"},
				"up": {"uv": [7.875, 8.875, 8, 9.75], "texture": "#1"},
				"down": {"uv": [7.5, 9.25, 7.625, 10.125], "texture": "#1"}
			}
		},
		{
			"from": [6.25441, 0.02364, 11.74376],
			"to": [9.80128, 0.77364, 12.24376],
			"rotation": {"angle": -45, "axis": "y", "origin": [8.02796, -9.59915, 7.98826]},
			"faces": {
				"north": {"uv": [8.875, 8.125, 9.75, 8.375], "texture": "#1"},
				"east": {"uv": [9.625, 5, 9.75, 5.25], "texture": "#1"},
				"south": {"uv": [8.875, 8.375, 9.75, 8.625], "texture": "#1"},
				"west": {"uv": [9.625, 5.25, 9.75, 5.5], "texture": "#1"},
				"up": {"uv": [9.5, 3.5, 10.375, 3.625], "texture": "#1"},
				"down": {"uv": [9.5, 3.625, 10.375, 3.75], "texture": "#1"}
			}
		},
		{
			"from": [6.2715, 0.02356, 11.75],
			"to": [9.7285, 0.77356, 12.25],
			"rotation": {"angle": 0, "axis": "y", "origin": [8.09193, -9.59923, 7.83826]},
			"faces": {
				"north": {"uv": [8.875, 8.625, 9.75, 8.875], "texture": "#1"},
				"east": {"uv": [9.625, 5.5, 9.75, 5.75], "texture": "#1"},
				"south": {"uv": [9, 0, 9.875, 0.25], "texture": "#1"},
				"west": {"uv": [3.75, 9.75, 3.875, 10], "texture": "#1"},
				"up": {"uv": [9.5, 3.75, 10.375, 3.875], "texture": "#1"},
				"down": {"uv": [9.5, 3.875, 10.375, 4], "texture": "#1"}
			}
		},
		{
			"from": [6.19872, 0.02364, 11.74376],
			"to": [9.76903, 0.77364, 12.24376],
			"rotation": {"angle": 45, "axis": "y", "origin": [7.97204, -9.59915, 7.98826]},
			"faces": {
				"north": {"uv": [9, 0.25, 9.875, 0.5], "texture": "#1"},
				"east": {"uv": [3.875, 9.75, 4, 10], "texture": "#1"},
				"south": {"uv": [9, 0.5, 9.875, 0.75], "texture": "#1"},
				"west": {"uv": [4, 9.75, 4.125, 10], "texture": "#1"},
				"up": {"uv": [9.5, 4, 10.375, 4.125], "texture": "#1"},
				"down": {"uv": [9.5, 4.125, 10.375, 4.25], "texture": "#1"}
			}
		},
		{
			"from": [6.19872, 0.02364, 3.75624],
			"to": [9.75731, 0.77364, 4.25624],
			"rotation": {"angle": -45, "axis": "y", "origin": [7.97204, -9.59915, 8.01174]},
			"faces": {
				"north": {"uv": [9, 0.75, 9.875, 1], "texture": "#1"},
				"east": {"uv": [4.125, 9.75, 4.25, 10], "texture": "#1"},
				"south": {"uv": [9, 1, 9.875, 1.25], "texture": "#1"},
				"west": {"uv": [4.25, 9.75, 4.375, 10], "texture": "#1"},
				"up": {"uv": [9.5, 4.25, 10.375, 4.375], "texture": "#1"},
				"down": {"uv": [9.5, 4.375, 10.375, 4.5], "texture": "#1"}
			}
		},
		{
			"from": [6.2715, 0.02356, 3.75],
			"to": [9.7285, 0.77356, 4.25],
			"rotation": {"angle": 0, "axis": "y", "origin": [8.09193, -9.59923, 8.16174]},
			"faces": {
				"north": {"uv": [9, 1.25, 9.875, 1.5], "texture": "#1"},
				"east": {"uv": [4.375, 9.75, 4.5, 10], "texture": "#1"},
				"south": {"uv": [9, 1.5, 9.875, 1.75], "texture": "#1"},
				"west": {"uv": [4.5, 9.75, 4.625, 10], "texture": "#1"},
				"up": {"uv": [9.5, 4.5, 10.375, 4.625], "texture": "#1"},
				"down": {"uv": [9.5, 4.625, 10.375, 4.75], "texture": "#1"}
			}
		},
		{
			"from": [6.23488, 0.02364, 3.75624],
			"to": [9.80128, 0.77364, 4.25624],
			"rotation": {"angle": 45, "axis": "y", "origin": [8.02796, -9.59915, 8.01174]},
			"faces": {
				"north": {"uv": [9, 1.75, 9.875, 2], "texture": "#1"},
				"east": {"uv": [4.625, 9.75, 4.75, 10], "texture": "#1"},
				"south": {"uv": [9, 2, 9.875, 2.25], "texture": "#1"},
				"west": {"uv": [4.75, 9.75, 4.875, 10], "texture": "#1"},
				"up": {"uv": [9.5, 4.75, 10.375, 4.875], "texture": "#1"},
				"down": {"uv": [9.5, 4.875, 10.375, 5], "texture": "#1"}
			}
		}
	],
	"display": {
		"thirdperson_righthand": {
			"rotation": [90, 0, 0],
			"translation": [-6, -2, 51.75],
			"scale": [1.9, 1.9, 1.9]
		},
		"thirdperson_lefthand": {
			"rotation": [25, 0, 0],
			"translation": [-1.5, 0, 0],
			"scale": [0.5, 0.5, 0.5]
		},
		"firstperson_righthand": {
			"rotation": [0, 9, 19],
			"translation": [0.5, 3.75, 0],
			"scale": [0.6, 0.6, 0.6]
		},
		"firstperson_lefthand": {
			"rotation": [0, 9, 19],
			"translation": [0.5, 3.75, 0],
			"scale": [0.6, 0.6, 0.6]
		},
		"ground": {
			"translation": [0, 4, 0]
		},
		"gui": {
			"rotation": [27.75, 29.25, 0],
			"translation": [0, 1.5, 0]
		},
		"head": {
			"translation": [0, -17.75, 0],
			"scale": [3.23, 3.23, 3.23]
		},
		"fixed": {
			"translation": [0, 1.75, 0]
		}
	},
	"groups": [0, 1, 2, 3, 4, 5, 6, 7, 8, 9, 10, 11, 12,
		{
			"name": "group",
			"origin": [8.02796, -4.24759, 8.01174],
			"children": [13, 14, 15, 16, 17, 18, 19, 20]
		},
		{
			"name": "group",
			"origin": [8.02796, -4.24759, 8.01174],
			"children": [21, 22, 23, 24, 25, 26, 27, 28]
		}
	]
}