{
	"credit": "Made with Blockbench",
	"texture_size": [128, 128],
	"textures": {
		"0": "new/8",
		"particle": "new/8"
	},
	"elements": [
		{
			"name": "e",
			"from": [5.375, 3, 4.8125],
			"to": [10.625, 7.5, 13.8125],
			"rotation": {"angle": 0, "axis": "y", "origin": [8.01603, 11.99904, 7.98493]},
			"faces": {
				"north": {"uv": [2.75, 1.125, 4.125, 2.25], "texture": "#0"},
				"east": {"uv": [5, 2.75, 2.75, 3.875], "texture": "#0"},
				"south": {"uv": [3.625, 0, 5, 1.125], "texture": "#0"},
				"west": {"uv": [2.75, 2.75, 5, 3.875], "texture": "#0"},
				"up": {"uv": [0, 0, 1.375, 2.25], "texture": "#0"},
				"down": {"uv": [1.375, 1.375, 2.75, 3.625], "texture": "#0"}
			}
		},
		{
			"name": "e",
			"from": [7.4375, 5.625, 13.4375],
			"to": [8.5625, 6.75, 16.4375],
			"rotation": {"angle": 22.5, "axis": "x", "origin": [8.20943, 6.73725, 15.3033]},
			"faces": {
				"north": {"uv": [2.375, 1.125, 2.625, 1.375], "texture": "#0"},
				"east": {"uv": [6.25, 7.75, 5.5, 8], "texture": "#0"},
				"south": {"uv": [2.25, 3.625, 2.5, 3.875], "texture": "#0"},
				"west": {"uv": [5.5, 7.75, 6.25, 8], "texture": "#0"},
				"up": {"uv": [7.75, 2, 8, 2.75], "texture": "#0"},
				"down": {"uv": [7.75, 3.875, 8, 4.625], "texture": "#0"}
			}
		},
		{
			"name": "e",
			"from": [7.0625, 5.44922, 16.0625],
			"to": [8.9375, 7.32422, 18.6875],
			"rotation": {"angle": 45, "axis": "x", "origin": [8.08443, 6.73725, 15.3033]},
			"faces": {
				"north": {"uv": [4, 5.5, 4.5, 6], "texture": "#0"},
				"east": {"uv": [5.25, 7.5, 4.625, 8], "texture": "#0"},
				"south": {"uv": [7.5, 7.5, 8, 8], "texture": "#0"},
				"west": {"uv": [4.625, 7.5, 5.25, 8], "texture": "#0"},
				"up": {"uv": [4, 4.875, 4.5, 5.5], "texture": "#0"},
				"down": {"uv": [5.75, 3, 6.25, 3.625], "texture": "#0"}
			}
		},
		{
			"name": "e",
			"from": [6.5, 3.75, 4.0625],
			"to": [9.5, 15.75, 7.0625],
			"rotation": {"angle": 0, "axis": "y", "origin": [8.01603, 11.99904, 7.98493]},
			"faces": {
				"north": {"uv": [0, 2.25, 0.75, 5.25], "texture": "#0"},
				"east": {"uv": [3, 3.875, 2.25, 6.875], "texture": "#0"},
				"south": {"uv": [1.5, 3.625, 2.25, 6.625], "texture": "#0"},
				"west": {"uv": [2.25, 3.875, 3, 6.875], "texture": "#0"},
				"up": {"uv": [5.5, 7, 6.25, 7.75], "texture": "#0"},
				"down": {"uv": [7, 0, 7.75, 0.75], "texture": "#0"}
			}
		},
		{
			"name": "e",
			"from": [6.125, 12.75, 0.6875],
			"to": [9.875, 16.5, 6.6875],
			"rotation": {"angle": 22.5, "axis": "x", "origin": [10.07073, 14.53308, 6.19593]},
			"faces": {
				"north": {"uv": [6.25, 6.25, 7.25, 7.25], "texture": "#0"},
				"east": {"uv": [3, 3.875, 4.5, 4.875], "texture": "#0"},
				"south": {"uv": [6.25, 3, 7.25, 4], "texture": "#0"},
				"west": {"uv": [4.5, 3.875, 3, 4.875], "texture": "#0"},
				"up": {"uv": [4.5, 4.5, 5.5, 6], "texture": "#0"},
				"down": {"uv": [3, 4.875, 4, 6.375], "texture": "#0"}
			}
		},
		{
			"name": "e",
			"from": [6.3125, 12.25, 1.4375],
			"to": [9.6875, 13, 5.5625],
			"rotation": {"angle": 22.5, "axis": "x", "origin": [10.07073, 14.53308, 6.19593]},
			"faces": {
				"north": {"uv": [7.75, 0, 8.625, 0.25], "texture": "#0"},
				"east": {"uv": [8.5, 7.125, 7.5, 7.375], "texture": "#0"},
				"south": {"uv": [7.75, 0.25, 8.625, 0.5], "texture": "#0"},
				"west": {"uv": [7.5, 7.125, 8.5, 7.375], "texture": "#0"},
				"up": {"uv": [6.875, 4, 7.75, 5], "texture": "#0"},
				"down": {"uv": [6.875, 5, 7.75, 6], "texture": "#0"}
			}
		},
		{
			"name": "e",
			"from": [5.9375, 14.625, 3.6875],
			"to": [10.0625, 16.125, 5.1875],
			"rotation": {"angle": 22.5, "axis": "x", "origin": [10.07073, 14.53308, 6.19593]},
			"faces": {
				"north": {"uv": [2.75, 2.25, 3.75, 2.625], "texture": "#0"},
				"east": {"uv": [5.375, 0.75, 5, 1.125], "texture": "#0"},
				"south": {"uv": [7.25, 3.5, 8.25, 3.875], "texture": "#0"},
				"west": {"uv": [5, 0.75, 5.375, 1.125], "texture": "#0"},
				"up": {"uv": [7.25, 6.75, 8.25, 7.125], "texture": "#0"},
				"down": {"uv": [3.625, 7.5, 4.625, 7.875], "texture": "#0"}
			}
		},
		{
			"name": "e",
			"from": [5.625, 14.41182, 6.68808],
			"to": [6.75, 16.66182, 10.43808],
			"rotation": {"angle": 0, "axis": "x", "origin": [10.07073, 14.78308, 6.69593]},
			"faces": {
				"north": {"uv": [7.75, 4.625, 8, 5.25], "texture": "#0"},
				"east": {"uv": [4.125, 2.125, 5, 2.75], "texture": "#0"},
				"south": {"uv": [7.75, 5.25, 8, 5.875], "texture": "#0"},
				"west": {"uv": [4.5, 3.875, 5.375, 4.5], "texture": "#0"},
				"up": {"uv": [3.625, 6.375, 3.875, 7.25], "texture": "#0"},
				"down": {"uv": [2.625, 6.875, 2.875, 7.75], "texture": "#0"}
			}
		},
		{
			"name": "e",
			"from": [9.25, 14.41182, 6.68808],
			"to": [10.375, 16.66182, 10.43808],
			"rotation": {"angle": 0, "axis": "x", "origin": [5.92927, 14.78308, 6.69593]},
			"faces": {
				"north": {"uv": [8, 4.625, 7.75, 5.25], "texture": "#0"},
				"east": {"uv": [5.375, 3.875, 4.5, 4.5], "texture": "#0"},
				"south": {"uv": [8, 5.25, 7.75, 5.875], "texture": "#0"},
				"west": {"uv": [5, 2.125, 4.125, 2.75], "texture": "#0"},
				"up": {"uv": [3.875, 6.375, 3.625, 7.25], "texture": "#0"},
				"down": {"uv": [2.875, 6.875, 2.625, 7.75], "texture": "#0"}
			}
		},
		{
			"name": "e",
			"from": [4.625, 0, 5.1875],
			"to": [6.875, 6, 8.1875],
			"rotation": {"angle": 0, "axis": "y", "origin": [8.01603, 11.99904, 7.98493]},
			"faces": {
				"north": {"uv": [6.25, 4, 6.875, 5.5], "texture": "#0"},
				"east": {"uv": [5, 2.125, 5.75, 3.625], "texture": "#0"},
				"south": {"uv": [3, 6.375, 3.625, 7.875], "texture": "#0"},
				"west": {"uv": [0, 5.25, 0.75, 6.75], "texture": "#0"},
				"up": {"uv": [0.75, 2.25, 1.375, 3], "texture": "#0"},
				"down": {"uv": [5, 0, 5.625, 0.75], "texture": "#0"}
			}
		},
		{
			"name": "e",
			"from": [9.125, 0, 5.1875],
			"to": [11.375, 6, 8.1875],
			"rotation": {"angle": 0, "axis": "y", "origin": [7.98397, 11.99904, 7.98493]},
			"faces": {
				"north": {"uv": [6.875, 4, 6.25, 5.5], "texture": "#0"},
				"east": {"uv": [0.75, 5.25, 0, 6.75], "texture": "#0"},
				"south": {"uv": [3.625, 6.375, 3, 7.875], "texture": "#0"},
				"west": {"uv": [5.75, 2.125, 5, 3.625], "texture": "#0"},
				"up": {"uv": [1.375, 2.25, 0.75, 3], "texture": "#0"},
				"down": {"uv": [5.625, 0, 5, 0.75], "texture": "#0"}
			}
		},
		{
			"name": "e",
			"from": [4.625, 0, 11.1875],
			"to": [6.875, 6, 14.1875],
			"rotation": {"angle": 0, "axis": "y", "origin": [8.01603, 11.99904, 7.98493]},
			"faces": {
				"north": {"uv": [6.375, 0, 7, 1.5], "texture": "#0"},
				"east": {"uv": [5.5, 5.5, 6.25, 7], "texture": "#0"},
				"south": {"uv": [6.5, 1.5, 7.125, 3], "texture": "#0"},
				"west": {"uv": [5.5, 3.625, 6.25, 5.125], "texture": "#0"},
				"up": {"uv": [6.25, 5.5, 6.875, 6.25], "texture": "#0"},
				"down": {"uv": [7.125, 2, 7.75, 2.75], "texture": "#0"}
			}
		},
		{
			"name": "e",
			"from": [9.125, 0, 11.1875],
			"to": [11.375, 6, 14.1875],
			"rotation": {"angle": 0, "axis": "y", "origin": [7.98397, 11.99904, 7.98493]},
			"faces": {
				"north": {"uv": [7, 0, 6.375, 1.5], "texture": "#0"},
				"east": {"uv": [6.25, 3.625, 5.5, 5.125], "texture": "#0"},
				"south": {"uv": [7.125, 1.5, 6.5, 3], "texture": "#0"},
				"west": {"uv": [6.25, 5.5, 5.5, 7], "texture": "#0"},
				"up": {"uv": [6.875, 5.5, 6.25, 6.25], "texture": "#0"},
				"down": {"uv": [7.75, 2, 7.125, 2.75], "texture": "#0"}
			}
		}
	],
	"display": {
		"thirdperson_righthand": {
			"rotation": [90, 0, 0],
			"translation": [-6, -0.5, 44.25]
		},
		"thirdperson_lefthand": {
			"rotation": [50, 0, 0],
			"translation": [0, 1.75, 0]
		},
		"firstperson_righthand": {
			"rotation": [-8, 36, 21],
			"translation": [0, 4.25, 0],
			"scale": [0.5, 0.5, 0.5]
		},
		"firstperson_lefthand": {
			"rotation": [-8, 36, 21],
			"translation": [0, 4.25, 0],
			"scale": [0.5, 0.5, 0.5]
		},
		"head": {
			"translation": [0, -31, -2.25],
			"scale": [1.72, 1.72, 1.72]
		}
	}
}