{
	"credit": "Made with Blockbench",
	"texture_size": [128, 128],
	"textures": {
		"2": "new/2",
		"particle": "new/2"
	},
	"elements": [
		{
			"from": [4, 2.5, 4],
			"to": [12, 7, 11.5],
			"rotation": {"angle": 0, "axis": "y", "origin": [8, 4.75, 7.75]},
			"faces": {
				"north": {"uv": [2.75, 7.25, 4.75, 8.375], "texture": "#2"},
				"east": {"uv": [7.75, 8.125, 9.625, 9.25], "texture": "#2"},
				"south": {"uv": [7.25, 3.25, 9.25, 4.375], "texture": "#2"},
				"west": {"uv": [9.625, 8.125, 7.75, 9.25], "texture": "#2"},
				"up": {"uv": [2.125, 2.125, 4.125, 4], "texture": "#2"},
				"down": {"uv": [2.125, 0, 4.125, 1.875], "texture": "#2"}
			}
		},
		{
			"from": [3.75, 5.86719, 3.75],
			"to": [6, 8.36719, 9.75],
			"rotation": {"angle": -22.5, "axis": "x", "origin": [7.75, 6.11719, 7.75]},
			"faces": {
				"north": {"uv": [5.75, 4.5, 5.125, 5.125], "texture": "#2"},
				"east": {"uv": [11.25, 5, 9.75, 5.625], "texture": "#2"},
				"south": {"uv": [7.875, 4.375, 7.25, 5], "texture": "#2"},
				"west": {"uv": [11.125, 8.625, 9.625, 9.25], "texture": "#2"},
				"up": {"uv": [4.125, 9.5, 3.5, 11], "texture": "#2"},
				"down": {"uv": [10.5, 5.625, 9.875, 7.125], "texture": "#2"}
			}
		},
		{
			"from": [10, 5.86719, 3.75],
			"to": [12.25, 8.36719, 9.75],
			"rotation": {"angle": -22.5, "axis": "x", "origin": [8.25, 6.11719, 7.75]},
			"faces": {
				"north": {"uv": [5.125, 4.5, 5.75, 5.125], "texture": "#2"},
				"east": {"uv": [9.625, 8.625, 11.125, 9.25], "texture": "#2"},
				"south": {"uv": [7.25, 4.375, 7.875, 5], "texture": "#2"},
				"west": {"uv": [9.75, 5, 11.25, 5.625], "texture": "#2"},
				"up": {"uv": [3.5, 9.5, 4.125, 11], "texture": "#2"},
				"down": {"uv": [9.875, 5.625, 10.5, 7.125], "texture": "#2"}
			}
		},
		{
			"from": [5, 1, 6.5],
			"to": [11, 5.5, 13.5],
			"rotation": {"angle": 0, "axis": "y", "origin": [7.75, 3.25, 9.75]},
			"faces": {
				"north": {"uv": [9.25, 2.875, 10.75, 4], "texture": "#2"},
				"east": {"uv": [10.875, 0, 9.125, 1.125], "texture": "#2"},
				"south": {"uv": [2, 9.5, 3.5, 10.625], "texture": "#2"},
				"west": {"uv": [9.125, 0, 10.875, 1.125], "texture": "#2"},
				"up": {"uv": [5.75, 3.25, 7.25, 5], "texture": "#2"},
				"down": {"uv": [0, 5.875, 1.5, 7.625], "texture": "#2"}
			}
		},
		{
			"from": [4.625, 1.5, 4.5],
			"to": [11.375, 8.75, 10.75],
			"rotation": {"angle": 0, "axis": "y", "origin": [8, 5.125, 7.625]},
			"faces": {
				"north": {"uv": [0, 4, 1.75, 5.875], "texture": "#2"},
				"east": {"uv": [3.5, 4, 5.125, 5.875], "texture": "#2"},
				"south": {"uv": [1.75, 4, 3.5, 5.875], "texture": "#2"},
				"west": {"uv": [5.125, 4, 3.5, 5.875], "texture": "#2"},
				"up": {"uv": [5.75, 0, 7.5, 1.625], "texture": "#2"},
				"down": {"uv": [5.75, 1.625, 7.5, 3.25], "texture": "#2"}
			}
		},
		{
			"from": [5.5, 3.75, 6],
			"to": [10.5, 11, 12.25],
			"rotation": {"angle": -22.5, "axis": "x", "origin": [7.875, 7.375, 9.125]},
			"faces": {
				"north": {"uv": [5.125, 7, 6.375, 8.875], "texture": "#2"},
				"east": {"uv": [4.125, 1.875, 5.75, 3.75], "texture": "#2"},
				"south": {"uv": [1.5, 7.25, 2.75, 9.125], "texture": "#2"},
				"west": {"uv": [5.125, 5.125, 6.75, 7], "texture": "#2"},
				"up": {"uv": [8.5, 4.375, 9.75, 6], "texture": "#2"},
				"down": {"uv": [8.625, 6, 9.875, 7.625], "texture": "#2"}
			}
		},
		{
			"from": [6.875, 1.5, 11.97656],
			"to": [9.125, 3, 14.72656],
			"rotation": {"angle": 0, "axis": "y", "origin": [7.75, 2.25, 11.60156]},
			"faces": {
				"north": {"uv": [10.875, 0.75, 11.5, 1.125], "texture": "#2"},
				"east": {"uv": [8.625, 7.625, 9.375, 8], "texture": "#2"},
				"south": {"uv": [4.125, 11, 4.75, 11.375], "texture": "#2"},
				"west": {"uv": [9.375, 7.625, 8.625, 8], "texture": "#2"},
				"up": {"uv": [5.125, 3.75, 5.75, 4.5], "texture": "#2"},
				"down": {"uv": [2.375, 10.625, 3, 11.375], "texture": "#2"}
			}
		},
		{
			"from": [7.12891, 1.83594, 14.46875],
			"to": [8.86328, 3.19141, 16.75],
			"rotation": {"angle": -22.5, "axis": "x", "origin": [8.375, 2.25, 15.375]},
			"faces": {
				"north": {"uv": [4.625, 8.375, 5, 8.75], "texture": "#2"},
				"east": {"uv": [4.75, 11, 5.375, 11.375], "texture": "#2"},
				"south": {"uv": [8.875, 2.875, 9.25, 3.25], "texture": "#2"},
				"west": {"uv": [4.75, 11, 5.375, 11.375], "texture": "#2"},
				"up": {"uv": [9.25, 10.125, 9.625, 10.75], "texture": "#2"},
				"down": {"uv": [6.875, 11, 7.25, 11.625], "texture": "#2"}
			}
		},
		{
			"from": [7.47266, 3.09766, 16.1875],
			"to": [8.53906, 4.32813, 18.6875],
			"rotation": {"angle": -45, "axis": "x", "origin": [8.34766, 3.44531, 17.3125]},
			"faces": {
				"north": {"uv": [3.875, 1.875, 4.125, 2.125], "texture": "#2"},
				"east": {"uv": [4.125, 3.75, 4.75, 4], "texture": "#2"},
				"south": {"uv": [4.75, 3.75, 5, 4], "texture": "#2"},
				"west": {"uv": [4.125, 3.75, 4.75, 4], "texture": "#2"},
				"up": {"uv": [8.875, 11, 9.125, 11.625], "texture": "#2"},
				"down": {"uv": [9.125, 11, 9.375, 11.625], "texture": "#2"}
			}
		},
		{
			"from": [7.50391, 4.16406, 17.51563],
			"to": [8.51563, 6.66406, 18.51563],
			"rotation": {"angle": 0, "axis": "y", "origin": [8.32422, 5.28906, 18.26563]},
			"faces": {
				"north": {"uv": [9.375, 11, 9.625, 11.625], "texture": "#2"},
				"east": {"uv": [9.625, 11, 9.875, 11.625], "texture": "#2"},
				"south": {"uv": [9.875, 11, 10.125, 11.625], "texture": "#2"},
				"west": {"uv": [9.875, 11, 9.625, 11.625], "texture": "#2"},
				"up": {"uv": [11.125, 9, 11.375, 9.25], "texture": "#2"},
				"down": {"uv": [11.25, 2.625, 11.5, 2.875], "texture": "#2"}
			}
		},
		{
			"from": [7.77539, 5.53516, 16.53906],
			"to": [8.27539, 6.03516, 19.53906],
			"rotation": {"angle": 0, "axis": "y", "origin": [8.27539, 6.41016, 17.73047]},
			"faces": {
				"north": {"uv": [1.875, 9.125, 2, 9.25], "texture": "#2"},
				"east": {"uv": [5.75, 5, 6.5, 5.125], "texture": "#2"},
				"south": {"uv": [9.75, 5.875, 9.875, 6], "texture": "#2"},
				"west": {"uv": [7.5, 3.125, 8.25, 3.25], "texture": "#2"},
				"up": {"uv": [6.25, 10, 6.375, 10.75], "texture": "#2"},
				"down": {"uv": [0, 11.375, 0.125, 12.125], "texture": "#2"}
			}
		},
		{
			"from": [7.77539, 6.53516, 17.03906],
			"to": [8.27539, 7.03516, 19.03906],
			"rotation": {"angle": 0, "axis": "y", "origin": [8.27539, 7.41016, 17.73047]},
			"faces": {
				"north": {"uv": [10.25, 9.625, 10.375, 9.75], "texture": "#2"},
				"east": {"uv": [4.625, 8.75, 5.125, 8.875], "texture": "#2"},
				"south": {"uv": [10.375, 9.625, 10.5, 9.75], "texture": "#2"},
				"west": {"uv": [1.375, 9.125, 1.875, 9.25], "texture": "#2"},
				"up": {"uv": [4.5, 9.5, 4.625, 10], "texture": "#2"},
				"down": {"uv": [1.875, 10.125, 2, 10.625], "texture": "#2"}
			}
		},
		{
			"from": [7.77539, 7.53516, 17.53906],
			"to": [8.27539, 8.03516, 18.53906],
			"rotation": {"angle": 0, "axis": "y", "origin": [8.27539, 8.41016, 17.73047]},
			"faces": {
				"north": {"uv": [10.75, 9.625, 10.875, 9.75], "texture": "#2"},
				"east": {"uv": [6.5, 5, 6.75, 5.125], "texture": "#2"},
				"south": {"uv": [3.375, 10.875, 3.5, 11], "texture": "#2"},
				"west": {"uv": [8.875, 2.75, 9.125, 2.875], "texture": "#2"},
				"up": {"uv": [0.125, 11.375, 0.25, 11.625], "texture": "#2"},
				"down": {"uv": [0.25, 11.375, 0.375, 11.625], "texture": "#2"}
			}
		},
		{
			"from": [7.77539, 6.03516, 16.76172],
			"to": [8.27539, 6.53516, 19.26172],
			"rotation": {"angle": 0, "axis": "y", "origin": [8.27539, 7.16016, 17.95313]},
			"faces": {
				"north": {"uv": [4.125, 9.875, 4.25, 10], "texture": "#2"},
				"east": {"uv": [8.25, 3.125, 8.875, 3.25], "texture": "#2"},
				"south": {"uv": [4.25, 9.875, 4.375, 10], "texture": "#2"},
				"west": {"uv": [8.625, 8, 9.25, 8.125], "texture": "#2"},
				"up": {"uv": [9.625, 10.125, 9.75, 10.75], "texture": "#2"},
				"down": {"uv": [11.25, 8, 11.375, 8.625], "texture": "#2"}
			}
		},
		{
			"from": [7.77539, 7.03516, 17.26172],
			"to": [8.27539, 7.53516, 18.76172],
			"rotation": {"angle": 0, "axis": "y", "origin": [8.27539, 8.16016, 17.95313]},
			"faces": {
				"north": {"uv": [4.375, 9.875, 4.5, 10], "texture": "#2"},
				"east": {"uv": [9.25, 8, 9.625, 8.125], "texture": "#2"},
				"south": {"uv": [10.125, 9.625, 10.25, 9.75], "texture": "#2"},
				"west": {"uv": [9.75, 9.625, 10.125, 9.75], "texture": "#2"},
				"up": {"uv": [8.5, 6, 8.625, 6.375], "texture": "#2"},
				"down": {"uv": [9.625, 4, 9.75, 4.375], "texture": "#2"}
			}
		},
		{
			"from": [7.77539, 8.03516, 17.76172],
			"to": [8.27539, 8.53516, 18.26172],
			"rotation": {"angle": 0, "axis": "y", "origin": [8.27539, 9.16016, 17.95313]},
			"faces": {
				"north": {"uv": [1.5, 10.5, 1.625, 10.625], "texture": "#2"},
				"east": {"uv": [1.625, 10.5, 1.75, 10.625], "texture": "#2"},
				"south": {"uv": [1.75, 10.5, 1.875, 10.625], "texture": "#2"},
				"west": {"uv": [10.5, 9.625, 10.625, 9.75], "texture": "#2"},
				"up": {"uv": [10.625, 9.625, 10.75, 9.75], "texture": "#2"},
				"down": {"uv": [10.75, 3.875, 10.875, 4], "texture": "#2"}
			}
		},
		{
			"from": [4.75, 9.25, 4],
			"to": [11.25, 10.01563, 9.5],
			"rotation": {"angle": 0, "axis": "y", "origin": [15.25, 12, 14.5]},
			"faces": {
				"north": {"uv": [9.25, 10.75, 10.875, 11], "texture": "#2"},
				"east": {"uv": [6.25, 10.75, 7.625, 11], "texture": "#2"},
				"south": {"uv": [10.75, 2.875, 12.375, 3.125], "texture": "#2"},
				"west": {"uv": [7.625, 10.75, 6.25, 11], "texture": "#2"},
				"up": {"uv": [7.5, 0, 9.125, 1.375], "texture": "#2"},
				"down": {"uv": [7.5, 1.375, 9.125, 2.75], "texture": "#2"}
			}
		},
		{
			"from": [4.5, 9.60156, 3],
			"to": [11.5, 10.5, 8.5],
			"rotation": {"angle": 22.5, "axis": "x", "origin": [8, 10, 5.75]},
			"faces": {
				"north": {"uv": [2.125, 1.875, 3.875, 2.125], "texture": "#2"},
				"east": {"uv": [10.75, 3.375, 12.125, 3.625], "texture": "#2"},
				"south": {"uv": [9.875, 7.375, 11.625, 7.625], "texture": "#2"},
				"west": {"uv": [12.125, 3.375, 10.75, 3.625], "texture": "#2"},
				"up": {"uv": [3.375, 5.875, 5.125, 7.25], "texture": "#2"},
				"down": {"uv": [6.75, 5, 8.5, 6.375], "texture": "#2"}
			}
		},
		{
			"from": [3.875, 10, 3.25],
			"to": [12.125, 13.5, 11.25],
			"rotation": {"angle": 22.5, "axis": "x", "origin": [7.875, 12.125, 6.5]},
			"faces": {
				"north": {"uv": [9.125, 1.125, 11.25, 2], "texture": "#2"},
				"east": {"uv": [0, 9.25, 2, 10.125], "texture": "#2"},
				"south": {"uv": [9.125, 2, 11.25, 2.875], "texture": "#2"},
				"west": {"uv": [2, 9.25, 0, 10.125], "texture": "#2"},
				"up": {"uv": [0, 0, 2.125, 2], "texture": "#2"},
				"down": {"uv": [0, 2, 2.125, 4], "texture": "#2"}
			}
		},
		{
			"from": [5.25, 10.75, 5.75],
			"to": [10.75, 14.5, 12.25],
			"rotation": {"angle": 22.5, "axis": "x", "origin": [7.75, 13.125, 6.75]},
			"faces": {
				"north": {"uv": [6.375, 9.75, 7.75, 10.75], "texture": "#2"},
				"east": {"uv": [9.625, 7.625, 11.25, 8.625], "texture": "#2"},
				"south": {"uv": [9.75, 4, 11.125, 5], "texture": "#2"},
				"west": {"uv": [9.75, 9.75, 11.375, 10.75], "texture": "#2"},
				"up": {"uv": [0, 7.625, 1.375, 9.25], "texture": "#2"},
				"down": {"uv": [6.375, 8.125, 7.75, 9.75], "texture": "#2"}
			}
		},
		{
			"from": [4.5, 14, 9],
			"to": [5.5, 17, 10.25],
			"rotation": {"angle": 22.5, "axis": "x", "origin": [7.5, 15.125, 5.5]},
			"faces": {
				"north": {"uv": [7.5, 11, 7.75, 11.75], "texture": "#2"},
				"east": {"uv": [3.375, 11, 3.75, 11.75], "texture": "#2"},
				"south": {"uv": [8.375, 11, 8.625, 11.75], "texture": "#2"},
				"west": {"uv": [3.75, 11, 4.125, 11.75], "texture": "#2"},
				"up": {"uv": [11.25, 5, 11.5, 5.375], "texture": "#2"},
				"down": {"uv": [11.25, 7.625, 11.5, 8], "texture": "#2"}
			}
		},
		{
			"from": [10.5, 14, 9],
			"to": [11.5, 17, 10.25],
			"rotation": {"angle": 22.5, "axis": "x", "origin": [8.5, 15.125, 5.5]},
			"faces": {
				"north": {"uv": [7.75, 11, 7.5, 11.75], "texture": "#2"},
				"east": {"uv": [4.125, 11, 3.75, 11.75], "texture": "#2"},
				"south": {"uv": [8.625, 11, 8.375, 11.75], "texture": "#2"},
				"west": {"uv": [3.75, 11, 3.375, 11.75], "texture": "#2"},
				"up": {"uv": [11.5, 5, 11.25, 5.375], "texture": "#2"},
				"down": {"uv": [11.5, 7.625, 11.25, 8], "texture": "#2"}
			}
		},
		{
			"from": [4.25, 8, 3.5],
			"to": [11.75, 9.5, 9],
			"rotation": {"angle": 0, "axis": "y", "origin": [8, 8.75, 6.25]},
			"faces": {
				"north": {"uv": [6.75, 6.375, 8.625, 6.75], "texture": "#2"},
				"east": {"uv": [7.5, 2.75, 8.875, 3.125], "texture": "#2"},
				"south": {"uv": [9.75, 9.25, 11.625, 9.625], "texture": "#2"},
				"west": {"uv": [8.875, 2.75, 7.5, 3.125], "texture": "#2"},
				"up": {"uv": [1.5, 5.875, 3.375, 7.25], "texture": "#2"},
				"down": {"uv": [6.75, 6.75, 8.625, 8.125], "texture": "#2"}
			}
		},
		{
			"from": [3.51172, 6.5, 11.75],
			"to": [3.51172, 9.75, 15.25],
			"rotation": {"angle": -45, "axis": "y", "origin": [3.47656, 8.59375, 12.40625]},
			"faces": {
				"north": {"uv": [0, 0, 0, 0.875], "texture": "#2"},
				"east": {"uv": [2.375, 10.625, 1.5, 11.5], "texture": "#2"},
				"south": {"uv": [0, 0, 0, 0.875], "texture": "#2"},
				"west": {"uv": [1.5, 10.625, 2.375, 11.5], "texture": "#2"},
				"up": {"uv": [0, 0, 0, 0.875], "texture": "#2"},
				"down": {"uv": [0, 0, 0, 0.875], "texture": "#2"}
			}
		},
		{
			"from": [3.33984, 5.25, 11],
			"to": [3.58984, 9.75, 11.75],
			"rotation": {"angle": -45, "axis": "y", "origin": [3.47656, 8.59375, 12.40625]},
			"faces": {
				"north": {"uv": [6.625, 7, 6.75, 8.125], "texture": "#2"},
				"east": {"uv": [6.375, 7, 6.625, 8.125], "texture": "#2"},
				"south": {"uv": [10.375, 11, 10.5, 12.125], "texture": "#2"},
				"west": {"uv": [4.75, 7.25, 5, 8.375], "texture": "#2"},
				"up": {"uv": [5, 3.75, 5.125, 4], "texture": "#2"},
				"down": {"uv": [5, 8.5, 5.125, 8.75], "texture": "#2"}
			}
		},
		{
			"from": [3.08984, 8.75, 10.75],
			"to": [3.83984, 10, 12],
			"rotation": {"angle": -45, "axis": "y", "origin": [3.47656, 8.59375, 12.40625]},
			"faces": {
				"north": {"uv": [9.375, 7.625, 9.625, 8], "texture": "#2"},
				"east": {"uv": [4.5, 9.5, 4.125, 9.875], "texture": "#2"},
				"south": {"uv": [11.125, 11.125, 11.375, 11.5], "texture": "#2"},
				"west": {"uv": [4.125, 9.5, 4.5, 9.875], "texture": "#2"},
				"up": {"uv": [11.125, 3.875, 11.375, 4.25], "texture": "#2"},
				"down": {"uv": [11.125, 4.25, 11.375, 4.625], "texture": "#2"}
			}
		},
		{
			"from": [3.33984, 9, 11],
			"to": [3.58984, 9.75, 15.75],
			"rotation": {"angle": -45, "axis": "y", "origin": [3.47656, 8.59375, 12.40625]},
			"faces": {
				"north": {"uv": [1.375, 8.875, 1.5, 9.125], "texture": "#2"},
				"east": {"uv": [12.125, 0, 10.875, 0.25], "texture": "#2"},
				"south": {"uv": [9.75, 5.625, 9.875, 5.875], "texture": "#2"},
				"west": {"uv": [10.875, 0, 12.125, 0.25], "texture": "#2"},
				"up": {"uv": [5, 7.25, 5.125, 8.5], "texture": "#2"},
				"down": {"uv": [1.375, 7.625, 1.5, 8.875], "texture": "#2"}
			}
		},
		{
			"from": [12.48828, 6.5, 11.75],
			"to": [12.48828, 9.75, 15.25],
			"rotation": {"angle": 45, "axis": "y", "origin": [12.52344, 8.59375, 12.40625]},
			"faces": {
				"north": {"uv": [0, 0, 0, 0.875], "texture": "#2"},
				"east": {"uv": [2.375, 10.625, 1.5, 11.5], "texture": "#2"},
				"south": {"uv": [0, 0, 0, 0.875], "texture": "#2"},
				"west": {"uv": [1.5, 10.625, 2.375, 11.5], "texture": "#2"},
				"up": {"uv": [0, 0, 0, 0.875], "texture": "#2"},
				"down": {"uv": [0, 0, 0, 0.875], "texture": "#2"}
			}
		},
		{
			"from": [12.41016, 5.25, 11],
			"to": [12.66016, 9.75, 11.75],
			"rotation": {"angle": 45, "axis": "y", "origin": [12.52344, 8.59375, 12.40625]},
			"faces": {
				"north": {"uv": [10.5, 11, 10.625, 12.125], "texture": "#2"},
				"east": {"uv": [1, 10.75, 1.25, 11.875], "texture": "#2"},
				"south": {"uv": [10.625, 11, 10.75, 12.125], "texture": "#2"},
				"west": {"uv": [1.25, 10.75, 1.5, 11.875], "texture": "#2"},
				"up": {"uv": [3.375, 10.625, 3.5, 10.875], "texture": "#2"},
				"down": {"uv": [5.5, 10.625, 5.625, 10.875], "texture": "#2"}
			}
		},
		{
			"from": [12.16016, 8.75, 10.75],
			"to": [12.91016, 10, 12],
			"rotation": {"angle": 45, "axis": "y", "origin": [12.52344, 8.59375, 12.40625]},
			"faces": {
				"north": {"uv": [11.25, 1.125, 11.5, 1.5], "texture": "#2"},
				"east": {"uv": [4.5, 9.5, 4.125, 9.875], "texture": "#2"},
				"south": {"uv": [11.25, 1.5, 11.5, 1.875], "texture": "#2"},
				"west": {"uv": [4.125, 9.5, 4.5, 9.875], "texture": "#2"},
				"up": {"uv": [11.25, 1.875, 11.5, 2.25], "texture": "#2"},
				"down": {"uv": [11.25, 2.25, 11.5, 2.625], "texture": "#2"}
			}
		},
		{
			"from": [12.41016, 9, 11],
			"to": [12.66016, 9.75, 15.75],
			"rotation": {"angle": 45, "axis": "y", "origin": [12.52344, 8.59375, 12.40625]},
			"faces": {
				"north": {"uv": [7.625, 10.75, 7.75, 11], "texture": "#2"},
				"east": {"uv": [12.125, 0, 10.875, 0.25], "texture": "#2"},
				"south": {"uv": [11.25, 5.375, 11.375, 5.625], "texture": "#2"},
				"west": {"uv": [10.875, 0, 12.125, 0.25], "texture": "#2"},
				"up": {"uv": [8.625, 11, 8.75, 12.25], "texture": "#2"},
				"down": {"uv": [8.75, 11, 8.875, 12.25], "texture": "#2"}
			}
		}
	],
	"display": {
		"thirdperson_righthand": {
			"translation": [0, 3, 0.75],
			"scale": [0.5, 0.5, 0.5]
		},
		"thirdperson_lefthand": {
			"translation": [0, 3, 0.75],
			"scale": [0.5, 0.5, 0.5]
		},
		"firstperson_righthand": {
			"rotation": [18, 116, -4],
			"translation": [0, 4.75, 0.5],
			"scale": [0.5, 0.5, 0.5]
		},
		"firstperson_lefthand": {
			"rotation": [18, 116, -4],
			"translation": [0, 4.75, 0.5],
			"scale": [0.5, 0.5, 0.5]
		},
		"ground": {
			"translation": [0, 2.75, 0]
		},
		"gui": {
			"rotation": [30, 135, 0],
			"translation": [-1.5, 0, 0],
			"scale": [0.8, 0.8, 0.8]
		},
		"head": {
			"translation": [0, -26.5, -4.75],
			"scale": [2.6, 2.6, 2.6]
		}
	},
	"groups": [0, 1, 2, 3, 4, 5, 6, 7, 8, 9, 10, 11, 12, 13, 14, 15, 16, 17, 18, 19, 20, 21, 22,
		{
			"name": "group",
			"origin": [4.97656, 5.59375, 13.15625],
			"children": [23, 24, 25, 26]
		},
		{
			"name": "group",
			"origin": [4.97656, 5.59375, 13.15625],
			"children": [27, 28, 29, 30]
		}
	]
}