{
	"credit": "Made with Blockbench",
	"texture_size": [256, 256],
	"textures": {
		"0": "new/26",
		"particle": "new/26"
	},
	"elements": [
		{
			"name": "hexadecagon",
			"from": [6.45558, 11.75, 0.01172],
			"to": [9.63817, 14, 1.01172],
			"rotation": {"angle": -45, "axis": "y", "origin": [8, 14.5, 8]},
			"faces": {
				"north": {"uv": [3.6875, 8.1875, 4.0625, 8.5], "texture": "#0"},
				"east": {"uv": [7.8125, 9.0625, 7.9375, 9.375], "texture": "#0"},
				"south": {"uv": [5.0625, 4.6875, 5.4375, 5], "texture": "#0"},
				"west": {"uv": [7.9375, 9.0625, 8.0625, 9.375], "texture": "#0"},
				"up": {"uv": [5.4375, 5.3125, 5.8125, 5.4375], "texture": "#0"},
				"down": {"uv": [8.125, 8, 8.5, 8.125], "texture": "#0"}
			}
		},
		{
			"name": "hexadecagon",
			"from": [6.4087, 11.75, 0],
			"to": [9.5913, 14, 1],
			"rotation": {"angle": -22.5, "axis": "y", "origin": [8, 14.5, 8]},
			"faces": {
				"north": {"uv": [3.6875, 8.1875, 4.0625, 8.5], "texture": "#0"},
				"east": {"uv": [8.0625, 9.0625, 8.1875, 9.375], "texture": "#0"},
				"south": {"uv": [1.375, 7.875, 1.75, 8.1875], "texture": "#0"},
				"west": {"uv": [8.1875, 9.0625, 8.3125, 9.375], "texture": "#0"},
				"up": {"uv": [8.75, 2.6875, 9.125, 2.8125], "texture": "#0"},
				"down": {"uv": [8.75, 4.6875, 9.125, 4.8125], "texture": "#0"}
			}
		},
		{
			"name": "hexadecagon",
			"from": [6.4087, 11.75, 0],
			"to": [9.5913, 14, 1],
			"rotation": {"angle": 0, "axis": "y", "origin": [8, 14.5, 8]},
			"faces": {
				"north": {"uv": [3.6875, 8.1875, 4.0625, 8.5], "texture": "#0"},
				"east": {"uv": [8.3125, 9.0625, 8.4375, 9.375], "texture": "#0"},
				"south": {"uv": [2.125, 7.875, 2.5, 8.1875], "texture": "#0"},
				"west": {"uv": [8.4375, 9.0625, 8.5625, 9.375], "texture": "#0"},
				"up": {"uv": [8.75, 4.8125, 9.125, 4.9375], "texture": "#0"},
				"down": {"uv": [8.75, 6.3125, 9.125, 6.4375], "texture": "#0"}
			}
		},
		{
			"name": "hexadecagon",
			"from": [6.4087, 11.75, 0],
			"to": [9.5913, 14, 1],
			"rotation": {"angle": 22.5, "axis": "y", "origin": [8, 14.5, 8]},
			"faces": {
				"north": {"uv": [3.6875, 8.1875, 4.0625, 8.5], "texture": "#0"},
				"east": {"uv": [9.0625, 9.0625, 9.1875, 9.375], "texture": "#0"},
				"south": {"uv": [7.875, 3.1875, 8.25, 3.5], "texture": "#0"},
				"west": {"uv": [9.0625, 0.625, 9.1875, 0.9375], "texture": "#0"},
				"up": {"uv": [8.75, 6.4375, 9.125, 6.5625], "texture": "#0"},
				"down": {"uv": [1.375, 8.8125, 1.75, 8.9375], "texture": "#0"}
			}
		},
		{
			"name": "hexadecagon",
			"from": [6.4087, 11.75, 0],
			"to": [9.5913, 14, 1],
			"rotation": {"angle": 45, "axis": "y", "origin": [8, 14.5, 8]},
			"faces": {
				"north": {"uv": [3.6875, 8.1875, 4.0625, 8.5], "texture": "#0"},
				"east": {"uv": [9.0625, 0.9375, 9.1875, 1.25], "texture": "#0"},
				"south": {"uv": [7.875, 3.8125, 8.25, 4.125], "texture": "#0"},
				"west": {"uv": [3.6875, 8.1875, 4.0625, 8.5], "texture": "#0"},
				"up": {"uv": [1.75, 8.8125, 2.125, 8.9375], "texture": "#0"},
				"down": {"uv": [2.125, 8.8125, 2.5, 8.9375], "texture": "#0"}
			}
		},
		{
			"name": "hexadecagon",
			"from": [6.4087, 11.75, 15],
			"to": [9.5913, 14, 16],
			"rotation": {"angle": -45, "axis": "y", "origin": [8, 14.5, 8]},
			"faces": {
				"north": {"uv": [7.875, 4.125, 8.25, 4.4375], "texture": "#0"},
				"east": {"uv": [9.0625, 1.9375, 9.1875, 2.25], "texture": "#0"},
				"south": {"uv": [3.6875, 8.1875, 4.0625, 8.5], "texture": "#0"},
				"west": {"uv": [9.0625, 3.0625, 9.1875, 3.375], "texture": "#0"},
				"up": {"uv": [3.6875, 8.8125, 4.0625, 8.9375], "texture": "#0"},
				"down": {"uv": [5.5625, 8.8125, 5.9375, 8.9375], "texture": "#0"}
			}
		},
		{
			"name": "hexadecagon",
			"from": [6.4087, 11.75, 15],
			"to": [9.5913, 14, 16],
			"rotation": {"angle": -22.5, "axis": "y", "origin": [8, 14.5, 8]},
			"faces": {
				"north": {"uv": [2.5, 7.9375, 2.875, 8.25], "texture": "#0"},
				"east": {"uv": [9.0625, 5.9375, 9.1875, 6.25], "texture": "#0"},
				"south": {"uv": [3.6875, 8.1875, 4.0625, 8.5], "texture": "#0"},
				"west": {"uv": [2.5, 9.125, 2.625, 9.4375], "texture": "#0"},
				"up": {"uv": [8.8125, 2.8125, 9.1875, 2.9375], "texture": "#0"},
				"down": {"uv": [8.8125, 2.9375, 9.1875, 3.0625], "texture": "#0"}
			}
		},
		{
			"name": "hexadecagon",
			"from": [6.4087, 11.75, 15],
			"to": [9.5913, 14, 16],
			"rotation": {"angle": 0, "axis": "y", "origin": [8, 14.5, 8]},
			"faces": {
				"north": {"uv": [4.4375, 7.9375, 4.8125, 8.25], "texture": "#0"},
				"east": {"uv": [2.625, 9.125, 2.75, 9.4375], "texture": "#0"},
				"south": {"uv": [3.6875, 8.1875, 4.0625, 8.5], "texture": "#0"},
				"west": {"uv": [2.75, 9.125, 2.875, 9.4375], "texture": "#0"},
				"up": {"uv": [8.8125, 6.5625, 9.1875, 6.6875], "texture": "#0"},
				"down": {"uv": [8.8125, 6.6875, 9.1875, 6.8125], "texture": "#0"}
			}
		},
		{
			"name": "hexadecagon",
			"from": [6.4087, 11.75, 15],
			"to": [9.5913, 14, 16],
			"rotation": {"angle": 22.5, "axis": "y", "origin": [8, 14.5, 8]},
			"faces": {
				"north": {"uv": [8, 2.8125, 8.375, 3.125], "texture": "#0"},
				"east": {"uv": [3.125, 9.125, 3.25, 9.4375], "texture": "#0"},
				"south": {"uv": [3.6875, 8.1875, 4.0625, 8.5], "texture": "#0"},
				"west": {"uv": [3.25, 9.125, 3.375, 9.4375], "texture": "#0"},
				"up": {"uv": [8.8125, 6.8125, 9.1875, 6.9375], "texture": "#0"},
				"down": {"uv": [2.5, 8.875, 2.875, 9], "texture": "#0"}
			}
		},
		{
			"name": "hexadecagon",
			"from": [6.4087, 11.75, 15],
			"to": [9.5913, 14, 16],
			"rotation": {"angle": 45, "axis": "y", "origin": [8, 14.5, 8]},
			"faces": {
				"north": {"uv": [8, 6.5, 8.375, 6.8125], "texture": "#0"},
				"east": {"uv": [3.6875, 8.1875, 4.0625, 8.5], "texture": "#0"},
				"south": {"uv": [3.6875, 8.1875, 4.0625, 8.5], "texture": "#0"},
				"west": {"uv": [3.5, 9.125, 3.625, 9.4375], "texture": "#0"},
				"up": {"uv": [5.9375, 8.875, 6.3125, 9], "texture": "#0"},
				"down": {"uv": [8.875, 8.875, 9.25, 9], "texture": "#0"}
			}
		},
		{
			"name": "hexadecagon",
			"from": [0, 11.75, 6.4087],
			"to": [1, 14, 9.5913],
			"rotation": {"angle": -22.5, "axis": "y", "origin": [8, 14.5, 8]},
			"faces": {
				"north": {"uv": [5.9375, 9.125, 6.0625, 9.4375], "texture": "#0"},
				"east": {"uv": [8.125, 8.125, 8.5, 8.4375], "texture": "#0"},
				"south": {"uv": [6.0625, 9.125, 6.1875, 9.4375], "texture": "#0"},
				"west": {"uv": [3.6875, 8.1875, 4.0625, 8.5], "texture": "#0"},
				"up": {"uv": [5.5625, 3.125, 5.6875, 3.5], "texture": "#0"},
				"down": {"uv": [4.125, 5.6875, 4.25, 6.0625], "texture": "#0"}
			}
		},
		{
			"name": "hexadecagon",
			"from": [0, 11.75, 6.4087],
			"to": [1, 14, 9.5913],
			"rotation": {"angle": 0, "axis": "y", "origin": [8, 14.5, 8]},
			"faces": {
				"north": {"uv": [6.1875, 9.125, 6.3125, 9.4375], "texture": "#0"},
				"east": {"uv": [1.375, 8.1875, 1.75, 8.5], "texture": "#0"},
				"south": {"uv": [6.3125, 9.125, 6.4375, 9.4375], "texture": "#0"},
				"west": {"uv": [3.6875, 8.1875, 4.0625, 8.5], "texture": "#0"},
				"up": {"uv": [3.1875, 6.5625, 3.3125, 6.9375], "texture": "#0"},
				"down": {"uv": [6.375, 7.8125, 6.5, 8.1875], "texture": "#0"}
			}
		},
		{
			"name": "hexadecagon",
			"from": [0, 11.75, 6.4087],
			"to": [1, 14, 9.5913],
			"rotation": {"angle": 22.5, "axis": "y", "origin": [8, 14.5, 8]},
			"faces": {
				"north": {"uv": [6.4375, 9.125, 6.5625, 9.4375], "texture": "#0"},
				"east": {"uv": [2.125, 8.1875, 2.5, 8.5], "texture": "#0"},
				"south": {"uv": [3.6875, 8.1875, 4.0625, 8.5], "texture": "#0"},
				"west": {"uv": [3.6875, 8.1875, 4.0625, 8.5], "texture": "#0"},
				"up": {"uv": [3.1875, 6.5625, 3.3125, 6.9375], "texture": "#0"},
				"down": {"uv": [6.375, 8.1875, 6.5, 8.5625], "texture": "#0"}
			}
		},
		{
			"name": "hexadecagon",
			"from": [15, 11.75, 6.4087],
			"to": [16, 14, 9.5913],
			"rotation": {"angle": -22.5, "axis": "y", "origin": [8, 14.5, 8]},
			"faces": {
				"north": {"uv": [9.125, 0.25, 9.25, 0.5625], "texture": "#0"},
				"east": {"uv": [3.6875, 8.1875, 4.0625, 8.5], "texture": "#0"},
				"south": {"uv": [9.125, 1.5625, 9.25, 1.875], "texture": "#0"},
				"west": {"uv": [8.1875, 0, 8.5625, 0.3125], "texture": "#0"},
				"up": {"uv": [6.3125, 8.5625, 6.4375, 8.9375], "texture": "#0"},
				"down": {"uv": [6.4375, 8.5625, 6.5625, 8.9375], "texture": "#0"}
			}
		},
		{
			"name": "hexadecagon",
			"from": [15, 11.75, 6.4087],
			"to": [16, 14, 9.5913],
			"rotation": {"angle": 0, "axis": "y", "origin": [8, 14.5, 8]},
			"faces": {
				"north": {"uv": [9.125, 3.375, 9.25, 3.6875], "texture": "#0"},
				"east": {"uv": [3.6875, 8.1875, 4.0625, 8.5], "texture": "#0"},
				"south": {"uv": [9.125, 3.6875, 9.25, 4], "texture": "#0"},
				"west": {"uv": [2.5, 8.25, 2.875, 8.5625], "texture": "#0"},
				"up": {"uv": [8.875, 4.9375, 9, 5.3125], "texture": "#0"},
				"down": {"uv": [8.875, 5.3125, 9, 5.6875], "texture": "#0"}
			}
		},
		{
			"name": "hexadecagon",
			"from": [15, 11.75, 6.48683],
			"to": [16, 14, 9.5913],
			"rotation": {"angle": 22.5, "axis": "y", "origin": [8, 14.5, 8]},
			"faces": {
				"north": {"uv": [3.6875, 8.1875, 4.0625, 8.5], "texture": "#0"},
				"east": {"uv": [3.6875, 8.1875, 4.0625, 8.5], "texture": "#0"},
				"south": {"uv": [1.375, 9.1875, 1.5, 9.5], "texture": "#0"},
				"west": {"uv": [4.4375, 8.25, 4.8125, 8.5625], "texture": "#0"},
				"up": {"uv": [8.875, 6.9375, 9, 7.3125], "texture": "#0"},
				"down": {"uv": [8.875, 7.4375, 9, 7.8125], "texture": "#0"}
			}
		},
		{
			"name": "hexadecagon",
			"from": [6.60761, 1.25, 1],
			"to": [9.39239, 14, 2],
			"rotation": {"angle": -45, "axis": "y", "origin": [8, 14.5, 8]},
			"faces": {
				"north": {"uv": [1.5, 4.1875, 1.875, 5.8125], "texture": "#0"},
				"east": {"uv": [6.5625, 7.375, 6.6875, 9], "texture": "#0"},
				"south": {"uv": [1.875, 4.1875, 2.25, 5.8125], "texture": "#0"},
				"west": {"uv": [6.6875, 7.375, 6.8125, 9], "texture": "#0"},
				"up": {"uv": [8.875, 5.6875, 9.25, 5.8125], "texture": "#0"},
				"down": {"uv": [8.875, 5.8125, 9.25, 5.9375], "texture": "#0"}
			}
		},
		{
			"name": "hexadecagon",
			"from": [6.60761, 1.25, 1],
			"to": [9.39239, 14, 2],
			"rotation": {"angle": -22.5, "axis": "y", "origin": [8, 14.5, 8]},
			"faces": {
				"north": {"uv": [2.25, 4.1875, 2.625, 5.8125], "texture": "#0"},
				"east": {"uv": [6.8125, 7.375, 6.9375, 9], "texture": "#0"},
				"south": {"uv": [4.3125, 1.5, 4.6875, 3.125], "texture": "#0"},
				"west": {"uv": [6.9375, 7.375, 7.0625, 9], "texture": "#0"},
				"up": {"uv": [8.875, 7.8125, 9.25, 7.9375], "texture": "#0"},
				"down": {"uv": [8.875, 7.9375, 9.25, 8.0625], "texture": "#0"}
			}
		},
		{
			"name": "hexadecagon",
			"from": [6.60761, 1.25, 1],
			"to": [9.39239, 14, 2],
			"rotation": {"angle": 0, "axis": "y", "origin": [8, 14.5, 8]},
			"faces": {
				"north": {"uv": [0.375, 4.5625, 0.75, 6.1875], "texture": "#0"},
				"east": {"uv": [3.1875, 7.5, 3.3125, 9.125], "texture": "#0"},
				"south": {"uv": [0.75, 4.5625, 1.125, 6.1875], "texture": "#0"},
				"west": {"uv": [3.3125, 7.5, 3.4375, 9.125], "texture": "#0"},
				"up": {"uv": [8.875, 8.0625, 9.25, 8.1875], "texture": "#0"},
				"down": {"uv": [8.875, 8.1875, 9.25, 8.3125], "texture": "#0"}
			}
		},
		{
			"name": "hexadecagon",
			"from": [6.60761, 1.25, 1],
			"to": [9.39239, 14, 2],
			"rotation": {"angle": 22.5, "axis": "y", "origin": [8, 14.5, 8]},
			"faces": {
				"north": {"uv": [1.125, 4.5625, 1.5, 6.1875], "texture": "#0"},
				"east": {"uv": [3.4375, 7.5, 3.5625, 9.125], "texture": "#0"},
				"south": {"uv": [4.3125, 4.6875, 4.6875, 6.3125], "texture": "#0"},
				"west": {"uv": [3.5625, 7.5, 3.6875, 9.125], "texture": "#0"},
				"up": {"uv": [8.875, 8.5625, 9.25, 8.6875], "texture": "#0"},
				"down": {"uv": [8.875, 8.6875, 9.25, 8.8125], "texture": "#0"}
			}
		},
		{
			"name": "hexadecagon",
			"from": [6.60761, 1.25, 1],
			"to": [9.39239, 14, 2],
			"rotation": {"angle": 45, "axis": "y", "origin": [8, 14.5, 8]},
			"faces": {
				"north": {"uv": [1.5, 4.1875, 1.875, 5.8125], "texture": "#0"},
				"east": {"uv": [7.5, 3.1875, 7.625, 4.8125], "texture": "#0"},
				"south": {"uv": [4.6875, 1.5, 5.0625, 3.125], "texture": "#0"},
				"west": {"uv": [7.5625, 7.5625, 7.6875, 9.1875], "texture": "#0"},
				"up": {"uv": [1.375, 8.9375, 1.75, 9.0625], "texture": "#0"},
				"down": {"uv": [1.75, 8.9375, 2.125, 9.0625], "texture": "#0"}
			}
		},
		{
			"name": "hexadecagon",
			"from": [6.60761, 1.25, 14],
			"to": [9.39239, 14, 15],
			"rotation": {"angle": -45, "axis": "y", "origin": [8, 14.5, 8]},
			"faces": {
				"north": {"uv": [3, 4.9375, 3.375, 6.5625], "texture": "#0"},
				"east": {"uv": [0, 7.625, 0.125, 9.25], "texture": "#0"},
				"south": {"uv": [1.5, 5.8125, 1.875, 7.4375], "texture": "#0"},
				"west": {"uv": [0.125, 7.625, 0.25, 9.25], "texture": "#0"},
				"up": {"uv": [2.125, 8.9375, 2.5, 9.0625], "texture": "#0"},
				"down": {"uv": [3.6875, 8.9375, 4.0625, 9.0625], "texture": "#0"}
			}
		},
		{
			"name": "hexadecagon",
			"from": [6.60761, 1.25, 14],
			"to": [9.39239, 14, 15],
			"rotation": {"angle": -22.5, "axis": "y", "origin": [8, 14.5, 8]},
			"faces": {
				"north": {"uv": [5.0625, 1.5, 5.4375, 3.125], "texture": "#0"},
				"east": {"uv": [0.25, 7.625, 0.375, 9.25], "texture": "#0"},
				"south": {"uv": [1.5, 5.8125, 1.875, 7.4375], "texture": "#0"},
				"west": {"uv": [5.0625, 7.625, 5.1875, 9.25], "texture": "#0"},
				"up": {"uv": [4.0625, 8.9375, 4.4375, 9.0625], "texture": "#0"},
				"down": {"uv": [4.4375, 8.9375, 4.8125, 9.0625], "texture": "#0"}
			}
		},
		{
			"name": "hexadecagon",
			"from": [6.60761, 1.25, 14],
			"to": [9.39239, 14, 15],
			"rotation": {"angle": 0, "axis": "y", "origin": [8, 14.5, 8]},
			"faces": {
				"north": {"uv": [3.375, 5.3125, 3.75, 6.9375], "texture": "#0"},
				"east": {"uv": [5.1875, 7.625, 5.3125, 9.25], "texture": "#0"},
				"south": {"uv": [5.4375, 5.4375, 5.8125, 7.0625], "texture": "#0"},
				"west": {"uv": [5.3125, 7.625, 5.4375, 9.25], "texture": "#0"},
				"up": {"uv": [5.5625, 8.9375, 5.9375, 9.0625], "texture": "#0"},
				"down": {"uv": [7.8125, 8.9375, 8.1875, 9.0625], "texture": "#0"}
			}
		},
		{
			"name": "hexadecagon",
			"from": [6.60761, 1.25, 14],
			"to": [9.39239, 14, 15],
			"rotation": {"angle": 22.5, "axis": "y", "origin": [8, 14.5, 8]},
			"faces": {
				"north": {"uv": [5.4375, 1.5, 5.8125, 3.125], "texture": "#0"},
				"east": {"uv": [5.4375, 7.625, 5.5625, 9.25], "texture": "#0"},
				"south": {"uv": [3.75, 5.6875, 4.125, 7.3125], "texture": "#0"},
				"west": {"uv": [7.0625, 7.625, 7.1875, 9.25], "texture": "#0"},
				"up": {"uv": [8.1875, 8.9375, 8.5625, 9.0625], "texture": "#0"},
				"down": {"uv": [2.5, 9, 2.875, 9.125], "texture": "#0"}
			}
		},
		{
			"name": "hexadecagon",
			"from": [6.60761, 1.25, 14],
			"to": [9.39239, 14, 15],
			"rotation": {"angle": 45, "axis": "y", "origin": [8, 14.5, 8]},
			"faces": {
				"north": {"uv": [2.625, 5.75, 3, 7.375], "texture": "#0"},
				"east": {"uv": [7.1875, 7.625, 7.3125, 9.25], "texture": "#0"},
				"south": {"uv": [1.5, 5.8125, 1.875, 7.4375], "texture": "#0"},
				"west": {"uv": [7.3125, 7.625, 7.4375, 9.25], "texture": "#0"},
				"up": {"uv": [5.9375, 9, 6.3125, 9.125], "texture": "#0"},
				"down": {"uv": [6.3125, 9, 6.6875, 9.125], "texture": "#0"}
			}
		},
		{
			"name": "hexadecagon",
			"from": [1, 1.25, 6.60761],
			"to": [2, 14, 9.39239],
			"rotation": {"angle": -22.5, "axis": "y", "origin": [8, 14.5, 8]},
			"faces": {
				"north": {"uv": [7.4375, 7.625, 7.5625, 9.25], "texture": "#0"},
				"east": {"uv": [1.875, 5.8125, 2.25, 7.4375], "texture": "#0"},
				"south": {"uv": [7.625, 3.1875, 7.75, 4.8125], "texture": "#0"},
				"west": {"uv": [1.5, 4.1875, 1.875, 5.8125], "texture": "#0"},
				"up": {"uv": [2.875, 8.9375, 3, 9.3125], "texture": "#0"},
				"down": {"uv": [3, 8.9375, 3.125, 9.3125], "texture": "#0"}
			}
		},
		{
			"name": "hexadecagon",
			"from": [1, 1.25, 6.60761],
			"to": [2, 14, 9.39239],
			"rotation": {"angle": 0, "axis": "y", "origin": [8, 14.5, 8]},
			"faces": {
				"north": {"uv": [7.6875, 7.6875, 7.8125, 9.3125], "texture": "#0"},
				"east": {"uv": [5.8125, 5.8125, 6.1875, 7.4375], "texture": "#0"},
				"south": {"uv": [7.75, 3.1875, 7.875, 4.8125], "texture": "#0"},
				"west": {"uv": [1.5, 5.8125, 1.875, 7.4375], "texture": "#0"},
				"up": {"uv": [4.8125, 8.9375, 4.9375, 9.3125], "texture": "#0"},
				"down": {"uv": [4.9375, 8.9375, 5.0625, 9.3125], "texture": "#0"}
			}
		},
		{
			"name": "hexadecagon",
			"from": [1, 1.25, 6.60761],
			"to": [2, 14, 9.39239],
			"rotation": {"angle": 22.5, "axis": "y", "origin": [8, 14.5, 8]},
			"faces": {
				"north": {"uv": [0.375, 7.8125, 0.5, 9.4375], "texture": "#0"},
				"east": {"uv": [6.0625, 3.125, 6.4375, 4.75], "texture": "#0"},
				"south": {"uv": [0.5, 7.8125, 0.625, 9.4375], "texture": "#0"},
				"west": {"uv": [1.5, 4.1875, 1.875, 5.8125], "texture": "#0"},
				"up": {"uv": [4.8125, 8.9375, 4.9375, 9.3125], "texture": "#0"},
				"down": {"uv": [8.6875, 8.9375, 8.8125, 9.3125], "texture": "#0"}
			}
		},
		{
			"name": "hexadecagon",
			"from": [14, 1.25, 6.60761],
			"to": [15, 14, 9.39239],
			"rotation": {"angle": -22.5, "axis": "y", "origin": [8, 14.5, 8]},
			"faces": {
				"north": {"uv": [0.625, 7.8125, 0.75, 9.4375], "texture": "#0"},
				"east": {"uv": [0.75, 6.1875, 1.125, 7.8125], "texture": "#0"},
				"south": {"uv": [0.75, 7.8125, 0.875, 9.4375], "texture": "#0"},
				"west": {"uv": [1.125, 6.1875, 1.5, 7.8125], "texture": "#0"},
				"up": {"uv": [6.6875, 9, 6.8125, 9.375], "texture": "#0"},
				"down": {"uv": [6.8125, 9, 6.9375, 9.375], "texture": "#0"}
			}
		},
		{
			"name": "hexadecagon",
			"from": [14, 1.25, 6.60761],
			"to": [15, 14, 9.39239],
			"rotation": {"angle": 0, "axis": "y", "origin": [8, 14.5, 8]},
			"faces": {
				"north": {"uv": [0.875, 7.8125, 1, 9.4375], "texture": "#0"},
				"east": {"uv": [6.1875, 6.1875, 6.5625, 7.8125], "texture": "#0"},
				"south": {"uv": [1, 7.8125, 1.125, 9.4375], "texture": "#0"},
				"west": {"uv": [6.1875, 0, 6.5625, 1.625], "texture": "#0"},
				"up": {"uv": [6.9375, 9, 7.0625, 9.375], "texture": "#0"},
				"down": {"uv": [8.8125, 9, 8.9375, 9.375], "texture": "#0"}
			}
		},
		{
			"name": "hexadecagon",
			"from": [14, 1.25, 6.60761],
			"to": [15, 14, 9.39239],
			"rotation": {"angle": 22.5, "axis": "y", "origin": [8, 14.5, 8]},
			"faces": {
				"north": {"uv": [1.125, 7.8125, 1.25, 9.4375], "texture": "#0"},
				"east": {"uv": [4.125, 6.3125, 4.5, 7.9375], "texture": "#0"},
				"south": {"uv": [1.25, 7.8125, 1.375, 9.4375], "texture": "#0"},
				"west": {"uv": [4.5, 6.3125, 4.875, 7.9375], "texture": "#0"},
				"up": {"uv": [8.9375, 9, 9.0625, 9.375], "texture": "#0"},
				"down": {"uv": [9, 3.8125, 9.125, 4.1875], "texture": "#0"}
			}
		},
		{
			"name": "hexadecagon",
			"from": [6.60761, 0.25, 1],
			"to": [9.39239, 1.5, 15],
			"rotation": {"angle": -45, "axis": "y", "origin": [8, 0.75, 8]},
			"faces": {
				"north": {"uv": [8.625, 3.8125, 9, 4], "texture": "#0"},
				"east": {"uv": [6.5625, 0.6875, 8.3125, 0.875], "texture": "#0"},
				"south": {"uv": [8.625, 4, 9, 4.1875], "texture": "#0"},
				"west": {"uv": [6.5625, 0.875, 8.3125, 1.0625], "texture": "#0"},
				"up": {"uv": [3, 0, 3.375, 1.75], "texture": "#0"},
				"down": {"uv": [3.1875, 3.1875, 3.5625, 4.9375], "texture": "#0"}
			}
		},
		{
			"name": "hexadecagon",
			"from": [6.60761, 0.25, 1],
			"to": [9.39239, 1.5, 15],
			"rotation": {"angle": -22.5, "axis": "y", "origin": [8, 0.75, 8]},
			"faces": {
				"north": {"uv": [8.625, 4.1875, 9, 4.375], "texture": "#0"},
				"east": {"uv": [6.5625, 1.0625, 8.3125, 1.25], "texture": "#0"},
				"south": {"uv": [8.625, 4.375, 9, 4.5625], "texture": "#0"},
				"west": {"uv": [6.5625, 1.25, 8.3125, 1.4375], "texture": "#0"},
				"up": {"uv": [3.375, 0, 3.75, 1.75], "texture": "#0"},
				"down": {"uv": [0, 3.5625, 0.375, 5.3125], "texture": "#0"}
			}
		},
		{
			"name": "hexadecagon",
			"from": [6.60761, 0.25, 1],
			"to": [9.39239, 1.5, 15],
			"rotation": {"angle": 0, "axis": "y", "origin": [8, 0.75, 8]},
			"faces": {
				"north": {"uv": [5.9375, 8.6875, 6.3125, 8.875], "texture": "#0"},
				"east": {"uv": [6.5625, 1.4375, 8.3125, 1.625], "texture": "#0"},
				"south": {"uv": [8.6875, 0.625, 9.0625, 0.8125], "texture": "#0"},
				"west": {"uv": [6.5625, 6.125, 8.3125, 6.3125], "texture": "#0"},
				"up": {"uv": [3.5625, 3.5625, 3.9375, 5.3125], "texture": "#0"},
				"down": {"uv": [3.5625, 1.75, 3.9375, 3.5], "texture": "#0"}
			}
		},
		{
			"name": "hexadecagon",
			"from": [6.60761, 0.25, 1],
			"to": [9.39239, 1.5, 15],
			"rotation": {"angle": 22.5, "axis": "y", "origin": [8, 0.75, 8]},
			"faces": {
				"north": {"uv": [8.6875, 0.8125, 9.0625, 1], "texture": "#0"},
				"east": {"uv": [6.5625, 6.3125, 8.3125, 6.5], "texture": "#0"},
				"south": {"uv": [8.6875, 1, 9.0625, 1.1875], "texture": "#0"},
				"west": {"uv": [6.625, 1.625, 8.375, 1.8125], "texture": "#0"},
				"up": {"uv": [3.75, 0, 4.125, 1.75], "texture": "#0"},
				"down": {"uv": [3.9375, 3.9375, 4.3125, 5.6875], "texture": "#0"}
			}
		},
		{
			"name": "hexadecagon",
			"from": [6.60761, 0.25, 1],
			"to": [9.39239, 1.5, 15],
			"rotation": {"angle": 45, "axis": "y", "origin": [8, 0.75, 8]},
			"faces": {
				"north": {"uv": [8.6875, 1.1875, 9.0625, 1.375], "texture": "#0"},
				"east": {"uv": [6.625, 1.8125, 8.375, 2], "texture": "#0"},
				"south": {"uv": [8.6875, 1.375, 9.0625, 1.5625], "texture": "#0"},
				"west": {"uv": [6.625, 2, 8.375, 2.1875], "texture": "#0"},
				"up": {"uv": [3.9375, 1.75, 4.3125, 3.5], "texture": "#0"},
				"down": {"uv": [2.625, 4, 3, 5.75], "texture": "#0"}
			}
		},
		{
			"name": "hexadecagon",
			"from": [1, 0.25, 6.60761],
			"to": [15, 1.5, 9.39239],
			"rotation": {"angle": -22.5, "axis": "y", "origin": [8, 0.75, 8]},
			"faces": {
				"north": {"uv": [6.625, 2.1875, 8.375, 2.375], "texture": "#0"},
				"east": {"uv": [8.6875, 5.9375, 9.0625, 6.125], "texture": "#0"},
				"south": {"uv": [6.625, 2.375, 8.375, 2.5625], "texture": "#0"},
				"west": {"uv": [8.6875, 6.125, 9.0625, 6.3125], "texture": "#0"},
				"up": {"uv": [3.9375, 3.5, 5.6875, 3.875], "texture": "#0"},
				"down": {"uv": [4.125, 0, 5.875, 0.375], "texture": "#0"}
			}
		},
		{
			"name": "hexadecagon",
			"from": [1, 0.25, 6.60761],
			"to": [15, 1.5, 9.39239],
			"rotation": {"angle": 0, "axis": "y", "origin": [8, 0.75, 8]},
			"faces": {
				"north": {"uv": [6.75, 5.25, 8.5, 5.4375], "texture": "#0"},
				"east": {"uv": [7.8125, 8.75, 8.1875, 8.9375], "texture": "#0"},
				"south": {"uv": [6.75, 5.4375, 8.5, 5.625], "texture": "#0"},
				"west": {"uv": [8.1875, 8.75, 8.5625, 8.9375], "texture": "#0"},
				"up": {"uv": [4.125, 0.375, 5.875, 0.75], "texture": "#0"},
				"down": {"uv": [4.125, 0.75, 5.875, 1.125], "texture": "#0"}
			}
		},
		{
			"name": "hexadecagon",
			"from": [1, 0.25, 6.60761],
			"to": [15, 1.5, 9.39239],
			"rotation": {"angle": 22.5, "axis": "y", "origin": [8, 0.75, 8]},
			"faces": {
				"north": {"uv": [6.75, 5.625, 8.5, 5.8125], "texture": "#0"},
				"east": {"uv": [8.75, 0.25, 9.125, 0.4375], "texture": "#0"},
				"south": {"uv": [6.75, 5.8125, 8.5, 6], "texture": "#0"},
				"west": {"uv": [8.75, 0.4375, 9.125, 0.625], "texture": "#0"},
				"up": {"uv": [4.125, 1.125, 5.875, 1.5], "texture": "#0"},
				"down": {"uv": [4.3125, 4.3125, 6.0625, 4.6875], "texture": "#0"}
			}
		},
		{
			"name": "hexadecagon",
			"from": [6.4087, 0, 0],
			"to": [9.5913, 2.25, 1],
			"rotation": {"angle": -45, "axis": "y", "origin": [8, 2.75, 8]},
			"faces": {
				"north": {"uv": [8.5, 7.4375, 8.875, 7.75], "texture": "#0"},
				"east": {"uv": [1.5, 9.1875, 1.625, 9.5], "texture": "#0"},
				"south": {"uv": [8.5, 7.4375, 8.875, 7.75], "texture": "#0"},
				"west": {"uv": [8.5, 7.4375, 8.875, 7.75], "texture": "#0"},
				"up": {"uv": [9, 0, 9.375, 0.125], "texture": "#0"},
				"down": {"uv": [9, 0.125, 9.375, 0.25], "texture": "#0"}
			}
		},
		{
			"name": "hexadecagon",
			"from": [6.4087, 0, 0],
			"to": [9.5913, 2.25, 1],
			"rotation": {"angle": -22.5, "axis": "y", "origin": [8, 2.75, 8]},
			"faces": {
				"north": {"uv": [8.5, 7.4375, 8.875, 7.75], "texture": "#0"},
				"east": {"uv": [1.75, 9.1875, 1.875, 9.5], "texture": "#0"},
				"south": {"uv": [8.5, 7.4375, 8.875, 7.75], "texture": "#0"},
				"west": {"uv": [8.5, 7.4375, 8.875, 7.75], "texture": "#0"},
				"up": {"uv": [9, 4.1875, 9.375, 4.3125], "texture": "#0"},
				"down": {"uv": [9, 4.3125, 9.375, 4.4375], "texture": "#0"}
			}
		},
		{
			"name": "hexadecagon",
			"from": [6.4087, 0, 0],
			"to": [9.5913, 2.25, 1],
			"rotation": {"angle": 0, "axis": "y", "origin": [8, 2.75, 8]},
			"faces": {
				"north": {"uv": [8.5, 7.4375, 8.875, 7.75], "texture": "#0"},
				"east": {"uv": [2, 9.1875, 2.125, 9.5], "texture": "#0"},
				"south": {"uv": [8.5, 7.4375, 8.875, 7.75], "texture": "#0"},
				"west": {"uv": [8.5, 7.4375, 8.875, 7.75], "texture": "#0"},
				"up": {"uv": [9, 4.4375, 9.375, 4.5625], "texture": "#0"},
				"down": {"uv": [9, 4.9375, 9.375, 5.0625], "texture": "#0"}
			}
		},
		{
			"name": "hexadecagon",
			"from": [6.4087, 0, 0],
			"to": [9.5913, 2.25, 1],
			"rotation": {"angle": 22.5, "axis": "y", "origin": [8, 2.75, 8]},
			"faces": {
				"north": {"uv": [8.5, 7.4375, 8.875, 7.75], "texture": "#0"},
				"east": {"uv": [2.25, 9.1875, 2.375, 9.5], "texture": "#0"},
				"south": {"uv": [8.5, 7.4375, 8.875, 7.75], "texture": "#0"},
				"west": {"uv": [8.5, 7.4375, 8.875, 7.75], "texture": "#0"},
				"up": {"uv": [9, 5.0625, 9.375, 5.1875], "texture": "#0"},
				"down": {"uv": [9, 5.1875, 9.375, 5.3125], "texture": "#0"}
			}
		},
		{
			"name": "hexadecagon",
			"from": [6.4087, 0, 0],
			"to": [9.5913, 2.25, 1],
			"rotation": {"angle": 45, "axis": "y", "origin": [8, 2.75, 8]},
			"faces": {
				"north": {"uv": [8.5, 7.4375, 8.875, 7.75], "texture": "#0"},
				"east": {"uv": [7.5625, 9.1875, 7.6875, 9.5], "texture": "#0"},
				"south": {"uv": [8.5, 7.4375, 8.875, 7.75], "texture": "#0"},
				"west": {"uv": [8.5, 7.4375, 8.875, 7.75], "texture": "#0"},
				"up": {"uv": [9, 5.3125, 9.375, 5.4375], "texture": "#0"},
				"down": {"uv": [9, 5.4375, 9.375, 5.5625], "texture": "#0"}
			}
		},
		{
			"name": "hexadecagon",
			"from": [6.4087, 0, 15],
			"to": [9.5913, 2.25, 16],
			"rotation": {"angle": -45, "axis": "y", "origin": [8, 2.75, 8]},
			"faces": {
				"north": {"uv": [8.375, 0.3125, 8.75, 0.625], "texture": "#0"},
				"east": {"uv": [9.1875, 0.5625, 9.3125, 0.875], "texture": "#0"},
				"south": {"uv": [8.5, 7.4375, 8.875, 7.75], "texture": "#0"},
				"west": {"uv": [8.5, 7.4375, 8.875, 7.75], "texture": "#0"},
				"up": {"uv": [9, 5.5625, 9.375, 5.6875], "texture": "#0"},
				"down": {"uv": [9, 6.9375, 9.375, 7.0625], "texture": "#0"}
			}
		},
		{
			"name": "hexadecagon",
			"from": [6.4087, 0, 15],
			"to": [9.5913, 2.25, 16],
			"rotation": {"angle": -22.5, "axis": "y", "origin": [8, 2.75, 8]},
			"faces": {
				"north": {"uv": [8.375, 1.9375, 8.75, 2.25], "texture": "#0"},
				"east": {"uv": [9.1875, 1.1875, 9.3125, 1.5], "texture": "#0"},
				"south": {"uv": [8.5, 7.4375, 8.875, 7.75], "texture": "#0"},
				"west": {"uv": [9.1875, 1.875, 9.3125, 2.1875], "texture": "#0"},
				"up": {"uv": [9, 7.0625, 9.375, 7.1875], "texture": "#0"},
				"down": {"uv": [9, 7.1875, 9.375, 7.3125], "texture": "#0"}
			}
		},
		{
			"name": "hexadecagon",
			"from": [6.4087, 0, 15],
			"to": [9.5913, 2.25, 16],
			"rotation": {"angle": 0, "axis": "y", "origin": [8, 2.75, 8]},
			"faces": {
				"north": {"uv": [8.375, 2.5625, 8.75, 2.875], "texture": "#0"},
				"east": {"uv": [9.1875, 2.1875, 9.3125, 2.5], "texture": "#0"},
				"south": {"uv": [8.5, 7.4375, 8.875, 7.75], "texture": "#0"},
				"west": {"uv": [9.1875, 2.5, 9.3125, 2.8125], "texture": "#0"},
				"up": {"uv": [9, 7.4375, 9.375, 7.5625], "texture": "#0"},
				"down": {"uv": [9, 7.5625, 9.375, 7.6875], "texture": "#0"}
			}
		},
		{
			"name": "hexadecagon",
			"from": [6.4087, 0, 15],
			"to": [9.5913, 2.25, 16],
			"rotation": {"angle": 22.5, "axis": "y", "origin": [8, 2.75, 8]},
			"faces": {
				"north": {"uv": [8.375, 6.3125, 8.75, 6.625], "texture": "#0"},
				"east": {"uv": [9.1875, 2.8125, 9.3125, 3.125], "texture": "#0"},
				"south": {"uv": [8.5, 7.4375, 8.875, 7.75], "texture": "#0"},
				"west": {"uv": [9.1875, 4.5625, 9.3125, 4.875], "texture": "#0"},
				"up": {"uv": [9, 7.6875, 9.375, 7.8125], "texture": "#0"},
				"down": {"uv": [1.375, 9.0625, 1.75, 9.1875], "texture": "#0"}
			}
		},
		{
			"name": "hexadecagon",
			"from": [6.4087, 0, 15],
			"to": [9.5913, 2.25, 16],
			"rotation": {"angle": 45, "axis": "y", "origin": [8, 2.75, 8]},
			"faces": {
				"north": {"uv": [8.1875, 8.4375, 8.5625, 8.75], "texture": "#0"},
				"east": {"uv": [9.1875, 5.9375, 9.3125, 6.25], "texture": "#0"},
				"south": {"uv": [8.4375, 6.625, 8.8125, 6.9375], "texture": "#0"},
				"west": {"uv": [9.1875, 6.5625, 9.3125, 6.875], "texture": "#0"},
				"up": {"uv": [1.75, 9.0625, 2.125, 9.1875], "texture": "#0"},
				"down": {"uv": [2.125, 9.0625, 2.5, 9.1875], "texture": "#0"}
			}
		},
		{
			"name": "hexadecagon",
			"from": [0, 0, 6.4087],
			"to": [1, 2.25, 9.5913],
			"rotation": {"angle": -22.5, "axis": "y", "origin": [8, 2.75, 8]},
			"faces": {
				"north": {"uv": [0, 9.25, 0.125, 9.5625], "texture": "#0"},
				"east": {"uv": [1.375, 8.5, 1.75, 8.8125], "texture": "#0"},
				"south": {"uv": [8.5, 7.4375, 8.875, 7.75], "texture": "#0"},
				"west": {"uv": [8.5, 7.4375, 8.875, 7.75], "texture": "#0"},
				"up": {"uv": [3.6875, 9.0625, 3.8125, 9.4375], "texture": "#0"},
				"down": {"uv": [3.8125, 9.0625, 3.9375, 9.4375], "texture": "#0"}
			}
		},
		{
			"name": "hexadecagon",
			"from": [0, 0, 6.4087],
			"to": [1, 2.25, 9.5913],
			"rotation": {"angle": 0, "axis": "y", "origin": [8, 2.75, 8]},
			"faces": {
				"north": {"uv": [0.25, 9.25, 0.375, 9.5625], "texture": "#0"},
				"east": {"uv": [2.125, 8.5, 2.5, 8.8125], "texture": "#0"},
				"south": {"uv": [8.5, 7.4375, 8.875, 7.75], "texture": "#0"},
				"west": {"uv": [8.5, 7.4375, 8.875, 7.75], "texture": "#0"},
				"up": {"uv": [3.9375, 9.0625, 4.0625, 9.4375], "texture": "#0"},
				"down": {"uv": [4.0625, 9.0625, 4.1875, 9.4375], "texture": "#0"}
			}
		},
		{
			"name": "hexadecagon",
			"from": [0, 0, 6.4087],
			"to": [1, 2.25, 9.5913],
			"rotation": {"angle": 22.5, "axis": "y", "origin": [8, 2.75, 8]},
			"faces": {
				"north": {"uv": [5.1875, 9.25, 5.3125, 9.5625], "texture": "#0"},
				"east": {"uv": [5.5625, 8.5, 5.9375, 8.8125], "texture": "#0"},
				"south": {"uv": [8.5, 7.4375, 8.875, 7.75], "texture": "#0"},
				"west": {"uv": [8.5, 7.4375, 8.875, 7.75], "texture": "#0"},
				"up": {"uv": [4.1875, 9.0625, 4.3125, 9.4375], "texture": "#0"},
				"down": {"uv": [4.3125, 9.0625, 4.4375, 9.4375], "texture": "#0"}
			}
		},
		{
			"name": "hexadecagon",
			"from": [15, 0, 6.4087],
			"to": [16, 2.25, 9.5913],
			"rotation": {"angle": -22.5, "axis": "y", "origin": [8, 2.75, 8]},
			"faces": {
				"north": {"uv": [5.4375, 9.25, 5.5625, 9.5625], "texture": "#0"},
				"east": {"uv": [8.5, 5.3125, 8.875, 5.625], "texture": "#0"},
				"south": {"uv": [7.0625, 9.25, 7.1875, 9.5625], "texture": "#0"},
				"west": {"uv": [8.5, 5.625, 8.875, 5.9375], "texture": "#0"},
				"up": {"uv": [4.4375, 9.0625, 4.5625, 9.4375], "texture": "#0"},
				"down": {"uv": [4.5625, 9.0625, 4.6875, 9.4375], "texture": "#0"}
			}
		},
		{
			"name": "hexadecagon",
			"from": [15, 0, 6.4087],
			"to": [16, 2.25, 9.5913],
			"rotation": {"angle": 0, "axis": "y", "origin": [8, 2.75, 8]},
			"faces": {
				"north": {"uv": [7.1875, 9.25, 7.3125, 9.5625], "texture": "#0"},
				"east": {"uv": [8.5, 7.4375, 8.875, 7.75], "texture": "#0"},
				"south": {"uv": [7.3125, 9.25, 7.4375, 9.5625], "texture": "#0"},
				"west": {"uv": [8.5, 7.75, 8.875, 8.0625], "texture": "#0"},
				"up": {"uv": [4.6875, 9.0625, 4.8125, 9.4375], "texture": "#0"},
				"down": {"uv": [5.5625, 9.0625, 5.6875, 9.4375], "texture": "#0"}
			}
		},
		{
			"name": "hexadecagon",
			"from": [15, 0, 6.4087],
			"to": [16, 2.25, 9.5913],
			"rotation": {"angle": 22.5, "axis": "y", "origin": [8, 2.75, 8]},
			"faces": {
				"north": {"uv": [8.5, 7.4375, 8.875, 7.75], "texture": "#0"},
				"east": {"uv": [8.5, 7.4375, 8.875, 7.75], "texture": "#0"},
				"south": {"uv": [8.5, 7.4375, 8.875, 7.75], "texture": "#0"},
				"west": {"uv": [8.5, 7.4375, 8.875, 7.75], "texture": "#0"},
				"up": {"uv": [5.6875, 9.0625, 5.8125, 9.4375], "texture": "#0"},
				"down": {"uv": [5.8125, 9.0625, 5.9375, 9.4375], "texture": "#0"}
			}
		},
		{
			"name": "hexadecagon",
			"from": [9.88041, 16.25, 7.27589],
			"to": [13.88041, 22.75, 11.7163],
			"rotation": {"angle": -22.5, "axis": "z", "origin": [11.35384, 20.3778, 8.75887]},
			"faces": {
				"north": {"uv": [7.0625, 6.5625, 6.5625, 7.375], "texture": "#0"},
				"east": {"uv": [2.625, 1.75, 3.1875, 2.5625], "texture": "#0"},
				"south": {"uv": [6.5625, 6.5625, 7.0625, 7.375], "texture": "#0"},
				"west": {"uv": [6.1875, 5.3125, 6.75, 6.125], "texture": "#0"},
				"up": {"uv": [3.1875, 6.9375, 3.6875, 7.5], "texture": "#0"},
				"down": {"uv": [6.9375, 3.6875, 7.4375, 4.25], "texture": "#0"}
			}
		},
		{
			"name": "hexadecagon",
			"from": [2.21968, 15.9843, 4.70653],
			"to": [4.65228, 20.4843, 7.45653],
			"rotation": {"angle": -22.5, "axis": "x", "origin": [4.45155, 18.43352, 8.01557]},
			"faces": {
				"north": {"uv": [5.875, 0.875, 6.1875, 1.4375], "texture": "#0"},
				"east": {"uv": [3.6875, 7.3125, 4.0625, 7.875], "texture": "#0"},
				"south": {"uv": [6.0625, 7.8125, 6.375, 8.375], "texture": "#0"},
				"west": {"uv": [2.625, 7.375, 3, 7.9375], "texture": "#0"},
				"up": {"uv": [2.875, 8.375, 3.1875, 8.75], "texture": "#0"},
				"down": {"uv": [4.0625, 8.5625, 4.375, 8.9375], "texture": "#0"}
			}
		},
		{
			"name": "hexadecagon",
			"from": [8.97604, 20.10122, 7.20167],
			"to": [13.47604, 23.35122, 11.72411],
			"rotation": {"angle": 22.5, "axis": "z", "origin": [11.35384, 20.3778, 8.75887]},
			"faces": {
				"north": {"uv": [2.0625, 7.4375, 1.5, 7.875], "texture": "#0"},
				"east": {"uv": [7.125, 0, 7.6875, 0.4375], "texture": "#0"},
				"south": {"uv": [1.5, 7.4375, 2.0625, 7.875], "texture": "#0"},
				"west": {"uv": [2.0625, 7.4375, 2.625, 7.875], "texture": "#0"},
				"up": {"uv": [6.875, 2.5625, 7.4375, 3.125], "texture": "#0"},
				"down": {"uv": [6.875, 3.125, 7.4375, 3.6875], "texture": "#0"}
			}
		},
		{
			"name": "hexadecagon",
			"from": [5.1655, 16.44832, 7.25967],
			"to": [9.1655, 19.44832, 11.7157],
			"rotation": {"angle": -22.5, "axis": "z", "origin": [7.15762, 17.93396, 9.5197]},
			"faces": {
				"north": {"uv": [8.1875, 0, 7.6875, 0.375], "texture": "#0"},
				"east": {"uv": [2.4375, 1.375, 3, 1.75], "texture": "#0"},
				"south": {"uv": [7.6875, 0, 8.1875, 0.375], "texture": "#0"},
				"west": {"uv": [5, 3.125, 5.5625, 3.5], "texture": "#0"},
				"up": {"uv": [7, 4.25, 7.5, 4.8125], "texture": "#0"},
				"down": {"uv": [5.0625, 7.0625, 5.5625, 7.625], "texture": "#0"}
			}
		},
		{
			"name": "hexadecagon",
			"from": [2.2203, 17.09815, 8.38838],
			"to": [4.65289, 19.84815, 9.88838],
			"rotation": {"angle": -22.5, "axis": "x", "origin": [3.42575, 15.99467, 9.64908]},
			"faces": {
				"north": {"uv": [4.375, 8.5625, 4.6875, 8.9375], "texture": "#0"},
				"east": {"uv": [3.375, 4.9375, 3.5625, 5.3125], "texture": "#0"},
				"south": {"uv": [4.6875, 8.5625, 5, 8.9375], "texture": "#0"},
				"west": {"uv": [3.75, 5.3125, 3.9375, 5.6875], "texture": "#0"},
				"up": {"uv": [7.8125, 8.25, 8.125, 8.4375], "texture": "#0"},
				"down": {"uv": [2.875, 8.75, 3.1875, 8.9375], "texture": "#0"}
			}
		},
		{
			"name": "hexadecagon",
			"from": [7.62251, 16.50131, 7.23728],
			"to": [11.62251, 19.50131, 11.71675],
			"rotation": {"angle": -45, "axis": "z", "origin": [11.09593, 20.3791, 8.75932]},
			"faces": {
				"north": {"uv": [6.0625, 7.8125, 5.5625, 8.1875], "texture": "#0"},
				"east": {"uv": [5.5625, 7.4375, 6.125, 7.8125], "texture": "#0"},
				"south": {"uv": [5.5625, 7.8125, 6.0625, 8.1875], "texture": "#0"},
				"west": {"uv": [7.4375, 2.8125, 8, 3.1875], "texture": "#0"},
				"up": {"uv": [7.0625, 7.0625, 7.5625, 7.625], "texture": "#0"},
				"down": {"uv": [7.0625, 6.5, 7.5625, 7.0625], "texture": "#0"}
			}
		},
		{
			"name": "hexadecagon",
			"from": [2.22013, 18.44961, 5.15239],
			"to": [4.65273, 19.69961, 7.90239],
			"rotation": {"angle": 22.5, "axis": "x", "origin": [4.45155, 18.43352, 8.01557]},
			"faces": {
				"north": {"uv": [8.75, 1.9375, 9.0625, 2.125], "texture": "#0"},
				"east": {"uv": [8.75, 1.5625, 9.125, 1.75], "texture": "#0"},
				"south": {"uv": [8.75, 2.125, 9.0625, 2.3125], "texture": "#0"},
				"west": {"uv": [8.75, 1.75, 9.125, 1.9375], "texture": "#0"},
				"up": {"uv": [8.5625, 8.5625, 8.875, 8.9375], "texture": "#0"},
				"down": {"uv": [8.5625, 6.9375, 8.875, 7.3125], "texture": "#0"}
			}
		},
		{
			"name": "hexadecagon",
			"from": [7, 20.50131, 6.78415],
			"to": [10, 23.50131, 12.21675],
			"rotation": {"angle": 45, "axis": "z", "origin": [10.97342, 20.3791, 8.75932]},
			"faces": {
				"north": {"uv": [3.5625, 2.8125, 3.1875, 3.1875], "texture": "#0"},
				"east": {"uv": [4.3125, 3.125, 5, 3.5], "texture": "#0"},
				"south": {"uv": [3.1875, 2.8125, 3.5625, 3.1875], "texture": "#0"},
				"west": {"uv": [4.9375, 3.875, 5.625, 4.25], "texture": "#0"},
				"up": {"uv": [0.625, 1.375, 1, 2.0625], "texture": "#0"},
				"down": {"uv": [0, 6.9375, 0.375, 7.625], "texture": "#0"}
			}
		},
		{
			"name": "hexadecagon",
			"from": [1.72013, 17.28211, 6.46391],
			"to": [5.15273, 19.28211, 8.46391],
			"rotation": {"angle": -22.5, "axis": "x", "origin": [4.45155, 18.43352, 8.01557]},
			"faces": {
				"north": {"uv": [8.375, 2.875, 8.8125, 3.125], "texture": "#0"},
				"east": {"uv": [3.5625, 2.8125, 3.1875, 3.1875], "texture": "#0"},
				"south": {"uv": [1, 1.375, 0.625, 2.0625], "rotation": 90, "texture": "#0"},
				"west": {"uv": [3.1875, 2.8125, 3.5625, 3.1875], "texture": "#0"},
				"up": {"uv": [4.3125, 3.5, 5, 3.125], "texture": "#0"},
				"down": {"uv": [8.625, 3.375, 9.0625, 3.625], "texture": "#0"}
			}
		},
		{
			"name": "hexadecagon",
			"from": [1.47013, 17.53211, 6.71391],
			"to": [5.40273, 19.03211, 8.21391],
			"rotation": {"angle": -22.5, "axis": "x", "origin": [4.45155, 18.43352, 8.01557]},
			"faces": {
				"north": {"uv": [2, 1.8125, 2.5, 2], "texture": "#0"},
				"east": {"uv": [5.8125, 7.0625, 5.5625, 7.3125], "texture": "#0"},
				"south": {"uv": [8, 5.0625, 8.5, 5.25], "texture": "#0"},
				"west": {"uv": [5.5625, 7.0625, 5.8125, 7.3125], "texture": "#0"},
				"up": {"uv": [8.5625, 8.375, 9.0625, 8.5625], "texture": "#0"},
				"down": {"uv": [8.625, 3.625, 9.125, 3.8125], "texture": "#0"}
			}
		},
		{
			"name": "hexadecagon",
			"from": [7.5, 21.00131, 6.03415],
			"to": [9.5, 23.00131, 12.96675],
			"rotation": {"angle": 45, "axis": "z", "origin": [10.97342, 20.3791, 8.75932]},
			"faces": {
				"north": {"uv": [5.8125, 7.0625, 5.5625, 7.3125], "texture": "#0"},
				"east": {"uv": [7.125, 0.4375, 8, 0.6875], "texture": "#0"},
				"south": {"uv": [5.5625, 7.0625, 5.8125, 7.3125], "texture": "#0"},
				"west": {"uv": [7.4375, 2.5625, 8.3125, 2.8125], "texture": "#0"},
				"up": {"uv": [0.375, 3.5625, 0.625, 4.4375], "texture": "#0"},
				"down": {"uv": [5.875, 0, 6.125, 0.875], "texture": "#0"}
			}
		},
		{
			"name": "hexadecagon",
			"from": [8.88823, 22.67187, 6.7837],
			"to": [13.38823, 23.67187, 12.2163],
			"rotation": {"angle": -45, "axis": "z", "origin": [11.35384, 20.3778, 8.75887]},
			"faces": {
				"north": {"uv": [8.5625, 7.3125, 9.125, 7.4375], "texture": "#0"},
				"east": {"uv": [6.75, 6, 7.4375, 6.125], "texture": "#0"},
				"south": {"uv": [8.625, 4.5625, 9.1875, 4.6875], "texture": "#0"},
				"west": {"uv": [7.4375, 6, 8.125, 6.125], "texture": "#0"},
				"up": {"uv": [6.4375, 4.5625, 7, 5.25], "texture": "#0"},
				"down": {"uv": [6.5625, 0, 7.125, 0.6875], "texture": "#0"}
			}
		},
		{
			"name": "hexadecagon",
			"from": [1.71968, 21.02075, 5.43765],
			"to": [5.15228, 22.02075, 8.68765],
			"rotation": {"angle": -45, "axis": "x", "origin": [4.45155, 18.43352, 8.01557]},
			"faces": {
				"north": {"uv": [6.75, 6, 7.4375, 6.125], "texture": "#0"},
				"east": {"uv": [8.625, 4.5625, 9.1875, 4.6875], "texture": "#0"},
				"south": {"uv": [7.4375, 6, 8.125, 6.125], "texture": "#0"},
				"west": {"uv": [8.5625, 7.3125, 9.125, 7.4375], "texture": "#0"},
				"up": {"uv": [6.4375, 4.5625, 7, 5.25], "rotation": 270, "texture": "#0"},
				"down": {"uv": [6.5625, 0, 7.125, 0.6875], "texture": "#0"}
			}
		},
		{
			"name": "hexadecagon",
			"from": [4.74985, 6.57361, 7.28202],
			"to": [12.74985, 17.32361, 11.71461],
			"rotation": {"angle": 0, "axis": "y", "origin": [10.24985, 2.82361, 8.87332]},
			"faces": {
				"north": {"uv": [2, 1, 1, 2.375], "texture": "#0"},
				"east": {"uv": [2.4375, 0, 3, 1.375], "texture": "#0"},
				"south": {"uv": [1, 1, 2, 2.375], "texture": "#0"},
				"west": {"uv": [2.625, 2.625, 3.1875, 4], "texture": "#0"},
				"up": {"uv": [1, 0, 2, 0.5625], "texture": "#0"},
				"down": {"uv": [5.4375, 4.75, 6.4375, 5.3125], "texture": "#0"}
			}
		},
		{
			"name": "hexadecagon",
			"from": [2.22159, 8.35372, 5.94859],
			"to": [4.65419, 17.10372, 9.44859],
			"rotation": {"angle": 0, "axis": "x", "origin": [4.45515, 20.21363, 8.99688]},
			"faces": {
				"north": {"uv": [3.1875, 1.75, 3.5, 2.8125], "texture": "#0"},
				"east": {"uv": [6.1875, 1.625, 6.625, 2.6875], "texture": "#0"},
				"south": {"uv": [5.6875, 3.125, 6, 4.1875], "texture": "#0"},
				"west": {"uv": [6.4375, 2.6875, 6.875, 3.75], "texture": "#0"},
				"up": {"uv": [5.8125, 5.3125, 6.125, 5.75], "texture": "#0"},
				"down": {"uv": [7.8125, 7.8125, 8.125, 8.25], "texture": "#0"}
			}
		},
		{
			"name": "hexadecagon",
			"from": [9.25, 4.5, 7.6587],
			"to": [14, 22, 11.3413],
			"rotation": {"angle": 0, "axis": "z", "origin": [11.60863, 17.63044, 9.51095]},
			"faces": {
				"north": {"uv": [0, 1.375, 0.625, 3.5625], "texture": "#0"},
				"east": {"uv": [0.625, 2.375, 1.0625, 4.5625], "texture": "#0"},
				"south": {"uv": [2, 2, 2.625, 4.1875], "texture": "#0"},
				"west": {"uv": [1.0625, 2.375, 1.5, 4.5625], "texture": "#0"},
				"up": {"uv": [1, 0.5625, 1.625, 1], "texture": "#0"},
				"down": {"uv": [4.3125, 3.875, 4.9375, 4.3125], "texture": "#0"}
			}
		},
		{
			"name": "hexadecagon",
			"from": [2.59468, 4.5, 4.46713],
			"to": [4.27728, 18.75, 7.96713],
			"rotation": {"angle": 0, "axis": "y", "origin": [4.45155, 18.43352, 8.01557]},
			"faces": {
				"north": {"uv": [4.875, 6.3125, 5.0625, 8.125], "texture": "#0"},
				"east": {"uv": [2, 0, 2.4375, 1.8125], "texture": "#0"},
				"south": {"uv": [3, 6.5625, 3.1875, 8.375], "texture": "#0"},
				"west": {"uv": [1.5, 2.375, 1.9375, 4.1875], "texture": "#0"},
				"up": {"uv": [3, 4, 3.1875, 4.4375], "texture": "#0"},
				"down": {"uv": [3, 4.4375, 3.1875, 4.875], "texture": "#0"}
			}
		},
		{
			"name": "hexadecagon",
			"from": [6.60761, 11.75, 1],
			"to": [9.39239, 13, 15],
			"rotation": {"angle": -45, "axis": "y", "origin": [8, 12.25, 8]},
			"faces": {
				"north": {"uv": [8.625, 3.8125, 9, 4], "texture": "#0"},
				"east": {"uv": [6.5625, 0.6875, 8.3125, 0.875], "texture": "#0"},
				"south": {"uv": [8.625, 4, 9, 4.1875], "texture": "#0"},
				"west": {"uv": [6.5625, 0.875, 8.3125, 1.0625], "texture": "#0"},
				"up": {"uv": [3, 0, 3.375, 1.75], "texture": "#0"},
				"down": {"uv": [3.1875, 3.1875, 3.5625, 4.9375], "texture": "#0"}
			}
		},
		{
			"name": "hexadecagon",
			"from": [6.60761, 11.75, 1],
			"to": [9.39239, 13, 15],
			"rotation": {"angle": -22.5, "axis": "y", "origin": [8, 12.25, 8]},
			"faces": {
				"north": {"uv": [8.625, 4.1875, 9, 4.375], "texture": "#0"},
				"east": {"uv": [6.5625, 1.0625, 8.3125, 1.25], "texture": "#0"},
				"south": {"uv": [8.625, 4.375, 9, 4.5625], "texture": "#0"},
				"west": {"uv": [6.5625, 1.25, 8.3125, 1.4375], "texture": "#0"},
				"up": {"uv": [3.375, 0, 3.75, 1.75], "texture": "#0"},
				"down": {"uv": [0, 3.5625, 0.375, 5.3125], "texture": "#0"}
			}
		},
		{
			"name": "hexadecagon",
			"from": [6.60761, 11.75, 1],
			"to": [9.39239, 13, 15],
			"rotation": {"angle": 0, "axis": "y", "origin": [8, 12.25, 8]},
			"faces": {
				"north": {"uv": [5.9375, 8.6875, 6.3125, 8.875], "texture": "#0"},
				"east": {"uv": [6.5625, 1.4375, 8.3125, 1.625], "texture": "#0"},
				"south": {"uv": [8.6875, 0.625, 9.0625, 0.8125], "texture": "#0"},
				"west": {"uv": [6.5625, 6.125, 8.3125, 6.3125], "texture": "#0"},
				"up": {"uv": [3.5625, 3.5625, 3.9375, 5.3125], "texture": "#0"},
				"down": {"uv": [3.5625, 1.75, 3.9375, 3.5], "texture": "#0"}
			}
		},
		{
			"name": "hexadecagon",
			"from": [6.60761, 11.75, 1],
			"to": [9.39239, 13, 15],
			"rotation": {"angle": 22.5, "axis": "y", "origin": [8, 12.25, 8]},
			"faces": {
				"north": {"uv": [8.6875, 0.8125, 9.0625, 1], "texture": "#0"},
				"east": {"uv": [6.5625, 6.3125, 8.3125, 6.5], "texture": "#0"},
				"south": {"uv": [8.6875, 1, 9.0625, 1.1875], "texture": "#0"},
				"west": {"uv": [6.625, 1.625, 8.375, 1.8125], "texture": "#0"},
				"up": {"uv": [3.75, 0, 4.125, 1.75], "texture": "#0"},
				"down": {"uv": [3.9375, 3.9375, 4.3125, 5.6875], "texture": "#0"}
			}
		},
		{
			"name": "hexadecagon",
			"from": [6.60761, 11.75, 1],
			"to": [9.39239, 13, 15],
			"rotation": {"angle": 45, "axis": "y", "origin": [8, 12.25, 8]},
			"faces": {
				"north": {"uv": [8.6875, 1.1875, 9.0625, 1.375], "texture": "#0"},
				"east": {"uv": [6.625, 1.8125, 8.375, 2], "texture": "#0"},
				"south": {"uv": [8.6875, 1.375, 9.0625, 1.5625], "texture": "#0"},
				"west": {"uv": [6.625, 2, 8.375, 2.1875], "texture": "#0"},
				"up": {"uv": [3.9375, 1.75, 4.3125, 3.5], "texture": "#0"},
				"down": {"uv": [2.625, 4, 3, 5.75], "texture": "#0"}
			}
		},
		{
			"name": "hexadecagon",
			"from": [1, 11.75, 6.60761],
			"to": [15, 13, 9.39239],
			"rotation": {"angle": -22.5, "axis": "y", "origin": [8, 12.25, 8]},
			"faces": {
				"north": {"uv": [6.625, 2.1875, 8.375, 2.375], "texture": "#0"},
				"east": {"uv": [8.6875, 5.9375, 9.0625, 6.125], "texture": "#0"},
				"south": {"uv": [6.625, 2.375, 8.375, 2.5625], "texture": "#0"},
				"west": {"uv": [8.6875, 6.125, 9.0625, 6.3125], "texture": "#0"},
				"up": {"uv": [3.9375, 3.5, 5.6875, 3.875], "texture": "#0"},
				"down": {"uv": [4.125, 0, 5.875, 0.375], "texture": "#0"}
			}
		},
		{
			"name": "hexadecagon",
			"from": [1, 11.75, 6.60761],
			"to": [15, 13, 9.39239],
			"rotation": {"angle": 0, "axis": "y", "origin": [8, 12.25, 8]},
			"faces": {
				"north": {"uv": [6.75, 5.25, 8.5, 5.4375], "texture": "#0"},
				"east": {"uv": [7.8125, 8.75, 8.1875, 8.9375], "texture": "#0"},
				"south": {"uv": [6.75, 5.4375, 8.5, 5.625], "texture": "#0"},
				"west": {"uv": [8.1875, 8.75, 8.5625, 8.9375], "texture": "#0"},
				"up": {"uv": [4.125, 0.375, 5.875, 0.75], "texture": "#0"},
				"down": {"uv": [4.125, 0.75, 5.875, 1.125], "texture": "#0"}
			}
		},
		{
			"name": "hexadecagon",
			"from": [1, 11.75, 6.60761],
			"to": [15, 13, 9.39239],
			"rotation": {"angle": 22.5, "axis": "y", "origin": [8, 12.25, 8]},
			"faces": {
				"north": {"uv": [6.75, 5.625, 8.5, 5.8125], "texture": "#0"},
				"east": {"uv": [8.75, 0.25, 9.125, 0.4375], "texture": "#0"},
				"south": {"uv": [6.75, 5.8125, 8.5, 6], "texture": "#0"},
				"west": {"uv": [8.75, 0.4375, 9.125, 0.625], "texture": "#0"},
				"up": {"uv": [4.125, 1.125, 5.875, 1.5], "texture": "#0"},
				"down": {"uv": [4.3125, 4.3125, 6.0625, 4.6875], "texture": "#0"}
			}
		}
	],
	"display": {
		"thirdperson_righthand": {
			"rotation": [90, 0, 0],
			"translation": [-6, -1, 44.25]
		},
		"thirdperson_lefthand": {
			"translation": [0, 3, 0.75],
			"scale": [0.5, 0.5, 0.5]
		},
		"firstperson_righthand": {
			"rotation": [18, 116, -4],
			"translation": [0, 4.75, 0.5],
			"scale": [0.5, 0.5, 0.5]
		},
		"firstperson_lefthand": {
			"rotation": [18, 116, -4],
			"translation": [0, 4.75, 0.5],
			"scale": [0.5, 0.5, 0.5]
		},
		"ground": {
			"translation": [0, 4.75, 0]
		},
		"gui": {
			"rotation": [45, 135, 0],
			"translation": [0, -1, 0],
			"scale": [0.5, 0.5, 0.5]
		},
		"head": {
			"translation": [0, -31, 0],
			"scale": [1.7, 1.7, 1.7]
		},
		"fixed": {
			"rotation": [0, 27.75, 0],
			"translation": [0, -1.5, -6]
		}
	},
	"groups": [
		{
			"name": "hexadecagon",
			"origin": [8, 8, 8],
			"children": [0, 1, 2, 3, 4, 5, 6, 7, 8, 9, 10, 11, 12, 13, 14, 15]
		},
		{
			"name": "hexadecagon",
			"origin": [8, 8, 8],
			"children": [16, 17, 18, 19, 20, 21, 22, 23, 24, 25, 26, 27, 28, 29, 30, 31]
		},
		{
			"name": "hexadecagon",
			"origin": [8, 8, 8],
			"children": [32, 33, 34, 35, 36, 37, 38, 39]
		},
		{
			"name": "hexadecagon",
			"origin": [8, 8, 8],
			"children": [40, 41, 42, 43, 44, 45, 46, 47, 48, 49, 50, 51, 52, 53, 54, 55]
		}, 56, 57, 58, 59, 60, 61, 62, 63, 64, 65, 66, 67, 68, 69, 70, 71, 72,
		{
			"name": "hexadecagon",
			"origin": [8, 8, 8],
			"children": [73, 74, 75, 76, 77, 78, 79, 80]
		}
	]
}