{
	"credit": "Made with Blockbench",
	"texture_size": [128, 128],
	"textures": {
		"3": "new/zimin",
		"particle": "new/zimin"
	},
	"elements": [
		{
			"from": [6.25, 0.125, 6.25],
			"to": [9.75, 9.875, 9.75],
			"rotation": {"angle": 0, "axis": "y", "origin": [8.50764, 4.12414, 8.11822]},
			"faces": {
				"north": {"uv": [0, 7.875, 0.875, 10.375], "texture": "#3"},
				"east": {"uv": [4.125, 8, 5, 10.5], "texture": "#3"},
				"south": {"uv": [5, 8, 5.875, 10.5], "texture": "#3"},
				"west": {"uv": [5.875, 8.375, 6.75, 10.875], "texture": "#3"},
				"up": {"uv": [9.125, 1.25, 10, 2.125], "texture": "#3"},
				"down": {"uv": [9.125, 2.125, 10, 3], "texture": "#3"}
			}
		},
		{
			"from": [9, 6.875, 4.5],
			"to": [10.25, 7.72656, 7.5],
			"rotation": {"angle": 0, "axis": "y", "origin": [8.50764, 4.12414, 8.11822]},
			"faces": {
				"north": {"uv": [1.375, 6.75, 1.75, 7], "texture": "#3"},
				"east": {"uv": [7, 6.75, 7.75, 7], "texture": "#3"},
				"south": {"uv": [4.125, 7.75, 4.5, 8], "texture": "#3"},
				"west": {"uv": [9.375, 6.875, 10.125, 7.125], "texture": "#3"},
				"up": {"uv": [4.125, 1.75, 4.5, 2.5], "texture": "#3"},
				"down": {"uv": [1.375, 6, 1.75, 6.75], "texture": "#3"}
			}
		},
		{
			"from": [8.5, 8.07813, 4.25],
			"to": [10.25, 8.97656, 5.75],
			"rotation": {"angle": 0, "axis": "y", "origin": [8.50764, 4.12414, 8.11822]},
			"faces": {
				"north": {"uv": [10, 6.65625, 10.48413, 6.87463], "texture": "#3"},
				"east": {"uv": [8.5, 10.125, 8.875, 10.375], "texture": "#3"},
				"south": {"uv": [2.625, 10.125, 3.125, 10.375], "texture": "#3"},
				"west": {"uv": [10.125, 5.25, 10.5, 5.5], "texture": "#3"},
				"up": {"uv": [9.8905, 0.2655, 10.3745, 0.62475], "texture": "#3"},
				"down": {"uv": [9.875, 0.625, 10.375, 1], "texture": "#3"}
			}
		},
		{
			"from": [10.25, 7.625, 4.25],
			"to": [11.25, 8.97656, 6.5],
			"rotation": {"angle": 0, "axis": "y", "origin": [8.50764, 4.12414, 8.11822]},
			"faces": {
				"north": {"uv": [7.5, 10.125, 7.75, 10.5], "texture": "#3"},
				"east": {"uv": [9.875, 4.5, 10.25, 4.875], "texture": "#3"},
				"south": {"uv": [10.125, 6.875, 10.375, 7.25], "texture": "#3"},
				"west": {"uv": [9.875, 4.875, 10.25, 5.25], "texture": "#3"},
				"up": {"uv": [10.125, 7.25, 10.375, 7.625], "texture": "#3"},
				"down": {"uv": [10.125, 7.625, 10.375, 8], "texture": "#3"}
			}
		},
		{
			"from": [7.5, 7.625, 4.25],
			"to": [8.5, 8.97656, 5.75],
			"rotation": {"angle": 0, "axis": "y", "origin": [7.49236, 4.12414, 8.11822]},
			"faces": {
				"north": {"uv": [0.8905, 10.24987, 1.12463, 10.62488], "texture": "#3"},
				"east": {"uv": [9.875, 5.875, 10.25, 6.25], "texture": "#3"},
				"south": {"uv": [1.125, 10.25, 1.375, 10.625], "texture": "#3"},
				"west": {"uv": [9.875, 6.25, 10.25, 6.625], "texture": "#3"},
				"up": {"uv": [1.375, 10.25, 1.625, 10.625], "texture": "#3"},
				"down": {"uv": [1.625, 10.25, 1.875, 10.625], "texture": "#3"}
			}
		},
		{
			"from": [5.67969, 8.125, 4.25],
			"to": [6.67969, 8.97656, 5.75],
			"rotation": {"angle": 0, "axis": "y", "origin": [7.49236, 4.12414, 8.11822]},
			"faces": {
				"north": {"uv": [8.875, 1.25, 9.125, 1.5], "texture": "#3"},
				"east": {"uv": [10.125, 9.625, 10.5, 9.875], "texture": "#3"},
				"south": {"uv": [9.625, 10.25, 9.875, 10.5], "texture": "#3"},
				"west": {"uv": [1.875, 10.25, 2.25, 10.5], "texture": "#3"},
				"up": {"uv": [3.75, 10.25, 4, 10.625], "texture": "#3"},
				"down": {"uv": [9.375, 10.25, 9.625, 10.625], "texture": "#3"}
			}
		},
		{
			"from": [5.75, 6.875, 4.5],
			"to": [7, 7.72656, 7.5],
			"rotation": {"angle": 0, "axis": "y", "origin": [7.49236, 4.12414, 8.11822]},
			"faces": {
				"north": {"uv": [9.625, 1, 10, 1.25], "texture": "#3"},
				"east": {"uv": [9.375, 7.125, 10.125, 7.375], "texture": "#3"},
				"south": {"uv": [3.125, 10.125, 3.5, 10.375], "texture": "#3"},
				"west": {"uv": [9.375, 7.375, 10.125, 7.625], "texture": "#3"},
				"up": {"uv": [4.125, 7, 4.5, 7.75], "texture": "#3"},
				"down": {"uv": [7.75, 9.25, 8.125, 10], "texture": "#3"}
			}
		},
		{
			"from": [5.25, 3.29297, 4.25],
			"to": [10.75, 4.50387, 7.5],
			"rotation": {"angle": 0, "axis": "y", "origin": [8.50764, 4.12414, 8.11822]},
			"faces": {
				"north": {"uv": [4.5, 4.26563, 5.875, 4.49988], "texture": "#3"},
				"east": {"uv": [1.75, 4.75, 2.625, 5], "texture": "#3"},
				"south": {"uv": [4.75, 1.375, 6.125, 1.625], "texture": "#3"},
				"west": {"uv": [9.125, 6.625, 10, 6.875], "texture": "#3"},
				"up": {"uv": [4.5, 3.39038, 5.875, 4.23388], "texture": "#3"},
				"down": {"uv": [2.5, 8.5, 3.875, 9.375], "texture": "#3"}
			}
		},
		{
			"from": [6.5, 5.17969, 4.5],
			"to": [9.5, 5.92969, 7.5],
			"rotation": {"angle": 0, "axis": "y", "origin": [8.50764, 4.12414, 8.11822]},
			"faces": {
				"north": {"uv": [9.375, 7.64063, 10.12487, 7.859], "texture": "#3"},
				"east": {"uv": [9.375, 7.875, 10.125, 8.125], "texture": "#3"},
				"south": {"uv": [9.375, 9.625, 10.125, 9.875], "texture": "#3"},
				"west": {"uv": [9.625, 0, 10.375, 0.25], "texture": "#3"},
				"up": {"uv": [6.99988, 6.03125, 7.74975, 6.74975], "texture": "#3"},
				"down": {"uv": [9.125, 5.875, 9.875, 6.625], "texture": "#3"}
			}
		},
		{
			"from": [7, 3.05078, 4],
			"to": [9, 3.96875, 7.25],
			"rotation": {"angle": 0, "axis": "y", "origin": [8.50764, 4.12414, 8.11822]},
			"faces": {
				"north": {"uv": [10, 2, 10.5, 2.25], "texture": "#3"},
				"east": {"uv": [9.25, 5.25, 10.125, 5.5], "texture": "#3"},
				"south": {"uv": [10, 2.25, 10.5, 2.5], "texture": "#3"},
				"west": {"uv": [9.375, 9.375, 10.25, 9.625], "texture": "#3"},
				"up": {"uv": [6.75, 9.25, 7.25, 10.125], "texture": "#3"},
				"down": {"uv": [7.25, 9.25, 7.75, 10.125], "texture": "#3"}
			}
		},
		{
			"from": [8.74219, 4.5, 4.5],
			"to": [9.5, 5.1875, 7.5],
			"rotation": {"angle": 0, "axis": "y", "origin": [8.50764, 4.12414, 8.11822]},
			"faces": {
				"north": {"uv": [1.5, 4.125, 1.75, 4.25], "texture": "#3"},
				"east": {"uv": [3, 2.875, 3.75, 3], "texture": "#3"},
				"south": {"uv": [5.5, 1.625, 5.75, 1.75], "texture": "#3"},
				"west": {"uv": [3.75, 2.875, 4.5, 3], "texture": "#3"},
				"up": {"uv": [3.875, 9.5, 4.125, 10.25], "texture": "#3"},
				"down": {"uv": [9.625, 0.25, 9.875, 1], "texture": "#3"}
			}
		},
		{
			"from": [6.5, 4.5, 4.5],
			"to": [7.25781, 5.1875, 7.5],
			"rotation": {"angle": 0, "axis": "y", "origin": [7.49236, 4.12414, 8.11822]},
			"faces": {
				"north": {"uv": [5.75, 1.625, 6, 1.75], "texture": "#3"},
				"east": {"uv": [4.75, 1.625, 5.5, 1.75], "texture": "#3"},
				"south": {"uv": [5.875, 4.375, 6.125, 4.5], "texture": "#3"},
				"west": {"uv": [1.78125, 5, 2.49975, 5.0935], "texture": "#3"},
				"up": {"uv": [9.625, 3.75, 9.875, 4.5], "texture": "#3"},
				"down": {"uv": [9.625, 4.5, 9.875, 5.25], "texture": "#3"}
			}
		},
		{
			"from": [10.5, 3.54297, 4.5],
			"to": [11.5, 7.29297, 6.25],
			"rotation": {"angle": 0, "axis": "y", "origin": [8.50764, 4.12414, 8.11822]},
			"faces": {
				"north": {"uv": [5.875, 3.375, 6.125, 4.375], "texture": "#3"},
				"east": {"uv": [0.875, 7.875, 1.375, 8.875], "texture": "#3"},
				"south": {"uv": [3.875, 8.5, 4.125, 9.5], "texture": "#3"},
				"west": {"uv": [0.875, 8.875, 1.375, 9.875], "texture": "#3"},
				"up": {"uv": [1.5, 3.625, 1.75, 4.125], "texture": "#3"},
				"down": {"uv": [7.75, 10, 8, 10.5], "texture": "#3"}
			}
		},
		{
			"from": [4.5, 3.54297, 4.5],
			"to": [5.5, 7.29297, 6.25],
			"rotation": {"angle": 0, "axis": "y", "origin": [7.49236, 4.12414, 8.11822]},
			"faces": {
				"north": {"uv": [8.875, 9.375, 9.125, 10.375], "texture": "#3"},
				"east": {"uv": [1.375, 9.25, 1.875, 10.25], "texture": "#3"},
				"south": {"uv": [9.125, 9.375, 9.375, 10.375], "texture": "#3"},
				"west": {"uv": [1.875, 9.25, 2.375, 10.25], "texture": "#3"},
				"up": {"uv": [10, 1, 10.25, 1.5], "texture": "#3"},
				"down": {"uv": [10, 1.5, 10.25, 2], "texture": "#3"}
			}
		},
		{
			"from": [10.25, 5.91406, 6.25],
			"to": [11.75, 8.87496, 7.75],
			"rotation": {"angle": 0, "axis": "y", "origin": [8.50764, 4.12414, 8.11822]},
			"faces": {
				"north": {"uv": [8.125, 9.25, 8.5, 10], "texture": "#3"},
				"east": {"uv": [9.25, 3.75, 9.625, 4.5], "texture": "#3"},
				"south": {"uv": [9.25, 4.5, 9.625, 5.25], "texture": "#3"},
				"west": {"uv": [2.375, 9.375, 2.75, 10.125], "texture": "#3"},
				"up": {"uv": [4.125, 2.5, 4.5, 2.875], "texture": "#3"},
				"down": {"uv": [2.625, 4.75, 3, 5.125], "texture": "#3"}
			}
		},
		{
			"from": [4.25, 5.91406, 6.25],
			"to": [5.75, 8.87496, 7.75],
			"rotation": {"angle": 0, "axis": "y", "origin": [7.49236, 4.12414, 8.11822]},
			"faces": {
				"north": {"uv": [8.5, 9.25, 8.125, 10], "texture": "#3"},
				"east": {"uv": [2.75, 9.375, 2.375, 10.125], "texture": "#3"},
				"south": {"uv": [9.625, 4.5, 9.25, 5.25], "texture": "#3"},
				"west": {"uv": [9.625, 3.75, 9.25, 4.5], "texture": "#3"},
				"up": {"uv": [4.5, 2.5, 4.125, 2.875], "texture": "#3"},
				"down": {"uv": [3, 4.75, 2.625, 5.125], "texture": "#3"}
			}
		},
		{
			"from": [10.37891, 5.41406, 7.25],
			"to": [11.37891, 7.12496, 9],
			"rotation": {"angle": 0, "axis": "y", "origin": [8.50764, 4.12414, 8.11822]},
			"faces": {
				"north": {"uv": [3.5, 10.125, 3.75, 10.5], "texture": "#3"},
				"east": {"uv": [7.25, 4, 7.75, 4.375], "texture": "#3"},
				"south": {"uv": [6.75, 10.125, 7, 10.5], "texture": "#3"},
				"west": {"uv": [0.875, 9.875, 1.375, 10.25], "texture": "#3"},
				"up": {"uv": [8, 10, 8.25, 10.5], "texture": "#3"},
				"down": {"uv": [8.25, 10, 8.5, 10.5], "texture": "#3"}
			}
		},
		{
			"from": [4.62109, 5.41406, 7.25],
			"to": [5.62109, 7.12496, 9],
			"rotation": {"angle": 0, "axis": "y", "origin": [7.49236, 4.12414, 8.11822]},
			"faces": {
				"north": {"uv": [3.75, 10.125, 3.5, 10.5], "texture": "#3"},
				"east": {"uv": [1.375, 9.875, 0.875, 10.25], "texture": "#3"},
				"south": {"uv": [7, 10.125, 6.75, 10.5], "texture": "#3"},
				"west": {"uv": [7.75, 4, 7.25, 4.375], "texture": "#3"},
				"up": {"uv": [8.25, 10, 8, 10.5], "texture": "#3"},
				"down": {"uv": [8.5, 10, 8.25, 10.5], "texture": "#3"}
			}
		},
		{
			"from": [5.25, 1.125, 5.25],
			"to": [10.75, 8.375, 10.75],
			"rotation": {"angle": 0, "axis": "y", "origin": [8.00676, 4.12501, 7.99323]},
			"faces": {
				"north": {"uv": [1.75, 5.125, 3.125, 7], "texture": "#3"},
				"east": {"uv": [3.125, 5.125, 4.5, 7], "texture": "#3"},
				"south": {"uv": [0, 6, 1.375, 7.875], "texture": "#3"},
				"west": {"uv": [4.5, 6.125, 5.875, 8], "texture": "#3"},
				"up": {"uv": [4.75, 0, 6.125, 1.375], "texture": "#3"},
				"down": {"uv": [7.75, 5.5, 9.125, 6.875], "texture": "#3"}
			}
		},
		{
			"from": [4.625, 7.125, 4.625],
			"to": [11.375, 8.625, 11.375],
			"rotation": {"angle": 0, "axis": "y", "origin": [7.88176, 4.12501, 8.11823]},
			"faces": {
				"north": {"uv": [8.625, 8.125, 10.375, 8.5], "texture": "#3"},
				"east": {"uv": [9.125, 3, 10.875, 3.375], "texture": "#3"},
				"south": {"uv": [9.125, 3.375, 10.875, 3.75], "texture": "#3"},
				"west": {"uv": [9.125, 5.5, 10.875, 5.875], "texture": "#3"},
				"up": {"uv": [3, 0, 4.75, 1.75], "texture": "#3"},
				"down": {"uv": [0, 4.25, 1.75, 6], "texture": "#3"}
			}
		},
		{
			"from": [5.75, 0.625, 5.75],
			"to": [10.25, 9.5625, 10.25],
			"rotation": {"angle": 0, "axis": "y", "origin": [8.00676, 4.12501, 7.99323]},
			"faces": {
				"north": {"uv": [5.89063, 6.15625, 6.984, 8.37487], "texture": "#3"},
				"east": {"uv": [6.125, 0, 7.25, 2.25], "texture": "#3"},
				"south": {"uv": [6.125, 2.25, 7.25, 4.5], "texture": "#3"},
				"west": {"uv": [1.375, 7, 2.5, 9.25], "texture": "#3"},
				"up": {"uv": [3, 1.76538, 4.125, 2.85888], "texture": "#3"},
				"down": {"uv": [1.75, 3.625, 2.875, 4.75], "texture": "#3"}
			}
		},
		{
			"from": [5.125, 0.875, 5.125],
			"to": [10.875, 9.21094, 10.875],
			"rotation": {"angle": 0, "axis": "y", "origin": [8.13176, 4.12501, 7.86823]},
			"faces": {
				"north": {"uv": [0, 0, 1.5, 2.125], "texture": "#3"},
				"east": {"uv": [1.5, 1.5, 3, 3.625], "texture": "#3"},
				"south": {"uv": [0, 2.125, 1.5, 4.25], "texture": "#3"},
				"west": {"uv": [3, 3, 4.5, 5.125], "texture": "#3"},
				"up": {"uv": [1.5, 0, 3, 1.5], "texture": "#3"},
				"down": {"uv": [7.75, 4, 9.25, 5.5], "texture": "#3"}
			}
		},
		{
			"from": [4.25, 4.125, 9],
			"to": [11.75, 8.875, 12],
			"rotation": {"angle": 0, "axis": "y", "origin": [8.00676, 4.12501, 7.99323]},
			"faces": {
				"north": {"uv": [7.25, 1.5, 9.125, 2.75], "texture": "#3"},
				"east": {"uv": [8.625, 6.875, 9.375, 8.125], "texture": "#3"},
				"south": {"uv": [7.25, 2.75, 9.125, 4], "texture": "#3"},
				"west": {"uv": [8.875, 0, 9.625, 1.25], "texture": "#3"},
				"up": {"uv": [6.75, 8.5, 8.625, 9.25], "texture": "#3"},
				"down": {"uv": [8.625, 8.625, 10.5, 9.375], "texture": "#3"}
			}
		},
		{
			"from": [4.75, 1.375, 4.75],
			"to": [11.25, 7.125, 11.25],
			"rotation": {"angle": 0, "axis": "y", "origin": [8.00676, 4.12501, 7.99323]},
			"faces": {
				"north": {"uv": [6.125, 4.5, 7.75, 6], "texture": "#3"},
				"east": {"uv": [2.5, 7, 4.125, 8.5], "texture": "#3"},
				"south": {"uv": [7, 7, 8.625, 8.5], "texture": "#3"},
				"west": {"uv": [7.25, 0, 8.875, 1.5], "texture": "#3"},
				"up": {"uv": [4.5, 4.5, 6.125, 6.125], "texture": "#3"},
				"down": {"uv": [4.5, 1.75, 6.125, 3.375], "texture": "#3"}
			}
		}
	],
	"display": {
		"thirdperson_righthand": {
			"rotation": [90, 0, 0],
			"translation": [-6, -1, 49.25],
			"scale": [1.65, 1.65, 1.65]
		},
		"thirdperson_lefthand": {
			"translation": [0, 3, 0.75],
			"scale": [0.5, 0.5, 0.5]
		},
		"firstperson_righthand": {
			"rotation": [18, 116, -4],
			"translation": [0, 4.75, 0.5],
			"scale": [0.5, 0.5, 0.5]
		},
		"firstperson_lefthand": {
			"rotation": [18, 116, -4],
			"translation": [0, 4.75, 0.5],
			"scale": [0.5, 0.5, 0.5]
		},
		"ground": {
			"translation": [0, 2.75, 0]
		},
		"gui": {
			"rotation": [30, 135, 0],
			"translation": [-1.5, 0, 0],
			"scale": [0.8, 0.8, 0.8]
		},
		"head": {
			"translation": [0, -21.5, -3.25],
			"scale": [2.85, 2.85, 2.85]
		}
	}
}