{
	"credit": "Made with Blockbench",
	"texture_size": [64, 64],
	"textures": {
		"2": "new/20",
		"particle": "new/20"
	},
	"elements": [
		{
			"from": [7, 0.125, 10],
			"to": [10, 4.625, 11],
			"rotation": {"angle": 0, "axis": "y", "origin": [8.38569, 1.87502, 10.48929]},
			"faces": {
				"north": {"uv": [4, 4, 5.5, 6.25], "texture": "#2"},
				"east": {"uv": [7, 4.5, 7.5, 6.75], "texture": "#2"},
				"south": {"uv": [1.5, 6, 3, 8.25], "texture": "#2"},
				"west": {"uv": [7.5, 4.5, 8, 6.75], "texture": "#2"},
				"up": {"uv": [10, 0.5, 11.5, 1], "texture": "#2"},
				"down": {"uv": [10, 1, 11.5, 1.5], "texture": "#2"}
			}
		},
		{
			"from": [7, 0.125, 5],
			"to": [10, 4.625, 6],
			"rotation": {"angle": 0, "axis": "y", "origin": [8.38569, 1.87502, 5.51071]},
			"faces": {
				"north": {"uv": [1.5, 6, 3, 8.25], "texture": "#2"},
				"east": {"uv": [9.25, 6.75, 9.75, 9], "texture": "#2"},
				"south": {"uv": [3, 6.25, 4.5, 8.5], "texture": "#2"},
				"west": {"uv": [9.5, 0, 10, 2.25], "texture": "#2"},
				"up": {"uv": [10, 6, 11.5, 6.5], "texture": "#2"},
				"down": {"uv": [10.25, 10.25, 11.75, 10.75], "texture": "#2"}
			}
		},
		{
			"from": [6.4952, 0.1263, 6.00394],
			"to": [10.4952, 4.1263, 10.00394],
			"rotation": {"angle": 0, "axis": "y", "origin": [6.38089, 1.87632, 7.51464]},
			"faces": {
				"north": {"uv": [0, 0, 2, 2], "texture": "#2"},
				"east": {"uv": [0, 2, 2, 4], "texture": "#2"},
				"south": {"uv": [2, 2, 4, 4], "texture": "#2"},
				"west": {"uv": [2, 0, 4, 2], "texture": "#2"},
				"up": {"uv": [0, 4, 2, 6], "texture": "#2"},
				"down": {"uv": [2, 4, 4, 6], "texture": "#2"}
			}
		},
		{
			"from": [7.4952, 4.3763, 8.75394],
			"to": [9.4952, 5.8763, 9.25394],
			"rotation": {"angle": 22.5, "axis": "x", "origin": [7.38089, 6.12632, 7.26464]},
			"faces": {
				"north": {"uv": [10.25, 6.5, 11.25, 7.25], "texture": "#2"},
				"east": {"uv": [5.25, 3.25, 5.5, 4], "texture": "#2"},
				"south": {"uv": [10.25, 7.25, 11.25, 8], "texture": "#2"},
				"west": {"uv": [8, 9.75, 8.25, 10.5], "texture": "#2"},
				"up": {"uv": [3, 6, 4, 6.25], "texture": "#2"},
				"down": {"uv": [7, 6.75, 8, 7], "texture": "#2"}
			}
		},
		{
			"from": [7.74596, 5.66598, 11.27653],
			"to": [9.24596, 5.91598, 12.77653],
			"rotation": {"angle": 22.5, "axis": "x", "origin": [8.50563, 5.5883, 11.34942]},
			"faces": {
				"north": {"uv": [11.5, 6, 12.25, 6.25], "texture": "#2"},
				"east": {"uv": [11.5, 6.25, 12.25, 6.5], "texture": "#2"},
				"south": {"uv": [11.5, 9, 12.25, 9.25], "texture": "#2"},
				"west": {"uv": [11.5, 9.25, 12.25, 9.5], "texture": "#2"},
				"up": {"uv": [7, 11, 7.75, 11.75], "texture": "#2"},
				"down": {"uv": [0, 11.25, 0.75, 12], "texture": "#2"}
			}
		},
		{
			"from": [7.49607, 5.41809, 9.90774],
			"to": [9.49607, 5.91809, 11.40774],
			"rotation": {"angle": 0, "axis": "x", "origin": [8.50563, 5.5883, 11.34942]},
			"faces": {
				"north": {"uv": [11.5, 2.5, 12.5, 2.75], "texture": "#2"},
				"east": {"uv": [7, 11.75, 7.75, 12], "texture": "#2"},
				"south": {"uv": [11.5, 2.75, 12.5, 3], "texture": "#2"},
				"west": {"uv": [11.75, 11.75, 12.5, 12], "texture": "#2"},
				"up": {"uv": [10.5, 1.5, 11.5, 2.25], "texture": "#2"},
				"down": {"uv": [10.5, 2.25, 11.5, 3], "texture": "#2"}
			}
		},
		{
			"from": [7.49607, 5.14989, 8.6764],
			"to": [9.49607, 5.64989, 10.1764],
			"rotation": {"angle": -22.5, "axis": "x", "origin": [8.50092, 5.15387, 9.42434]},
			"faces": {
				"north": {"uv": [11.5, 4.5, 12.5, 4.75], "texture": "#2"},
				"east": {"uv": [11.75, 0, 12.5, 0.25], "texture": "#2"},
				"south": {"uv": [11.5, 4.75, 12.5, 5], "texture": "#2"},
				"west": {"uv": [11.75, 0.25, 12.5, 0.5], "texture": "#2"},
				"up": {"uv": [10.5, 4, 11.5, 4.75], "texture": "#2"},
				"down": {"uv": [10.5, 4.75, 11.5, 5.5], "texture": "#2"}
			}
		},
		{
			"from": [6.8916, 4.3763, 7.01958],
			"to": [7.3916, 6.1263, 9.01958],
			"rotation": {"angle": 22.5, "axis": "z", "origin": [8.88089, 6.12632, 6.90527]},
			"faces": {
				"north": {"uv": [0.75, 11.75, 1, 12.5], "texture": "#2"},
				"east": {"uv": [0, 10.5, 1, 11.25], "texture": "#2"},
				"south": {"uv": [1, 11.75, 1.25, 12.5], "texture": "#2"},
				"west": {"uv": [1, 10.5, 2, 11.25], "texture": "#2"},
				"up": {"uv": [5.25, 2.25, 5.5, 3.25], "texture": "#2"},
				"down": {"uv": [8, 8.75, 8.25, 9.75], "texture": "#2"}
			}
		},
		{
			"from": [3.09208, 5.95681, 6.38577],
			"to": [5.84208, 6.70681, 9.63577],
			"rotation": {"angle": -22.5, "axis": "z", "origin": [6.59426, 6.20805, 8.15485]},
			"faces": {
				"north": {"uv": [10.5, 5.5, 11.75, 6], "texture": "#2"},
				"east": {"uv": [9.75, 9, 11.5, 9.5], "texture": "#2"},
				"south": {"uv": [10.25, 10.75, 11.5, 11.25], "texture": "#2"},
				"west": {"uv": [10, 0, 11.75, 0.5], "texture": "#2"},
				"up": {"uv": [4, 2.25, 5.25, 4], "texture": "#2"},
				"down": {"uv": [7, 7, 8.25, 8.75], "texture": "#2"}
			}
		},
		{
			"from": [5.59208, 6.0115, 6.6553],
			"to": [7.59208, 6.7615, 9.4053],
			"rotation": {"angle": -45, "axis": "z", "origin": [6.09426, 6.26274, 8.15485]},
			"faces": {
				"north": {"uv": [8.25, 7.75, 9.25, 8.25], "texture": "#2"},
				"east": {"uv": [10.5, 3, 12, 3.5], "texture": "#2"},
				"south": {"uv": [0.75, 11.25, 1.75, 11.75], "texture": "#2"},
				"west": {"uv": [10.5, 3.5, 12, 4], "texture": "#2"},
				"up": {"uv": [7, 1.5, 8, 3], "texture": "#2"},
				"down": {"uv": [7, 3, 8, 4.5], "texture": "#2"}
			}
		},
		{
			"from": [1.79642, 7.33805, 6.65549],
			"to": [3.54642, 8.00992, 9.40549],
			"rotation": {"angle": 0, "axis": "z", "origin": [6.2986, 7.51117, 8.15504]},
			"faces": {
				"north": {"uv": [11.5, 4, 12.5, 4.25], "texture": "#2"},
				"east": {"uv": [10.25, 8.75, 11.75, 9], "texture": "#2"},
				"south": {"uv": [11.5, 4.25, 12.5, 4.5], "texture": "#2"},
				"west": {"uv": [10.25, 11.25, 11.75, 11.5], "texture": "#2"},
				"up": {"uv": [4.5, 6.25, 5.5, 7.75], "texture": "#2"},
				"down": {"uv": [7, 0, 8, 1.5], "texture": "#2"}
			}
		},
		{
			"from": [0.83228, 9.38147, 7.0213],
			"to": [2.33228, 9.63147, 9.0213],
			"rotation": {"angle": 22.5, "axis": "z", "origin": [6.2986, 7.51117, 8.15504]},
			"faces": {
				"north": {"uv": [2.75, 11.75, 3.5, 12], "texture": "#2"},
				"east": {"uv": [11.5, 2, 12.5, 2.25], "texture": "#2"},
				"south": {"uv": [3.5, 11.75, 4.25, 12], "texture": "#2"},
				"west": {"uv": [11.5, 2.25, 12.5, 2.5], "texture": "#2"},
				"up": {"uv": [2, 10.5, 2.75, 11.5], "texture": "#2"},
				"down": {"uv": [8, 10.5, 8.75, 11.5], "texture": "#2"}
			}
		},
		{
			"from": [7.4952, 2.8763, 7.25394],
			"to": [9.4952, 4.6263, 7.75394],
			"rotation": {"angle": -22.5, "axis": "x", "origin": [7.38089, 4.62632, 5.26464]},
			"faces": {
				"north": {"uv": [10.25, 8, 11.25, 8.75], "texture": "#2"},
				"east": {"uv": [4.25, 10.75, 4.5, 11.5], "texture": "#2"},
				"south": {"uv": [10.25, 9.5, 11.25, 10.25], "texture": "#2"},
				"west": {"uv": [4.25, 11.5, 4.5, 12.25], "texture": "#2"},
				"up": {"uv": [11.25, 8.5, 12.25, 8.75], "texture": "#2"},
				"down": {"uv": [11.25, 10, 12.25, 10.25], "texture": "#2"}
			}
		},
		{
			"from": [7.3558, 7.04397, 4.06319],
			"to": [9.6058, 7.54397, 6.31319],
			"rotation": {"angle": 45, "axis": "x", "origin": [7.38602, 5.05468, 4.56317]},
			"faces": {
				"north": {"uv": [11.5, 1, 12.5, 1.25], "texture": "#2"},
				"east": {"uv": [11.5, 1.25, 12.5, 1.5], "texture": "#2"},
				"south": {"uv": [11.5, 1.5, 12.5, 1.75], "texture": "#2"},
				"west": {"uv": [11.5, 1.75, 12.5, 2], "texture": "#2"},
				"up": {"uv": [5.5, 4.5, 6.5, 5.5], "texture": "#2"},
				"down": {"uv": [8.25, 6.75, 9.25, 7.75], "texture": "#2"}
			}
		},
		{
			"from": [7.62923, 7.04397, 2.81319],
			"to": [9.37142, 7.54397, 5.06319],
			"rotation": {"angle": 22.5, "axis": "x", "origin": [7.38602, 5.05468, 4.56317]},
			"faces": {
				"north": {"uv": [11.75, 5.5, 12.5, 5.75], "texture": "#2"},
				"east": {"uv": [11.5, 5, 12.5, 5.25], "texture": "#2"},
				"south": {"uv": [11.75, 5.75, 12.5, 6], "texture": "#2"},
				"west": {"uv": [11.5, 5.25, 12.5, 5.5], "texture": "#2"},
				"up": {"uv": [2.75, 10.75, 3.5, 11.75], "texture": "#2"},
				"down": {"uv": [3.5, 10.75, 4.25, 11.75], "texture": "#2"}
			}
		},
		{
			"from": [7.91114, 7.7653, 2.16207],
			"to": [9.16114, 8.0153, 3.91207],
			"rotation": {"angle": 0, "axis": "x", "origin": [7.38668, 6.77601, 2.16205]},
			"faces": {
				"north": {"uv": [6.5, 5.25, 7, 5.5], "texture": "#2"},
				"east": {"uv": [11.5, 10.75, 12.25, 11], "texture": "#2"},
				"south": {"uv": [9.25, 9, 9.75, 9.25], "texture": "#2"},
				"west": {"uv": [11.5, 11, 12.25, 11.25], "texture": "#2"},
				"up": {"uv": [6.5, 4.5, 7, 5.25], "texture": "#2"},
				"down": {"uv": [8.75, 11, 9.25, 11.75], "texture": "#2"}
			}
		},
		{
			"from": [6.49913, 0.12609, 9.49978],
			"to": [7.49913, 4.62609, 10.49978],
			"rotation": {"angle": 0, "axis": "y", "origin": [6.38482, 1.87611, 10.01049]},
			"faces": {
				"north": {"uv": [5.5, 7.75, 6, 10], "texture": "#2"},
				"east": {"uv": [6, 7.75, 6.5, 10], "texture": "#2"},
				"south": {"uv": [6.5, 7.75, 7, 10], "texture": "#2"},
				"west": {"uv": [8, 0, 8.5, 2.25], "texture": "#2"},
				"up": {"uv": [8.75, 8.25, 9.25, 8.75], "texture": "#2"},
				"down": {"uv": [11.25, 6.5, 11.75, 7], "texture": "#2"}
			}
		},
		{
			"from": [6.49913, 0.12609, 5.50022],
			"to": [7.49913, 4.62609, 6.50022],
			"rotation": {"angle": 0, "axis": "y", "origin": [6.38482, 1.87611, 5.98951]},
			"faces": {
				"north": {"uv": [9.5, 2.25, 10, 4.5], "texture": "#2"},
				"east": {"uv": [9.5, 4.5, 10, 6.75], "texture": "#2"},
				"south": {"uv": [9.75, 9.75, 10.25, 12], "texture": "#2"},
				"west": {"uv": [9.75, 6.75, 10.25, 9], "texture": "#2"},
				"up": {"uv": [10.25, 11.5, 10.75, 12], "texture": "#2"},
				"down": {"uv": [10.75, 11.5, 11.25, 12], "texture": "#2"}
			}
		},
		{
			"from": [5.99956, 0.12849, 8.99696],
			"to": [6.99956, 4.62849, 9.99696],
			"rotation": {"angle": 0, "axis": "y", "origin": [5.88525, 1.87851, 9.50766]},
			"faces": {
				"north": {"uv": [1, 8.25, 1.5, 10.5], "texture": "#2"},
				"east": {"uv": [1.5, 8.25, 2, 10.5], "texture": "#2"},
				"south": {"uv": [2, 8.25, 2.5, 10.5], "texture": "#2"},
				"west": {"uv": [2.5, 8.25, 3, 10.5], "texture": "#2"},
				"up": {"uv": [11.25, 8, 11.75, 8.5], "texture": "#2"},
				"down": {"uv": [11.25, 9.5, 11.75, 10], "texture": "#2"}
			}
		},
		{
			"from": [5.99956, 0.12849, 6.00304],
			"to": [6.99956, 4.62849, 7.00304],
			"rotation": {"angle": 0, "axis": "y", "origin": [5.88525, 1.87851, 6.49234]},
			"faces": {
				"north": {"uv": [4.5, 10, 5, 12.25], "texture": "#2"},
				"east": {"uv": [5, 10, 5.5, 12.25], "texture": "#2"},
				"south": {"uv": [5.5, 10, 6, 12.25], "texture": "#2"},
				"west": {"uv": [6, 10, 6.5, 12.25], "texture": "#2"},
				"up": {"uv": [11.25, 11.5, 11.75, 12], "texture": "#2"},
				"down": {"uv": [11.5, 0.5, 12, 1], "texture": "#2"}
			}
		},
		{
			"from": [9.50087, 0.12522, 9.49891],
			"to": [10.50087, 4.62522, 10.49891],
			"rotation": {"angle": 0, "axis": "y", "origin": [9.38656, 1.87524, 10.00962]},
			"faces": {
				"north": {"uv": [8, 2.25, 8.5, 4.5], "texture": "#2"},
				"east": {"uv": [8, 4.5, 8.5, 6.75], "texture": "#2"},
				"south": {"uv": [0, 8.25, 0.5, 10.5], "texture": "#2"},
				"west": {"uv": [0.5, 8.25, 1, 10.5], "texture": "#2"},
				"up": {"uv": [11.25, 7, 11.75, 7.5], "texture": "#2"},
				"down": {"uv": [11.25, 7.5, 11.75, 8], "texture": "#2"}
			}
		},
		{
			"from": [9.50087, 0.12522, 5.50109],
			"to": [10.50087, 4.62522, 6.50109],
			"rotation": {"angle": 0, "axis": "y", "origin": [9.38656, 1.87524, 5.99038]},
			"faces": {
				"north": {"uv": [9, 0, 9.5, 2.25], "texture": "#2"},
				"east": {"uv": [9, 2.25, 9.5, 4.5], "texture": "#2"},
				"south": {"uv": [9, 4.5, 9.5, 6.75], "texture": "#2"},
				"west": {"uv": [9.25, 9.25, 9.75, 11.5], "texture": "#2"},
				"up": {"uv": [8.25, 11.5, 8.75, 12], "texture": "#2"},
				"down": {"uv": [9.25, 11.5, 9.75, 12], "texture": "#2"}
			}
		},
		{
			"from": [10.00087, 0.12522, 8.99891],
			"to": [11.00087, 4.62522, 9.99891],
			"rotation": {"angle": 0, "axis": "y", "origin": [9.88656, 1.87524, 9.50962]},
			"faces": {
				"north": {"uv": [8.25, 8.25, 8.75, 10.5], "texture": "#2"},
				"east": {"uv": [3, 8.5, 3.5, 10.75], "texture": "#2"},
				"south": {"uv": [3.5, 8.5, 4, 10.75], "texture": "#2"},
				"west": {"uv": [4, 8.5, 4.5, 10.75], "texture": "#2"},
				"up": {"uv": [1.75, 11.5, 2.25, 12], "texture": "#2"},
				"down": {"uv": [2.25, 11.5, 2.75, 12], "texture": "#2"}
			}
		},
		{
			"from": [10.00087, 0.12522, 6.00109],
			"to": [11.00087, 4.62522, 7.00109],
			"rotation": {"angle": 0, "axis": "y", "origin": [9.88656, 1.87524, 6.49038]},
			"faces": {
				"north": {"uv": [8.5, 4.5, 9, 6.75], "texture": "#2"},
				"east": {"uv": [7, 8.75, 7.5, 11], "texture": "#2"},
				"south": {"uv": [7.5, 8.75, 8, 11], "texture": "#2"},
				"west": {"uv": [8.75, 8.75, 9.25, 11], "texture": "#2"},
				"up": {"uv": [6.5, 11.5, 7, 12], "texture": "#2"},
				"down": {"uv": [7.75, 11.5, 8.25, 12], "texture": "#2"}
			}
		},
		{
			"from": [5.49867, 0.12872, 6.49762],
			"to": [6.49867, 4.62872, 9.49762],
			"rotation": {"angle": 0, "axis": "y", "origin": [6.11298, 1.87874, 8.25833]},
			"faces": {
				"north": {"uv": [4.5, 7.75, 5, 10], "texture": "#2"},
				"east": {"uv": [5.5, 5.5, 7, 7.75], "texture": "#2"},
				"south": {"uv": [5, 7.75, 5.5, 10], "texture": "#2"},
				"west": {"uv": [1.5, 6, 3, 8.25], "texture": "#2"},
				"up": {"uv": [6.5, 10, 7, 11.5], "texture": "#2"},
				"down": {"uv": [10, 1.5, 10.5, 3], "texture": "#2"}
			}
		},
		{
			"from": [10.5017, 0.12552, 6.49778],
			"to": [11.5017, 4.62552, 9.49778],
			"rotation": {"angle": 0, "axis": "y", "origin": [10.88739, 1.87554, 7.73707]},
			"faces": {
				"north": {"uv": [8.5, 0, 9, 2.25], "texture": "#2"},
				"east": {"uv": [1.5, 6, 3, 8.25], "texture": "#2"},
				"south": {"uv": [8.5, 2.25, 9, 4.5], "texture": "#2"},
				"west": {"uv": [0, 6, 1.5, 8.25], "texture": "#2"},
				"up": {"uv": [10, 3, 10.5, 4.5], "texture": "#2"},
				"down": {"uv": [10, 4.5, 10.5, 6], "texture": "#2"}
			}
		}
	],
	"display": {
		"thirdperson_righthand": {
			"rotation": [90, 0, 0],
			"translation": [-5.75, -2, 48.25],
			"scale": [1.5, 1.5, 1.5]
		},
		"thirdperson_lefthand": {
			"translation": [-1, 6, 0]
		},
		"firstperson_righthand": {
			"rotation": [0, -142, 0],
			"translation": [2.25, 7.25, -1]
		},
		"firstperson_lefthand": {
			"rotation": [0, -142, 0],
			"translation": [2.25, 7.25, -1],
			"scale": [-1, 1, 1]
		},
		"ground": {
			"translation": [0, 5.25, 0]
		},
		"gui": {
			"rotation": [26, -51, 0],
			"translation": [0, 4.25, 0],
			"scale": [1.3, 1.3, 1.3]
		},
		"head": {
			"translation": [-1.25, -24.25, 0],
			"scale": [2.55, 2.55, 2.55]
		},
		"fixed": {
			"translation": [0, 4.5, -1.75],
			"scale": [1.3, 1.3, 1.3]
		}
	},
	"groups": [
		{
			"name": "group",
			"origin": [9, -4.49979, -2.00022],
			"children": []
		},
		{
			"name": "group",
			"origin": [9, -4.49979, -2.00022],
			"children": []
		}, 0, 1, 2, 3, 4, 5, 6, 7, 8, 9, 10, 11, 12, 13, 14, 15, 16, 17, 18, 19, 20, 21, 22, 23, 24, 25]
}