{
	"credit": "Made with Blockbench",
	"texture_size": [256, 256],
	"textures": {
		"1": "new/17",
		"particle": "new/17"
	},
	"elements": [
		{
			"name": "e",
			"from": [14, 0, 14],
			"to": [16, 16, 16],
			"rotation": {"angle": 0, "axis": "y", "origin": [8, 8, 22]},
			"faces": {
				"north": {"uv": [4.5, 4.5, 4.75, 6.5], "texture": "#1"},
				"east": {"uv": [4.5, 0, 4.75, 2], "texture": "#1"},
				"south": {"uv": [4.5, 2, 4.75, 4], "texture": "#1"},
				"west": {"uv": [4.75, 4.75, 5, 6.75], "texture": "#1"},
				"up": {"uv": [4.5, 6.5, 4.75, 6.75], "texture": "#1"},
				"down": {"uv": [4.5, 6.75, 4.75, 7], "texture": "#1"}
			}
		},
		{
			"name": "e",
			"from": [14, 0, 2],
			"to": [16, 2, 14],
			"rotation": {"angle": 0, "axis": "y", "origin": [8, 8, 22]},
			"faces": {
				"north": {"uv": [4.75, 7, 5, 7.25], "texture": "#1"},
				"east": {"uv": [4.5, 4, 6, 4.25], "texture": "#1"},
				"south": {"uv": [5, 7, 5.25, 7.25], "texture": "#1"},
				"west": {"uv": [4.5, 4.25, 6, 4.5], "texture": "#1"},
				"up": {"uv": [5.75, 0, 6, 1.5], "texture": "#1"},
				"down": {"uv": [5.75, 1.5, 6, 3], "texture": "#1"}
			}
		},
		{
			"name": "e",
			"from": [14, 14, 2],
			"to": [16, 16, 14],
			"rotation": {"angle": 0, "axis": "y", "origin": [8, 8, 22]},
			"faces": {
				"north": {"uv": [4.5, 7.25, 4.75, 7.5], "texture": "#1"},
				"east": {"uv": [4.75, 4.5, 6.25, 4.75], "texture": "#1"},
				"south": {"uv": [4.75, 7.25, 5, 7.5], "texture": "#1"},
				"west": {"uv": [5, 4.75, 6.5, 5], "texture": "#1"},
				"up": {"uv": [0, 6, 0.25, 7.5], "texture": "#1"},
				"down": {"uv": [0.25, 6, 0.5, 7.5], "texture": "#1"}
			}
		},
		{
			"name": "e",
			"from": [14, 0, 0],
			"to": [16, 16, 2],
			"faces": {
				"north": {"uv": [4.75, 0, 5, 2], "texture": "#1"},
				"east": {"uv": [4.75, 2, 5, 4], "texture": "#1"},
				"south": {"uv": [5, 5, 5.25, 7], "texture": "#1"},
				"west": {"uv": [5, 0, 5.25, 2], "texture": "#1"},
				"up": {"uv": [4.75, 6.75, 5, 7], "texture": "#1"},
				"down": {"uv": [4.5, 7, 4.75, 7.25], "texture": "#1"}
			}
		},
		{
			"name": "e",
			"from": [13.5, 2, 2],
			"to": [15.5, 14, 14],
			"faces": {
				"north": {"uv": [0.5, 6, 0.75, 7.5], "texture": "#1"},
				"east": {"uv": [0, 0, 1.5, 1.5], "texture": "#1"},
				"south": {"uv": [0.75, 6, 1, 7.5], "texture": "#1"},
				"west": {"uv": [0, 1.5, 1.5, 3], "texture": "#1"},
				"up": {"uv": [1, 6, 1.25, 7.5], "texture": "#1"},
				"down": {"uv": [1.25, 6, 1.5, 7.5], "texture": "#1"}
			}
		},
		{
			"name": "e",
			"from": [0, 0, 14],
			"to": [2, 16, 16],
			"rotation": {"angle": 0, "axis": "y", "origin": [8, 8, 22]},
			"faces": {
				"north": {"uv": [5, 2, 5.25, 4], "texture": "#1"},
				"east": {"uv": [5.25, 5.25, 5.5, 7.25], "texture": "#1"},
				"south": {"uv": [5.25, 0, 5.5, 2], "texture": "#1"},
				"west": {"uv": [5.25, 2, 5.5, 4], "texture": "#1"},
				"up": {"uv": [5, 7.25, 5.25, 7.5], "texture": "#1"},
				"down": {"uv": [5.25, 7.25, 5.5, 7.5], "texture": "#1"}
			}
		},
		{
			"name": "e",
			"from": [0, 0, 2],
			"to": [2, 2, 14],
			"rotation": {"angle": 0, "axis": "y", "origin": [8, 8, 22]},
			"faces": {
				"north": {"uv": [7.25, 3, 7.5, 3.25], "texture": "#1"},
				"east": {"uv": [5.25, 5, 6.75, 5.25], "texture": "#1"},
				"south": {"uv": [7.25, 3.25, 7.5, 3.5], "texture": "#1"},
				"west": {"uv": [5.5, 5.25, 7, 5.5], "texture": "#1"},
				"up": {"uv": [1.5, 6, 1.75, 7.5], "texture": "#1"},
				"down": {"uv": [1.75, 6, 2, 7.5], "texture": "#1"}
			}
		},
		{
			"name": "e",
			"from": [0, 14, 2],
			"to": [2, 16, 14],
			"rotation": {"angle": 0, "axis": "y", "origin": [8, 8, 22]},
			"faces": {
				"north": {"uv": [7.25, 3.5, 7.5, 3.75], "texture": "#1"},
				"east": {"uv": [5.75, 3, 7.25, 3.25], "texture": "#1"},
				"south": {"uv": [7.25, 3.75, 7.5, 4], "texture": "#1"},
				"west": {"uv": [5.75, 3.25, 7.25, 3.5], "texture": "#1"},
				"up": {"uv": [2, 6, 2.25, 7.5], "texture": "#1"},
				"down": {"uv": [2.25, 6, 2.5, 7.5], "texture": "#1"}
			}
		},
		{
			"name": "e",
			"from": [0, 0, 0],
			"to": [2, 16, 2],
			"faces": {
				"north": {"uv": [5.5, 5.5, 5.75, 7.5], "texture": "#1"},
				"east": {"uv": [5.5, 0, 5.75, 2], "texture": "#1"},
				"south": {"uv": [5.5, 2, 5.75, 4], "texture": "#1"},
				"west": {"uv": [5.75, 5.75, 6, 7.75], "texture": "#1"},
				"up": {"uv": [7.25, 5.5, 7.5, 5.75], "texture": "#1"},
				"down": {"uv": [0, 7.5, 0.25, 7.75], "texture": "#1"}
			}
		},
		{
			"name": "e",
			"from": [0.5, 2, 2],
			"to": [2.5, 14, 14],
			"faces": {
				"north": {"uv": [2.5, 6, 2.75, 7.5], "texture": "#1"},
				"east": {"uv": [1.5, 1.5, 3, 3], "texture": "#1"},
				"south": {"uv": [2.75, 6, 3, 7.5], "texture": "#1"},
				"west": {"uv": [1.5, 0, 3, 1.5], "texture": "#1"},
				"up": {"uv": [3, 6, 3.25, 7.5], "texture": "#1"},
				"down": {"uv": [3.25, 6, 3.5, 7.5], "texture": "#1"}
			}
		},
		{
			"name": "e",
			"from": [2, 0, 0],
			"to": [14, 2, 2],
			"rotation": {"angle": 0, "axis": "y", "origin": [-6, 8, 8]},
			"faces": {
				"north": {"uv": [5.75, 3.5, 7.25, 3.75], "texture": "#1"},
				"east": {"uv": [0.25, 7.5, 0.5, 7.75], "texture": "#1"},
				"south": {"uv": [5.75, 3.75, 7.25, 4], "texture": "#1"},
				"west": {"uv": [0.5, 7.5, 0.75, 7.75], "texture": "#1"},
				"up": {"uv": [5.75, 5.5, 7.25, 5.75], "texture": "#1"},
				"down": {"uv": [6, 6, 7.5, 6.25], "texture": "#1"}
			}
		},
		{
			"name": "e",
			"from": [2, 14, 0],
			"to": [14, 16, 2],
			"rotation": {"angle": 0, "axis": "y", "origin": [-6, 8, 8]},
			"faces": {
				"north": {"uv": [6, 0, 7.5, 0.25], "texture": "#1"},
				"east": {"uv": [0.75, 7.5, 1, 7.75], "texture": "#1"},
				"south": {"uv": [6, 0.25, 7.5, 0.5], "texture": "#1"},
				"west": {"uv": [1, 7.5, 1.25, 7.75], "texture": "#1"},
				"up": {"uv": [6, 0.5, 7.5, 0.75], "texture": "#1"},
				"down": {"uv": [6, 0.75, 7.5, 1], "texture": "#1"}
			}
		},
		{
			"name": "e",
			"from": [2, 2, 0.5],
			"to": [14, 14, 2.5],
			"faces": {
				"north": {"uv": [0, 3, 1.5, 4.5], "texture": "#1"},
				"east": {"uv": [3.5, 6, 3.75, 7.5], "texture": "#1"},
				"south": {"uv": [1.5, 3, 3, 4.5], "texture": "#1"},
				"west": {"uv": [3.75, 6, 4, 7.5], "texture": "#1"},
				"up": {"uv": [6, 1, 7.5, 1.25], "texture": "#1"},
				"down": {"uv": [6, 1.25, 7.5, 1.5], "texture": "#1"}
			}
		},
		{
			"name": "e",
			"from": [2, 0, 14],
			"to": [14, 2, 16],
			"rotation": {"angle": 0, "axis": "y", "origin": [-6, 8, 8]},
			"faces": {
				"north": {"uv": [6, 1.5, 7.5, 1.75], "texture": "#1"},
				"east": {"uv": [1.25, 7.5, 1.5, 7.75], "texture": "#1"},
				"south": {"uv": [6, 1.75, 7.5, 2], "texture": "#1"},
				"west": {"uv": [1.5, 7.5, 1.75, 7.75], "texture": "#1"},
				"up": {"uv": [6, 2, 7.5, 2.25], "texture": "#1"},
				"down": {"uv": [6, 2.25, 7.5, 2.5], "texture": "#1"}
			}
		},
		{
			"name": "e",
			"from": [2, 14, 14],
			"to": [14, 16, 16],
			"rotation": {"angle": 0, "axis": "y", "origin": [-6, 8, 8]},
			"faces": {
				"north": {"uv": [6, 2.5, 7.5, 2.75], "texture": "#1"},
				"east": {"uv": [1.75, 7.5, 2, 7.75], "texture": "#1"},
				"south": {"uv": [6, 2.75, 7.5, 3], "texture": "#1"},
				"west": {"uv": [2, 7.5, 2.25, 7.75], "texture": "#1"},
				"up": {"uv": [6, 4, 7.5, 4.25], "texture": "#1"},
				"down": {"uv": [6, 4.25, 7.5, 4.5], "texture": "#1"}
			}
		},
		{
			"name": "e",
			"from": [2, 2, 13.5],
			"to": [14, 14, 15.5],
			"faces": {
				"north": {"uv": [3, 3, 4.5, 4.5], "texture": "#1"},
				"east": {"uv": [4, 6, 4.25, 7.5], "texture": "#1"},
				"south": {"uv": [3, 0, 4.5, 1.5], "texture": "#1"},
				"west": {"uv": [4.25, 6, 4.5, 7.5], "texture": "#1"},
				"up": {"uv": [6, 5.75, 7.5, 6], "texture": "#1"},
				"down": {"uv": [6, 6.25, 7.5, 6.5], "texture": "#1"}
			}
		},
		{
			"name": "e",
			"from": [2, 13.5, 2],
			"to": [14, 15.5, 14],
			"faces": {
				"north": {"uv": [6.25, 4.5, 7.75, 4.75], "texture": "#1"},
				"east": {"uv": [6, 6.5, 7.5, 6.75], "texture": "#1"},
				"south": {"uv": [6.5, 4.75, 8, 5], "texture": "#1"},
				"west": {"uv": [6, 6.75, 7.5, 7], "texture": "#1"},
				"up": {"uv": [3, 1.5, 4.5, 3], "texture": "#1"},
				"down": {"uv": [0, 4.5, 1.5, 6], "texture": "#1"}
			}
		},
		{
			"name": "e",
			"from": [2, 0.5, 2],
			"to": [14, 2.5, 14],
			"faces": {
				"north": {"uv": [6.75, 5, 8.25, 5.25], "texture": "#1"},
				"east": {"uv": [6, 7, 7.5, 7.25], "texture": "#1"},
				"south": {"uv": [7, 5.25, 8.5, 5.5], "texture": "#1"},
				"west": {"uv": [6, 7.25, 7.5, 7.5], "texture": "#1"},
				"up": {"uv": [1.5, 4.5, 3, 6], "texture": "#1"},
				"down": {"uv": [3, 4.5, 4.5, 6], "texture": "#1"}
			}
		}
	],
	"display": {
		"thirdperson_righthand": {
			"rotation": [90, 0, 0],
			"translation": [-6, -2, 44]
		},
		"thirdperson_lefthand": {
			"translation": [0, 4, 0],
			"scale": [0.5, 0.5, 0.5]
		},
		"firstperson_righthand": {
			"rotation": [18.5, 11, 0],
			"translation": [0, 4, 0],
			"scale": [0.5, 0.5, 0.5]
		},
		"firstperson_lefthand": {
			"rotation": [18.5, 11, 0],
			"translation": [0, 4, 0],
			"scale": [0.5, 0.5, 0.5]
		},
		"ground": {
			"translation": [0, 6.25, 0]
		},
		"gui": {
			"rotation": [34, 45, 0],
			"scale": [0.5, 0.5, 0.5]
		},
		"head": {
			"translation": [0, -31.25, 0],
			"scale": [1.7, 1.7, 1.7]
		}
	},
	"groups": [
		{
			"name": "group",
			"origin": [8, 8, 8],
			"children": [0, 1, 2, 3, 4]
		},
		{
			"name": "group",
			"origin": [8, 8, 8],
			"children": [5, 6, 7, 8, 9]
		},
		{
			"name": "group",
			"origin": [8, 8, 8],
			"children": [10, 11, 12]
		},
		{
			"name": "group",
			"origin": [8, 8, 8],
			"children": [13, 14, 15, 16, 17]
		}
	]
}