{
	"credit": "Made with Blockbench",
	"texture_size": [128, 128],
	"textures": {
		"0": "new/3",
		"particle": "new/3"
	},
	"elements": [
		{
			"from": [3.5, 0.125, 3.5],
			"to": [12.5, 0.625, 12.5],
			"rotation": {"angle": 0, "axis": "y", "origin": [15, 8.125, 15]},
			"faces": {
				"north": {"uv": [8.5, 6.875, 10.75, 7], "texture": "#0"},
				"east": {"uv": [8.5, 7, 10.75, 7.125], "texture": "#0"},
				"south": {"uv": [8.75, 1.875, 11, 2], "texture": "#0"},
				"west": {"uv": [8.75, 2, 11, 2.125], "texture": "#0"},
				"up": {"uv": [0, 0, 2.25, 2.25], "texture": "#0"},
				"down": {"uv": [0, 2.25, 2.25, 4.5], "texture": "#0"}
			}
		},
		{
			"from": [7, 4.25, 5.5],
			"to": [9, 5.5, 10.5],
			"rotation": {"angle": 0, "axis": "y", "origin": [8.49913, 4.50087, 8.5]},
			"faces": {
				"north": {"uv": [8, 9.75, 8.5, 10.125], "texture": "#0"},
				"east": {"uv": [8.5, 2.875, 9.75, 3.25], "texture": "#0"},
				"south": {"uv": [8.5, 9.75, 9, 10.125], "texture": "#0"},
				"west": {"uv": [8.5, 3.25, 9.75, 3.625], "texture": "#0"},
				"up": {"uv": [1.75, 6.75, 2.25, 8], "texture": "#0"},
				"down": {"uv": [4.25, 7, 4.75, 8.25], "texture": "#0"}
			}
		},
		{
			"from": [5.5, 4.25, 7],
			"to": [10.5, 5.5, 9],
			"rotation": {"angle": 0, "axis": "y", "origin": [8.49913, 4.50087, 8.5]},
			"faces": {
				"north": {"uv": [8.5, 3.625, 9.75, 4], "texture": "#0"},
				"east": {"uv": [9, 9.75, 9.5, 10.125], "texture": "#0"},
				"south": {"uv": [8.5, 4, 9.75, 4.375], "texture": "#0"},
				"west": {"uv": [9.5, 9.75, 10, 10.125], "texture": "#0"},
				"up": {"uv": [7.5, 0.75, 8.75, 1.25], "texture": "#0"},
				"down": {"uv": [7.5, 1.25, 8.75, 1.75], "texture": "#0"}
			}
		},
		{
			"from": [6, 4.25, 6.5],
			"to": [10, 5.5, 9.5],
			"rotation": {"angle": 0, "axis": "y", "origin": [8.49913, 4.50087, 8.5]},
			"faces": {
				"north": {"uv": [1, 9.125, 2, 9.5], "texture": "#0"},
				"east": {"uv": [9.25, 6, 10, 6.375], "texture": "#0"},
				"south": {"uv": [7.25, 9.125, 8.25, 9.5], "texture": "#0"},
				"west": {"uv": [9.25, 7.875, 10, 8.25], "texture": "#0"},
				"up": {"uv": [3.75, 2.75, 4.75, 3.5], "texture": "#0"},
				"down": {"uv": [6.5, 1, 7.5, 1.75], "texture": "#0"}
			}
		},
		{
			"from": [6.5, 4.25, 6],
			"to": [9.5, 5.5, 10],
			"rotation": {"angle": 0, "axis": "y", "origin": [8.49913, 4.50087, 8.5]},
			"faces": {
				"north": {"uv": [2.5, 9.375, 3.25, 9.75], "texture": "#0"},
				"east": {"uv": [3.25, 9.25, 4.25, 9.625], "texture": "#0"},
				"south": {"uv": [8.25, 9.375, 9, 9.75], "texture": "#0"},
				"west": {"uv": [4.25, 9.25, 5.25, 9.625], "texture": "#0"},
				"up": {"uv": [1, 6.75, 1.75, 7.75], "texture": "#0"},
				"down": {"uv": [5.75, 6.75, 6.5, 7.75], "texture": "#0"}
			}
		},
		{
			"from": [7, 5.5, 6],
			"to": [9, 6.75, 10],
			"rotation": {"angle": 0, "axis": "y", "origin": [8.99913, 6.50087, 8.5]},
			"faces": {
				"north": {"uv": [9.75, 0, 10.25, 0.375], "texture": "#0"},
				"east": {"uv": [5.25, 9.25, 6.25, 9.625], "texture": "#0"},
				"south": {"uv": [9.75, 0.375, 10.25, 0.75], "texture": "#0"},
				"west": {"uv": [6.25, 9.25, 7.25, 9.625], "texture": "#0"},
				"up": {"uv": [6.25, 8.25, 6.75, 9.25], "texture": "#0"},
				"down": {"uv": [6.75, 8.25, 7.25, 9.25], "texture": "#0"}
			}
		},
		{
			"from": [6.5, 5.5, 6.5],
			"to": [9.5, 6.75, 9.5],
			"rotation": {"angle": 0, "axis": "y", "origin": [8.99913, 6.50087, 8.5]},
			"faces": {
				"north": {"uv": [7.25, 9.5, 8, 9.875], "texture": "#0"},
				"east": {"uv": [9.5, 4.375, 10.25, 4.75], "texture": "#0"},
				"south": {"uv": [9.5, 7.125, 10.25, 7.5], "texture": "#0"},
				"west": {"uv": [9.5, 7.5, 10.25, 7.875], "texture": "#0"},
				"up": {"uv": [5, 2, 5.75, 2.75], "texture": "#0"},
				"down": {"uv": [4.75, 7, 5.5, 7.75], "texture": "#0"}
			}
		},
		{
			"from": [6, 5.5, 7],
			"to": [10, 6.75, 9],
			"rotation": {"angle": 0, "axis": "y", "origin": [8.99913, 6.50087, 8.5]},
			"faces": {
				"north": {"uv": [9.25, 5.25, 10.25, 5.625], "texture": "#0"},
				"east": {"uv": [9.75, 3.25, 10.25, 3.625], "texture": "#0"},
				"south": {"uv": [9.25, 5.625, 10.25, 6], "texture": "#0"},
				"west": {"uv": [9.75, 3.625, 10.25, 4], "texture": "#0"},
				"up": {"uv": [4.75, 4.25, 5.75, 4.75], "texture": "#0"},
				"down": {"uv": [7.25, 8.25, 8.25, 8.75], "texture": "#0"}
			}
		},
		{
			"from": [6.5, 6.75, 7],
			"to": [9.5, 8, 9],
			"rotation": {"angle": 0, "axis": "y", "origin": [9.49913, 7.75087, 9]},
			"faces": {
				"north": {"uv": [0, 9.5, 0.75, 9.875], "texture": "#0"},
				"east": {"uv": [9.75, 0.75, 10.25, 1.125], "texture": "#0"},
				"south": {"uv": [0.75, 9.5, 1.5, 9.875], "texture": "#0"},
				"west": {"uv": [9.75, 1.125, 10.25, 1.5], "texture": "#0"},
				"up": {"uv": [9.25, 9.25, 10, 9.75], "texture": "#0"},
				"down": {"uv": [9.25, 4.75, 10, 5.25], "texture": "#0"}
			}
		},
		{
			"from": [7, 8, 7],
			"to": [9, 9.25, 9],
			"rotation": {"angle": 0, "axis": "y", "origin": [9.49913, 9.00087, 9]},
			"faces": {
				"north": {"uv": [0, 9.875, 0.5, 10.25], "texture": "#0"},
				"east": {"uv": [0.5, 9.875, 1, 10.25], "texture": "#0"},
				"south": {"uv": [1, 9.875, 1.5, 10.25], "texture": "#0"},
				"west": {"uv": [7.25, 9.875, 7.75, 10.25], "texture": "#0"},
				"up": {"uv": [1.5, 9.5, 2, 10], "texture": "#0"},
				"down": {"uv": [3.25, 9.625, 3.75, 10.125], "texture": "#0"}
			}
		},
		{
			"from": [7.375, 9.25, 7.375],
			"to": [8.625, 10.5, 8.625],
			"rotation": {"angle": 0, "axis": "y", "origin": [9.37413, 10.25087, 8.625]},
			"faces": {
				"north": {"uv": [3.75, 1, 4, 1.25], "texture": "#0"},
				"east": {"uv": [3.75, 2.25, 4, 2.5], "texture": "#0"},
				"south": {"uv": [3.75, 2.5, 4, 2.75], "texture": "#0"},
				"west": {"uv": [5.75, 4.5, 6, 4.75], "texture": "#0"},
				"up": {"uv": [6.25, 6, 6.5, 6.25], "texture": "#0"},
				"down": {"uv": [5.75, 6.5, 6, 6.75], "texture": "#0"}
			}
		},
		{
			"from": [7, 6.75, 6.5],
			"to": [9, 8, 9.5],
			"rotation": {"angle": 0, "axis": "y", "origin": [9.49913, 7.75087, 9]},
			"faces": {
				"north": {"uv": [9.75, 4, 10.25, 4.375], "texture": "#0"},
				"east": {"uv": [9.5, 8.25, 10.25, 8.625], "texture": "#0"},
				"south": {"uv": [9.75, 6.375, 10.25, 6.75], "texture": "#0"},
				"west": {"uv": [9.5, 8.625, 10.25, 9], "texture": "#0"},
				"up": {"uv": [5.75, 8.5, 6.25, 9.25], "texture": "#0"},
				"down": {"uv": [2, 9.375, 2.5, 10.125], "texture": "#0"}
			}
		},
		{
			"from": [4.5, 1.875, 7],
			"to": [11.5, 3.125, 9],
			"rotation": {"angle": 0, "axis": "y", "origin": [8.00829, 2.00001, 7.9917]},
			"faces": {
				"north": {"uv": [6.75, 2.125, 8.5, 2.5], "texture": "#0"},
				"east": {"uv": [3.75, 9.625, 4.25, 10], "texture": "#0"},
				"south": {"uv": [6.75, 2.5, 8.5, 2.875], "texture": "#0"},
				"west": {"uv": [4.25, 9.625, 4.75, 10], "texture": "#0"},
				"up": {"uv": [6, 5, 7.75, 5.5], "texture": "#0"},
				"down": {"uv": [6, 5.5, 7.75, 6], "texture": "#0"}
			}
		},
		{
			"from": [5, 1.875, 6],
			"to": [11, 3.125, 10],
			"rotation": {"angle": 0, "axis": "y", "origin": [8.00829, 2.00001, 7.9917]},
			"faces": {
				"north": {"uv": [7.75, 5.375, 9.25, 5.75], "texture": "#0"},
				"east": {"uv": [8.75, 0, 9.75, 0.375], "texture": "#0"},
				"south": {"uv": [7.75, 5.75, 9.25, 6.125], "texture": "#0"},
				"west": {"uv": [8.75, 0.375, 9.75, 0.75], "texture": "#0"},
				"up": {"uv": [3.25, 5, 4.75, 6], "texture": "#0"},
				"down": {"uv": [5, 1, 6.5, 2], "texture": "#0"}
			}
		},
		{
			"from": [6, 1.875, 5],
			"to": [10, 3.125, 11],
			"rotation": {"angle": 0, "axis": "y", "origin": [8.00829, 2.00001, 7.9917]},
			"faces": {
				"north": {"uv": [1.25, 8.75, 2.25, 9.125], "texture": "#0"},
				"east": {"uv": [4.75, 7.75, 6.25, 8.125], "texture": "#0"},
				"south": {"uv": [7.25, 8.75, 8.25, 9.125], "texture": "#0"},
				"west": {"uv": [7.75, 5, 9.25, 5.375], "texture": "#0"},
				"up": {"uv": [4.75, 2.75, 5.75, 4.25], "texture": "#0"},
				"down": {"uv": [2.25, 5, 3.25, 6.5], "texture": "#0"}
			}
		},
		{
			"from": [5.5, 1.875, 5.5],
			"to": [10.5, 3.125, 10.5],
			"rotation": {"angle": 0, "axis": "y", "origin": [8.00829, 2.00001, 7.9917]},
			"faces": {
				"north": {"uv": [8.25, 8.25, 9.5, 8.625], "texture": "#0"},
				"east": {"uv": [8.25, 7.125, 9.5, 7.5], "texture": "#0"},
				"south": {"uv": [8.25, 7.5, 9.5, 7.875], "texture": "#0"},
				"west": {"uv": [0, 8.375, 1.25, 8.75], "texture": "#0"},
				"up": {"uv": [1, 4.5, 2.25, 5.75], "texture": "#0"},
				"down": {"uv": [4.75, 4.75, 6, 6], "texture": "#0"}
			}
		},
		{
			"from": [7, 1.875, 4.5],
			"to": [9, 3.125, 11.5],
			"rotation": {"angle": 0, "axis": "y", "origin": [8.00829, 2.00001, 7.9917]},
			"faces": {
				"north": {"uv": [4.75, 9.625, 5.25, 10], "texture": "#0"},
				"east": {"uv": [6.75, 2.875, 8.5, 3.25], "texture": "#0"},
				"south": {"uv": [5.25, 9.625, 5.75, 10], "texture": "#0"},
				"west": {"uv": [6.75, 3.25, 8.5, 3.625], "texture": "#0"},
				"up": {"uv": [0, 6.25, 0.5, 8], "texture": "#0"},
				"down": {"uv": [0.5, 6.25, 1, 8], "texture": "#0"}
			}
		},
		{
			"from": [7, 0.625, 4],
			"to": [9, 1.875, 12],
			"rotation": {"angle": 0, "axis": "y", "origin": [8.26222, 0.87502, 7.98776]},
			"faces": {
				"north": {"uv": [9.75, 1.5, 10.25, 1.875], "texture": "#0"},
				"east": {"uv": [6.5, 6.75, 8.5, 7.125], "texture": "#0"},
				"south": {"uv": [9.75, 2.125, 10.25, 2.5], "texture": "#0"},
				"west": {"uv": [6.75, 0, 8.75, 0.375], "texture": "#0"},
				"up": {"uv": [3.25, 6, 3.75, 8], "texture": "#0"},
				"down": {"uv": [3.75, 6, 4.25, 8], "texture": "#0"}
			}
		},
		{
			"from": [6, 0.625, 4.5],
			"to": [10, 1.875, 11.5],
			"rotation": {"angle": 0, "axis": "y", "origin": [8.00829, 1.50001, 7.9917]},
			"faces": {
				"north": {"uv": [8.75, 1.5, 9.75, 1.875], "texture": "#0"},
				"east": {"uv": [6.5, 7.125, 8.25, 7.5], "texture": "#0"},
				"south": {"uv": [3.75, 8.875, 4.75, 9.25], "texture": "#0"},
				"west": {"uv": [6.5, 7.5, 8.25, 7.875], "texture": "#0"},
				"up": {"uv": [4, 1, 5, 2.75], "texture": "#0"},
				"down": {"uv": [0, 4.5, 1, 6.25], "texture": "#0"}
			}
		},
		{
			"from": [5.5, 0.625, 5],
			"to": [10.5, 1.875, 11],
			"rotation": {"angle": 0, "axis": "y", "origin": [8.26222, 0.87502, 7.98776]},
			"faces": {
				"north": {"uv": [8.25, 8.625, 9.5, 9], "texture": "#0"},
				"east": {"uv": [4.75, 8.125, 6.25, 8.5], "texture": "#0"},
				"south": {"uv": [0, 8.75, 1.25, 9.125], "texture": "#0"},
				"west": {"uv": [3, 8.25, 4.5, 8.625], "texture": "#0"},
				"up": {"uv": [2.25, 3.5, 3.5, 5], "texture": "#0"},
				"down": {"uv": [3.5, 3.5, 4.75, 5], "texture": "#0"}
			}
		},
		{
			"from": [5, 0.625, 5.5],
			"to": [11, 1.875, 10.5],
			"rotation": {"angle": 0, "axis": "y", "origin": [8.26222, 0.87502, 7.98776]},
			"faces": {
				"north": {"uv": [1.5, 8, 3, 8.375], "texture": "#0"},
				"east": {"uv": [8.5, 6.5, 9.75, 6.875], "texture": "#0"},
				"south": {"uv": [8, 4.375, 9.5, 4.75], "texture": "#0"},
				"west": {"uv": [2.5, 8.625, 3.75, 9], "texture": "#0"},
				"up": {"uv": [2.25, 2.25, 3.75, 3.5], "texture": "#0"},
				"down": {"uv": [2.25, 0, 3.75, 1.25], "texture": "#0"}
			}
		},
		{
			"from": [4.5, 0.625, 6],
			"to": [11.5, 1.875, 10],
			"rotation": {"angle": 0, "axis": "y", "origin": [8.00829, 1.50001, 7.9917]},
			"faces": {
				"north": {"uv": [6.75, 3.625, 8.5, 4], "texture": "#0"},
				"east": {"uv": [8.75, 0.75, 9.75, 1.125], "texture": "#0"},
				"south": {"uv": [6.75, 4, 8.5, 4.375], "texture": "#0"},
				"west": {"uv": [8.75, 1.125, 9.75, 1.5], "texture": "#0"},
				"up": {"uv": [2.25, 1.25, 4, 2.25], "texture": "#0"},
				"down": {"uv": [3.75, 0, 5.5, 1], "texture": "#0"}
			}
		},
		{
			"from": [4, 0.625, 7],
			"to": [12, 1.875, 9],
			"rotation": {"angle": 0, "axis": "y", "origin": [8.26222, 0.87502, 7.98776]},
			"faces": {
				"north": {"uv": [6.75, 0.375, 8.75, 0.75], "texture": "#0"},
				"east": {"uv": [9.75, 2.5, 10.25, 2.875], "texture": "#0"},
				"south": {"uv": [6.75, 1.75, 8.75, 2.125], "texture": "#0"},
				"west": {"uv": [9.75, 2.875, 10.25, 3.25], "texture": "#0"},
				"up": {"uv": [4.25, 6, 6.25, 6.5], "texture": "#0"},
				"down": {"uv": [6, 4.5, 8, 5], "texture": "#0"}
			}
		},
		{
			"from": [5, 3, 7],
			"to": [11, 4.25, 9],
			"rotation": {"angle": 0, "axis": "y", "origin": [7.99913, 3.25087, 8]},
			"faces": {
				"north": {"uv": [7.75, 6.125, 9.25, 6.5], "texture": "#0"},
				"east": {"uv": [5.75, 9.625, 6.25, 10], "texture": "#0"},
				"south": {"uv": [6.25, 7.875, 7.75, 8.25], "texture": "#0"},
				"west": {"uv": [6.25, 9.625, 6.75, 10], "texture": "#0"},
				"up": {"uv": [6.25, 6.25, 7.75, 6.75], "texture": "#0"},
				"down": {"uv": [4.25, 6.5, 5.75, 7], "texture": "#0"}
			}
		},
		{
			"from": [7, 3, 5],
			"to": [9, 4.25, 11],
			"rotation": {"angle": 0, "axis": "y", "origin": [7.99913, 3.25087, 8]},
			"faces": {
				"north": {"uv": [6.75, 9.625, 7.25, 10], "texture": "#0"},
				"east": {"uv": [7.75, 7.875, 9.25, 8.25], "texture": "#0"},
				"south": {"uv": [2.5, 9.75, 3, 10.125], "texture": "#0"},
				"west": {"uv": [0, 8, 1.5, 8.375], "texture": "#0"},
				"up": {"uv": [2.25, 6.5, 2.75, 8], "texture": "#0"},
				"down": {"uv": [2.75, 6.5, 3.25, 8], "texture": "#0"}
			}
		},
		{
			"from": [6, 3, 5.5],
			"to": [10, 4.25, 10.5],
			"rotation": {"angle": 0, "axis": "y", "origin": [7.99913, 3.25087, 8]},
			"faces": {
				"north": {"uv": [8.25, 9, 9.25, 9.375], "texture": "#0"},
				"east": {"uv": [8.5, 2.125, 9.75, 2.5], "texture": "#0"},
				"south": {"uv": [0, 9.125, 1, 9.5], "texture": "#0"},
				"west": {"uv": [8.5, 2.5, 9.75, 2.875], "texture": "#0"},
				"up": {"uv": [5.75, 2, 6.75, 3.25], "texture": "#0"},
				"down": {"uv": [5.75, 3.25, 6.75, 4.5], "texture": "#0"}
			}
		},
		{
			"from": [5.5, 3, 6],
			"to": [10.5, 4.25, 10],
			"rotation": {"angle": 0, "axis": "y", "origin": [7.99913, 3.25087, 8]},
			"faces": {
				"north": {"uv": [1.25, 8.375, 2.5, 8.75], "texture": "#0"},
				"east": {"uv": [4.75, 8.875, 5.75, 9.25], "texture": "#0"},
				"south": {"uv": [4.5, 8.5, 5.75, 8.875], "texture": "#0"},
				"west": {"uv": [2.25, 9, 3.25, 9.375], "texture": "#0"},
				"up": {"uv": [5.5, 0, 6.75, 1], "texture": "#0"},
				"down": {"uv": [1, 5.75, 2.25, 6.75], "texture": "#0"}
			}
		}
	],
	"display": {
		"thirdperson_righthand": {
			"translation": [0, 7, 0]
		},
		"thirdperson_lefthand": {
			"translation": [0, 7, 0]
		},
		"firstperson_righthand": {
			"rotation": [45, -4, -2],
			"translation": [0, 5.5, 1.5]
		},
		"firstperson_lefthand": {
			"rotation": [45, -4, -2],
			"translation": [0, 5.5, 1.5]
		},
		"ground": {
			"translation": [0, 5, 0]
		},
		"gui": {
			"rotation": [27, 45, 0],
			"translation": [0, 3.5, 0]
		},
		"head": {
			"translation": [0, -29, 0],
			"scale": [2, 2, 2]
		},
		"fixed": {
			"translation": [0, 4.5, 0],
			"scale": [1.5, 1.5, 1.5]
		}
	},
	"groups": [0, 1, 2, 3, 4, 5, 6, 7, 8, 9, 10, 11,
		{
			"name": "we",
			"origin": [8.00829, 3.50001, 7.9917],
			"children": [12, 13, 14, 15, 16]
		},
		{
			"name": "er",
			"origin": [8.26222, 0.87502, 7.98776],
			"children": [17, 18, 19, 20, 21, 22]
		},
		{
			"name": "group",
			"origin": [7.99913, 3.25087, 8],
			"children": [23, 24, 25, 26]
		}
	]
}