{
	"credit": "Made with Blockbench",
	"texture_size": [64, 64],
	"textures": {
		"0": "new/18",
		"particle": "new/18"
	},
	"elements": [
		{
			"name": "e",
			"from": [0, 1.5, 0],
			"to": [16, 3.5, 16],
			"rotation": {"angle": 0, "axis": "y", "origin": [8, 7.5, 8]},
			"faces": {
				"north": {"uv": [2, 10.5, 6, 11], "texture": "#0"},
				"east": {"uv": [2, 11, 6, 11.5], "texture": "#0"},
				"south": {"uv": [2, 11.5, 6, 12], "texture": "#0"},
				"west": {"uv": [2, 12, 6, 12.5], "texture": "#0"},
				"up": {"uv": [4.25, 0, 8.25, 4], "texture": "#0"},
				"down": {"uv": [0, 5.25, 4, 9.25], "texture": "#0"}
			}
		},
		{
			"name": "e",
			"from": [-0.5, 2.75, -0.5],
			"to": [16.5, 6.75, 13],
			"rotation": {"angle": 0, "axis": "y", "origin": [8, 7.5, 8]},
			"faces": {
				"north": {"uv": [8.5, 3.5, 12.75, 4.5], "texture": "#0"},
				"east": {"uv": [8.5, 7.5, 12, 8.5], "texture": "#0"},
				"south": {"uv": [8.5, 4.5, 12.75, 5.5], "texture": "#0"},
				"west": {"uv": [2, 9.5, 5.5, 10.5], "texture": "#0"},
				"up": {"uv": [8.25, 0, 12.5, 3.5], "texture": "#0"},
				"down": {"uv": [8.5, 8.5, 12.75, 12], "texture": "#0"}
			}
		},
		{
			"name": "e",
			"from": [-0.5, 2.75, 13],
			"to": [16.5, 23.5, 17],
			"rotation": {"angle": 0, "axis": "y", "origin": [8, 7.5, 8]},
			"faces": {
				"north": {"uv": [0, 0, 4.25, 5.25], "texture": "#0"},
				"east": {"uv": [0, 9.25, 1, 14.5], "texture": "#0"},
				"south": {"uv": [4.25, 4.25, 8.5, 9.5], "texture": "#0"},
				"west": {"uv": [1, 9.25, 2, 14.5], "texture": "#0"},
				"up": {"uv": [8.5, 5.5, 12.75, 6.5], "texture": "#0"},
				"down": {"uv": [8.5, 6.5, 12.75, 7.5], "texture": "#0"}
			}
		},
		{
			"name": "e",
			"from": [14, 0, 0],
			"to": [16, 1.5, 2],
			"rotation": {"angle": 0, "axis": "y", "origin": [8, 7.5, 8]},
			"faces": {
				"north": {"uv": [5.5, 9.5, 6, 10], "texture": "#0"},
				"east": {"uv": [6, 9.5, 6.5, 10], "texture": "#0"},
				"south": {"uv": [6.5, 9.5, 7, 10], "texture": "#0"},
				"west": {"uv": [7, 9.5, 7.5, 10], "texture": "#0"},
				"up": {"uv": [7.5, 9.5, 8, 10], "texture": "#0"},
				"down": {"uv": [8, 9.5, 8.5, 10], "texture": "#0"}
			}
		},
		{
			"name": "e",
			"from": [14, 0, 14],
			"to": [16, 1.5, 16],
			"rotation": {"angle": 0, "axis": "y", "origin": [8, 7.5, 8]},
			"faces": {
				"north": {"uv": [6.5, 11, 7, 11.5], "texture": "#0"},
				"east": {"uv": [7, 11, 7.5, 11.5], "texture": "#0"},
				"south": {"uv": [7.5, 11, 8, 11.5], "texture": "#0"},
				"west": {"uv": [8, 11, 8.5, 11.5], "texture": "#0"},
				"up": {"uv": [6, 11.5, 6.5, 12], "texture": "#0"},
				"down": {"uv": [6.5, 11.5, 7, 12], "texture": "#0"}
			}
		},
		{
			"name": "e",
			"from": [0, 0, 0],
			"to": [2, 1.5, 2],
			"rotation": {"angle": 0, "axis": "y", "origin": [8, 7.5, 8]},
			"faces": {
				"north": {"uv": [5.5, 10, 6, 10.5], "texture": "#0"},
				"east": {"uv": [6, 10, 6.5, 10.5], "texture": "#0"},
				"south": {"uv": [6.5, 10, 7, 10.5], "texture": "#0"},
				"west": {"uv": [7, 10, 7.5, 10.5], "texture": "#0"},
				"up": {"uv": [7.5, 10, 8, 10.5], "texture": "#0"},
				"down": {"uv": [8, 10, 8.5, 10.5], "texture": "#0"}
			}
		},
		{
			"name": "e",
			"from": [0, 0, 14],
			"to": [2, 1.5, 16],
			"rotation": {"angle": 0, "axis": "y", "origin": [8, 7.5, 8]},
			"faces": {
				"north": {"uv": [6, 10.5, 6.5, 11], "texture": "#0"},
				"east": {"uv": [6.5, 10.5, 7, 11], "texture": "#0"},
				"south": {"uv": [7, 10.5, 7.5, 11], "texture": "#0"},
				"west": {"uv": [7.5, 10.5, 8, 11], "texture": "#0"},
				"up": {"uv": [8, 10.5, 8.5, 11], "texture": "#0"},
				"down": {"uv": [6, 11, 6.5, 11.5], "texture": "#0"}
			}
		}
	],
	"display": {
		"thirdperson_righthand": {
			"rotation": [90, 0, 0],
			"translation": [-6, -2, 44]
		},
		"thirdperson_lefthand": {
			"translation": [0, 3.25, 0],
			"scale": [0.5, 0.5, 0.5]
		},
		"firstperson_righthand": {
			"rotation": [0, 124, 0],
			"translation": [2.25, 3.25, -3.25],
			"scale": [0.5, 0.5, 0.5]
		},
		"firstperson_lefthand": {
			"rotation": [0, 124, 0],
			"translation": [2.25, 3.25, -3.25],
			"scale": [0.5, 0.5, 0.5]
		},
		"ground": {
			"translation": [0, 1, 0],
			"scale": [0.5, 0.5, 0.5]
		},
		"gui": {
			"rotation": [26, 143, 0],
			"translation": [0, -1.75, 0],
			"scale": [0.5, 0.5, 0.5]
		},
		"head": {
			"translation": [0, -31.5, 0],
			"scale": [1.7, 1.7, 1.7]
		},
		"fixed": {
			"translation": [0, -2.75, -5.75],
			"scale": [0.7, 0.7, 0.7]
		}
	}
}