{
	"credit": "Made with Blockbench",
	"texture_size": [32, 32],
	"textures": {
		"0": "new/p1",
		"1": "new/ban",
		"particle": "new/p1"
	},
	"elements": [
		{
			"from": [29, 0, 7.23],
			"to": [31.8, 30.8, 8.63],
			"rotation": {"angle": 0, "axis": "y", "origin": [8, 25.2, 31.03]},
			"faces": {
				"north": {"uv": [0, 2, 0.5, 7.5], "texture": "#1"},
				"east": {"uv": [2, 3, 2.25, 8.5], "texture": "#1"},
				"south": {"uv": [0.5, 2, 1, 7.5], "texture": "#1"},
				"west": {"uv": [2.25, 3, 2.5, 8.5], "texture": "#1"},
				"up": {"uv": [3, 3, 3.5, 3.25], "texture": "#1"},
				"down": {"uv": [3, 3.25, 3.5, 3.5], "texture": "#1"}
			}
		},
		{
			"from": [-13, 28, 7.23],
			"to": [29, 30.8, 8.63],
			"rotation": {"angle": 0, "axis": "y", "origin": [8, 25.2, 31.03]},
			"faces": {
				"north": {"uv": [0, 0, 7.5, 0.5], "texture": "#1"},
				"east": {"uv": [3, 3.5, 3.25, 4], "texture": "#1"},
				"south": {"uv": [0, 0.5, 7.5, 1], "texture": "#1"},
				"west": {"uv": [3.25, 3.5, 3.5, 4], "texture": "#1"},
				"up": {"uv": [2, 2, 9.5, 2.25], "texture": "#1"},
				"down": {"uv": [2, 2.25, 9.5, 2.5], "texture": "#1"}
			}
		},
		{
			"from": [-13, 0, 7.23],
			"to": [29, 2.8, 8.63],
			"rotation": {"angle": 0, "axis": "y", "origin": [8, 25.2, 31.03]},
			"faces": {
				"north": {"uv": [0, 1, 7.5, 1.5], "texture": "#1"},
				"east": {"uv": [3.5, 3.75, 3.75, 4.25], "texture": "#1"},
				"south": {"uv": [0, 1.5, 7.5, 2], "texture": "#1"},
				"west": {"uv": [3.75, 3.75, 4, 4.25], "texture": "#1"},
				"up": {"uv": [2, 2.5, 9.5, 2.75], "texture": "#1"},
				"down": {"uv": [2, 2.75, 9.5, 3], "texture": "#1"}
			}
		},
		{
			"from": [-15.8, 0, 7.23],
			"to": [-13, 30.8, 8.63],
			"rotation": {"angle": 0, "axis": "y", "origin": [8, 25.2, 31.03]},
			"faces": {
				"north": {"uv": [1, 2, 1.5, 7.5], "texture": "#1"},
				"east": {"uv": [2.5, 3, 2.75, 8.5], "texture": "#1"},
				"south": {"uv": [1.5, 2, 2, 7.5], "texture": "#1"},
				"west": {"uv": [2.75, 3, 3, 8.5], "texture": "#1"},
				"up": {"uv": [3.5, 3.5, 4, 3.75], "texture": "#1"},
				"down": {"uv": [3.5, 3, 4, 3.25], "texture": "#1"}
			}
		},
		{
			"from": [-13, 2.8, 7.93],
			"to": [29, 28, 8.63],
			"shade": false,
			"rotation": {"angle": 0, "axis": "y", "origin": [8, 25.2, 31.03]},
			"faces": {
				"north": {"uv": [0, 0, 15.949, 8.9335], "texture": "#0"},
				"east": {"uv": [15, 0.25, 15.25, 9.25], "texture": "#0"},
				"south": {"uv": [0, 9, 15, 18], "texture": "#0"},
				"west": {"uv": [15, 15.25, 15.25, 24.25], "texture": "#0"},
				"up": {"uv": [15, 15, 30, 15.25], "texture": "#0"},
				"down": {"uv": [15, 0, 30, 0.25], "texture": "#0"}
			}
		}
	],
	"display":  {
		"firstperson_righthand": {
			"rotation": [0, 163.5, 0],
			"translation": [0, 3, -0.5],
			"scale": [0.2, 0.2, 0.2]
		},
		"firstperson_lefthand": {
			"rotation": [0, 163.5, 0],
			"translation": [0, 3, -0.5],
			"scale": [0.2, 0.2, 0.2]
		},
		"gui": {
			"rotation": [15, -149, 0],
			"translation": [0, -3, 0],
			"scale": [0.33398, 0.34766, 1]
		},
		"fixed": {
			"translation": [0, -0.25, -63.75],
			"scale": [2, 2, 2]
		}
	}
}