{
	"credit": "Made with Blockbench",
	"texture_size": [128, 128],
	"textures": {
		"4": "new/scarecrow",
		"particle": "new/scarecrow"
	},
	"elements": [
		{
			"name": "er",
			"from": [5.75, 10.875, 5.75],
			"to": [10.375, 19.375, 10.25],
			"rotation": {"angle": 0, "axis": "y", "origin": [9, 17.75, 6.125]},
			"faces": {
				"north": {"uv": [5.5, 4.375, 4.375, 6.5], "texture": "#4"},
				"east": {"uv": [4.625, 0, 3.5, 2.125], "texture": "#4"},
				"south": {"uv": [4.375, 3.375, 3.25, 5.5], "texture": "#4"},
				"west": {"uv": [5.5, 2.125, 4.375, 4.25], "texture": "#4"},
				"up": {"uv": [6, 1.125, 7.125, 0], "texture": "#4"},
				"down": {"uv": [1, 7.75, 2.125, 6.625], "texture": "#4"}
			}
		},
		{
			"name": "er",
			"from": [4.4375, 11.875, 5],
			"to": [11.5625, 18.375, 11.25],
			"rotation": {"angle": 0, "axis": "y", "origin": [9.1875, 17.75, 6.625]},
			"faces": {
				"north": {"uv": [1.75, 1.625, 0, 3.25], "texture": "#4"},
				"east": {"uv": [1.625, 3.25, 0, 4.875], "texture": "#4"},
				"south": {"uv": [1.75, 0, 0, 1.625], "texture": "#4"},
				"west": {"uv": [3.25, 3.375, 1.625, 5], "texture": "#4"},
				"up": {"uv": [1.75, 3.375, 3.5, 1.75], "texture": "#4"},
				"down": {"uv": [1.75, 1.625, 3.5, 0], "texture": "#4"}
			}
		},
		{
			"name": "er",
			"from": [7.1875, 16, 4.5],
			"to": [8.8125, 17.625, 5],
			"rotation": {"angle": 0, "axis": "y", "origin": [8.6875, 16, 0.875]},
			"faces": {
				"north": {"uv": [4.25, 2.875, 3.875, 3.25], "texture": "#4"},
				"east": {"uv": [4.375, 2.125, 4.25, 2.5], "texture": "#4"},
				"south": {"uv": [3.875, 2.875, 3.5, 3.25], "texture": "#4"},
				"west": {"uv": [4.375, 2.5, 4.25, 2.875], "texture": "#4"},
				"up": {"uv": [1.75, 1.75, 2.125, 1.625], "texture": "#4"},
				"down": {"uv": [2.125, 1.75, 2.5, 1.625], "texture": "#4"}
			}
		},
		{
			"name": "er",
			"from": [7.1875, 13.5, 4.5],
			"to": [8.8125, 15.125, 5],
			"rotation": {"angle": 0, "axis": "y", "origin": [8.6875, 13.5, 0.875]},
			"faces": {
				"north": {"uv": [6.25, 5.125, 5.875, 5.5], "texture": "#4"},
				"east": {"uv": [4.375, 2.875, 4.25, 3.25], "texture": "#4"},
				"south": {"uv": [5.875, 5.125, 5.5, 5.5], "texture": "#4"},
				"west": {"uv": [5.5, 1.375, 5.375, 1.75], "texture": "#4"},
				"up": {"uv": [2.5, 1.75, 2.875, 1.625], "texture": "#4"},
				"down": {"uv": [2.875, 1.75, 3.25, 1.625], "texture": "#4"}
			}
		},
		{
			"name": "er",
			"from": [1.5, 16.375, 6.75],
			"to": [5.75, 18.875, 9.25],
			"rotation": {"angle": 0, "axis": "y", "origin": [4.375, 17.25, 5.125]},
			"faces": {
				"north": {"uv": [8, 4.75, 6.875, 5.375], "texture": "#4"},
				"east": {"uv": [8.5, 0.625, 7.875, 1.25], "texture": "#4"},
				"south": {"uv": [8, 4.125, 6.875, 4.75], "texture": "#4"},
				"west": {"uv": [8.5, 1.25, 7.875, 1.875], "texture": "#4"},
				"up": {"uv": [6.875, 6, 8, 5.375], "texture": "#4"},
				"down": {"uv": [6.875, 6.625, 8, 6], "texture": "#4"}
			}
		},
		{
			"name": "er",
			"from": [10.25, 16.375, 6.75],
			"to": [14.5, 18.875, 9.25],
			"rotation": {"angle": 0, "axis": "y", "origin": [11.625, 17.25, 5.125]},
			"faces": {
				"north": {"uv": [8.25, 0, 7.125, 0.625], "texture": "#4"},
				"east": {"uv": [8.5, 1.875, 7.875, 2.5], "texture": "#4"},
				"south": {"uv": [3.25, 7.125, 2.125, 7.75], "texture": "#4"},
				"west": {"uv": [8.5, 2.5, 7.875, 3.125], "texture": "#4"},
				"up": {"uv": [7.625, 8.25, 8.75, 7.625], "texture": "#4"},
				"down": {"uv": [7.625, 7.25, 8.75, 6.625], "texture": "#4"}
			}
		},
		{
			"name": "er",
			"from": [-0.25, 16.125, 6.5],
			"to": [0.875, 19.125, 9.375],
			"rotation": {"angle": 0, "axis": "y", "origin": [-0.5, 17.25, 5.125]},
			"faces": {
				"north": {"uv": [8.5, 5.75, 8.25, 6.5], "texture": "#4"},
				"east": {"uv": [4.25, 2.125, 3.5, 2.875], "texture": "#4"},
				"south": {"uv": [8.5, 5, 8.25, 5.75], "texture": "#4"},
				"west": {"uv": [5.375, 1.375, 4.625, 2.125], "texture": "#4"},
				"up": {"uv": [6.75, 9.125, 7, 8.375], "texture": "#4"},
				"down": {"uv": [7, 9.125, 7.25, 8.375], "texture": "#4"}
			}
		},
		{
			"name": "er",
			"from": [15.125, 16.125, 6.5],
			"to": [16.25, 19.125, 9.375],
			"rotation": {"angle": 0, "axis": "y", "origin": [16.5, 17.25, 5.125]},
			"faces": {
				"north": {"uv": [0.25, 8.5, 0, 9.25], "texture": "#4"},
				"east": {"uv": [2.5, 7.75, 1.75, 8.5], "texture": "#4"},
				"south": {"uv": [7.5, 8.375, 7.25, 9.125], "texture": "#4"},
				"west": {"uv": [3.25, 7.75, 2.5, 8.5], "texture": "#4"},
				"up": {"uv": [0.25, 9.25, 0.5, 8.5], "texture": "#4"},
				"down": {"uv": [0.5, 9.25, 0.75, 8.5], "texture": "#4"}
			}
		},
		{
			"name": "er",
			"from": [-1, 15.625, 6],
			"to": [0.125, 19.625, 9.875],
			"rotation": {"angle": 0, "axis": "y", "origin": [-1.25, 17.25, 5.125]},
			"faces": {
				"north": {"uv": [6.375, 7.875, 6.125, 8.875], "texture": "#4"},
				"east": {"uv": [7.625, 6.75, 6.625, 7.75], "texture": "#4"},
				"south": {"uv": [1, 7.875, 0.75, 8.875], "texture": "#4"},
				"west": {"uv": [7.875, 1.125, 6.875, 2.125], "texture": "#4"},
				"up": {"uv": [6.375, 8.875, 6.625, 7.875], "texture": "#4"},
				"down": {"uv": [7.875, 4.125, 8.125, 3.125], "texture": "#4"}
			}
		},
		{
			"name": "er",
			"from": [15.875, 15.625, 6],
			"to": [17, 19.625, 9.875],
			"rotation": {"angle": 0, "axis": "y", "origin": [17.25, 17.25, 5.125]},
			"faces": {
				"north": {"uv": [8.25, 5.125, 8, 6.125], "texture": "#4"},
				"east": {"uv": [7.875, 2.125, 6.875, 3.125], "texture": "#4"},
				"south": {"uv": [8.25, 4.125, 8, 5.125], "texture": "#4"},
				"west": {"uv": [7.875, 3.125, 6.875, 4.125], "texture": "#4"},
				"up": {"uv": [3.625, 9.125, 3.875, 8.125], "texture": "#4"},
				"down": {"uv": [3.875, 9.125, 4.125, 8.125], "texture": "#4"}
			}
		},
		{
			"name": "er",
			"from": [6.5, 26.47266, 6.61328],
			"to": [9.625, 28.72266, 9.48828],
			"rotation": {"angle": 0, "axis": "y", "origin": [7.75, 27.59766, 5.23828]},
			"faces": {
				"north": {"uv": [5.375, 7.875, 4.625, 8.5], "texture": "#4"},
				"east": {"uv": [6.125, 7.875, 5.375, 8.5], "texture": "#4"},
				"south": {"uv": [7.5, 7.75, 6.75, 8.375], "texture": "#4"},
				"west": {"uv": [6.125, 7.875, 5.375, 8.5], "texture": "#4"},
				"up": {"uv": [3.625, 6.25, 4.375, 5.5], "texture": "#4"},
				"down": {"uv": [1, 8.5, 1.75, 7.75], "texture": "#4"}
			}
		},
		{
			"name": "er",
			"from": [0.75, 16.875, 7.25],
			"to": [1.5, 18.375, 8.625],
			"rotation": {"angle": 0, "axis": "y", "origin": [3.625, 17.25, 5.125]},
			"faces": {
				"north": {"uv": [7.625, 0.625, 7.375, 1], "texture": "#4"},
				"east": {"uv": [2.875, 5, 2.5, 5.375], "texture": "#4"},
				"south": {"uv": [7.375, 0.625, 7.125, 1], "texture": "#4"},
				"west": {"uv": [3.25, 5, 2.875, 5.375], "texture": "#4"},
				"up": {"uv": [7.625, 1, 7.875, 0.625], "texture": "#4"},
				"down": {"uv": [7.625, 7.625, 7.875, 7.25], "texture": "#4"}
			}
		},
		{
			"name": "er",
			"from": [14.5, 16.875, 7.25],
			"to": [15.25, 18.375, 8.625],
			"rotation": {"angle": 0, "axis": "y", "origin": [12.375, 17.25, 5.125]},
			"faces": {
				"north": {"uv": [5.25, 8.5, 5, 8.875], "texture": "#4"},
				"east": {"uv": [1.375, 6.25, 1, 6.625], "texture": "#4"},
				"south": {"uv": [5, 8.5, 4.75, 8.875], "texture": "#4"},
				"west": {"uv": [6.625, 5.125, 6.25, 5.5], "texture": "#4"},
				"up": {"uv": [5.25, 8.875, 5.5, 8.5], "texture": "#4"},
				"down": {"uv": [5.5, 8.875, 5.75, 8.5], "texture": "#4"}
			}
		},
		{
			"name": "er",
			"from": [7.9375, -0.125, 7.9375],
			"to": [8.0625, 15.375, 8.0625],
			"rotation": {"angle": 0, "axis": "y", "origin": [9.1875, 3, 5.9375]},
			"faces": {
				"north": {"uv": [3.625, 7.125, 3.5, 11], "texture": "#4"},
				"east": {"uv": [3.5, 7.125, 3.375, 11], "texture": "#4"},
				"south": {"uv": [3.375, 7.125, 3.25, 11], "texture": "#4"},
				"west": {"uv": [6.75, 7.75, 6.625, 11.625], "texture": "#4"},
				"up": {"uv": [1.625, 3.375, 1.75, 3.25], "texture": "#4"},
				"down": {"uv": [3.25, 1.75, 3.375, 1.625], "texture": "#4"}
			}
		},
		{
			"name": "er",
			"from": [7.9375, -0.125, 7.9375],
			"to": [8.0625, 0.375, 8.0625],
			"rotation": {"angle": 22.5, "axis": "z", "origin": [8.01418, -0.12498, 8.01421]},
			"faces": {
				"north": {"uv": [3.75, 3.25, 3.625, 3.375], "texture": "#4"},
				"east": {"uv": [3.625, 3.25, 3.5, 3.375], "texture": "#4"},
				"south": {"uv": [3.5, 1.625, 3.375, 1.75], "texture": "#4"},
				"west": {"uv": [3.875, 3.25, 3.75, 3.375], "texture": "#4"},
				"up": {"uv": [3.875, 3.375, 4, 3.25], "texture": "#4"},
				"down": {"uv": [4, 3.375, 4.125, 3.25], "texture": "#4"}
			}
		},
		{
			"name": "er",
			"from": [7.79297, 0.33203, 7.8125],
			"to": [8.16797, 0.44141, 8.1875],
			"rotation": {"angle": 22.5, "axis": "z", "origin": [8.11965, -0.05857, 8.13921]},
			"faces": {
				"north": {"uv": [4.5, 4.25, 4.375, 4.375], "texture": "#4"},
				"east": {"uv": [4.375, 3.25, 4.25, 3.375], "texture": "#4"},
				"south": {"uv": [4.25, 3.25, 4.125, 3.375], "texture": "#4"},
				"west": {"uv": [4.625, 4.25, 4.5, 4.375], "texture": "#4"},
				"up": {"uv": [4.625, 4.375, 4.75, 4.25], "texture": "#4"},
				"down": {"uv": [4.75, 4.375, 4.875, 4.25], "texture": "#4"}
			}
		},
		{
			"name": "er",
			"from": [5.25, 20.125, 5.36328],
			"to": [10.75, 25, 10.86328],
			"rotation": {"angle": 0, "axis": "y", "origin": [9, 24, 6.23828]},
			"faces": {
				"north": {"uv": [6.875, 2.625, 5.5, 3.875], "texture": "#4"},
				"east": {"uv": [5.5, 3.875, 6.875, 5.125], "texture": "#4"},
				"south": {"uv": [6.875, 5.5, 5.5, 6.75], "texture": "#4"},
				"west": {"uv": [6.875, 3.875, 5.5, 5.125], "texture": "#4"},
				"up": {"uv": [4.625, 1.375, 6, 0], "texture": "#4"},
				"down": {"uv": [0, 6.25, 1.375, 4.875], "texture": "#4"}
			}
		},
		{
			"name": "er",
			"from": [6, 22.375, 5],
			"to": [7, 24.75, 6.5],
			"rotation": {"angle": 45, "axis": "z", "origin": [6.39736, 23.55481, 5.71997]},
			"faces": {
				"north": {"uv": [1.5, 8.5, 1.25, 9.125], "texture": "#4"},
				"east": {"uv": [4.5, 8.125, 4.125, 8.75], "texture": "#4"},
				"south": {"uv": [1.25, 8.5, 1, 9.125], "texture": "#4"},
				"west": {"uv": [8.5, 3.125, 8.125, 3.75], "texture": "#4"},
				"up": {"uv": [2.125, 7, 2.375, 6.625], "texture": "#4"},
				"down": {"uv": [6.625, 5.5, 6.875, 5.125], "texture": "#4"}
			}
		},
		{
			"name": "er",
			"from": [9, 22.375, 5],
			"to": [10, 24.75, 6.5],
			"rotation": {"angle": -45, "axis": "z", "origin": [9.60264, 23.55481, 5.71997]},
			"faces": {
				"north": {"uv": [3, 8.5, 2.75, 9.125], "texture": "#4"},
				"east": {"uv": [8.625, 3.75, 8.25, 4.375], "texture": "#4"},
				"south": {"uv": [2.75, 8.5, 2.5, 9.125], "texture": "#4"},
				"west": {"uv": [8.625, 4.375, 8.25, 5], "texture": "#4"},
				"up": {"uv": [3, 8.875, 3.25, 8.5], "texture": "#4"},
				"down": {"uv": [4.5, 8.875, 4.75, 8.5], "texture": "#4"}
			}
		},
		{
			"name": "er",
			"from": [5.9375, 22.375, 5],
			"to": [6.9375, 24.75, 6.5],
			"rotation": {"angle": -45, "axis": "z", "origin": [6.54014, 23.55481, 5.71997]},
			"faces": {
				"north": {"uv": [2, 8.5, 1.75, 9.125], "texture": "#4"},
				"east": {"uv": [7.875, 8.25, 7.5, 8.875], "texture": "#4"},
				"south": {"uv": [1.75, 8.5, 1.5, 9.125], "texture": "#4"},
				"west": {"uv": [8.25, 8.25, 7.875, 8.875], "texture": "#4"},
				"up": {"uv": [7.875, 7.625, 8.125, 7.25], "texture": "#4"},
				"down": {"uv": [8, 6.5, 8.25, 6.125], "texture": "#4"}
			}
		},
		{
			"name": "er",
			"from": [9.0625, 22.375, 5],
			"to": [10.0625, 24.75, 6.5],
			"rotation": {"angle": 45, "axis": "z", "origin": [9.45986, 23.55481, 5.71997]},
			"faces": {
				"north": {"uv": [2.5, 8.5, 2.25, 9.125], "texture": "#4"},
				"east": {"uv": [8.625, 8.25, 8.25, 8.875], "texture": "#4"},
				"south": {"uv": [2.25, 8.5, 2, 9.125], "texture": "#4"},
				"west": {"uv": [8.625, 0, 8.25, 0.625], "texture": "#4"},
				"up": {"uv": [8.125, 7.625, 8.375, 7.25], "texture": "#4"},
				"down": {"uv": [8.375, 7.625, 8.625, 7.25], "texture": "#4"}
			}
		},
		{
			"name": "er",
			"from": [6, 19.375, 5.86328],
			"to": [10, 25.75, 10.11328],
			"rotation": {"angle": 0, "axis": "y", "origin": [9, 24.75, 6.23828]},
			"faces": {
				"north": {"uv": [4.625, 6.5, 3.625, 8.125], "texture": "#4"},
				"east": {"uv": [2.5, 5, 1.375, 6.625], "texture": "#4"},
				"south": {"uv": [1, 6.25, 0, 7.875], "texture": "#4"},
				"west": {"uv": [3.625, 5.5, 2.5, 7.125], "texture": "#4"},
				"up": {"uv": [4.625, 7.875, 5.625, 6.75], "texture": "#4"},
				"down": {"uv": [5.625, 7.875, 6.625, 6.75], "texture": "#4"}
			}
		},
		{
			"name": "er",
			"from": [7.4375, 25.625, 7.61328],
			"to": [8.5625, 26.5, 8.61328],
			"rotation": {"angle": 0, "axis": "y", "origin": [9.0625, 28.75, 5.86328]},
			"faces": {
				"north": {"uv": [4.125, 6.25, 3.875, 6.5], "texture": "#4"},
				"east": {"uv": [3.875, 6.25, 3.625, 6.5], "texture": "#4"},
				"south": {"uv": [6.25, 1.125, 6, 1.375], "texture": "#4"},
				"west": {"uv": [4.375, 6.25, 4.125, 6.5], "texture": "#4"},
				"up": {"uv": [6.25, 1.375, 6.5, 1.125], "texture": "#4"},
				"down": {"uv": [4.625, 6.75, 4.875, 6.5], "texture": "#4"}
			}
		}
	],
	"display": {
		"thirdperson_righthand": {
			"rotation": [90, 0, 0],
			"translation": [-6.5, -2, 50],
			"scale": [1.7, 1.7, 1.7]
		},
		"firstperson_righthand": {
			"rotation": [-24, 121, 5],
			"scale": [0.5, 0.5, 0.5]
		},
		"firstperson_lefthand": {
			"rotation": [-24, 121, 5],
			"scale": [0.5, 0.5, 0.5]
		},
		"gui": {
			"rotation": [21.5, -158.75, 0],
			"translation": [0, -3.5, 0],
			"scale": [0.5, 0.5, 0.5]
		},
		"fixed": {
			"translation": [0, -8.75, 0]
		}
	}
}