{"stat.chestOpened":9,"stat.walkOneCm":50184,"stat.drop.minecraft.paper":3,"stat.trappedChestTriggered":1,"stat.leaveGame":42,"stat.useItem.minecraft.apple":2,"stat.jump":239,"stat.swimOneCm":567,"stat.fallOneCm":1594,"stat.climbOneCm":113,"stat.crouchOneCm":1136,"stat.useItem.minecraft.written_book":94,"stat.sprintOneCm":22085,"stat.useItem.minecraft.stone_slab2":126,"stat.useItem.minecraft.water_bucket":4,"stat.drop.minecraft.potion":3,"stat.pickup.minecraft.potion":2,"stat.damageTaken":90,"stat.drop.minecraft.written_book":2,"stat.flyOneCm":649746,"stat.deaths":10,"stat.drop":17,"stat.useItem.minecraft.writable_book":1,"stat.playOneMinute":203541,"stat.sneakTime":1132,"stat.timeSinceDeath":21457,"stat.drop.minecraft.bread":9,"stat.hopperInspected":1,"stat.diveOneCm":293,"stat.pickup.minecraft.cooked_mutton":1}