{"stats":{"minecraft:custom":{"minecraft:interact_with_anvil":7,"minecraft:mob_kills":234,"minecraft:interact_with_crafting_table":91,"minecraft:bell_ring":3,"minecraft:leave_game":20,"minecraft:time_since_death":3363,"minecraft:damage_resisted":675592,"minecraft:climb_one_cm":61284,"minecraft:sprint_one_cm":2485203,"minecraft:walk_one_cm":2045721,"minecraft:damage_blocked_by_shield":1230,"minecraft:drop":86,"minecraft:talked_to_villager":14,"minecraft:sneak_time":60611,"minecraft:deaths":197,"minecraft:walk_under_water_one_cm":124174,"minecraft:boat_one_cm":11074,"minecraft:interact_with_brewingstand":1,"minecraft:jump":14328,"minecraft:walk_on_water_one_cm":153135,"minecraft:enchant_item":10,"minecraft:interact_with_furnace":241,"minecraft:play_one_minute":1656342,"minecraft:interact_with_loom":1,"minecraft:interact_with_grindstone":13,"minecraft:sleep_in_bed":23,"minecraft:time_since_rest":3365,"minecraft:damage_taken":17958,"minecraft:damage_dealt":40784,"minecraft:minecart_one_cm":51095,"minecraft:player_kills":2,"minecraft:swim_one_cm":112167,"minecraft:fly_one_cm":3460065,"minecraft:open_chest":983,"minecraft:crouch_one_cm":176437,"minecraft:fish_caught":144,"minecraft:interact_with_smoker":1,"minecraft:fall_one_cm":1545559,"minecraft:horse_one_cm":324},"minecraft:broken":{"minecraft:stone_sword":3,"minecraft:stone_pickaxe":6,"minecraft:iron_sword":1,"minecraft:iron_pickaxe":4,"minecraft:fishing_rod":1,"minecraft:stone_shovel":2},"minecraft:mined":{"minecraft:dark_oak_planks":4,"minecraft:nether_gold_ore":46,"minecraft:diamond_ore":26,"minecraft:oak_door":3,"minecraft:cobblestone_stairs":11,"minecraft:obsidian":31,"minecraft:ladder":20,"minecraft:granite":47,"minecraft:grass_block":231,"minecraft:birch_slab":34,"minecraft:oxeye_daisy":1,"minecraft:nether_wart":1,"minecraft:oak_wall_sign":2,"minecraft:hay_block":28,"minecraft:redstone_ore":67,"minecraft:furnace":2,"minecraft:carrots":143,"minecraft:iron_ore":457,"minecraft:fire":49,"minecraft:andesite":9,"minecraft:pumpkin":3,"minecraft:anvil":3,"minecraft:enchanting_table":3,"minecraft:bookshelf":3,"minecraft:potatoes":85,"minecraft:vine":6,"minecraft:oak_sign":1,"minecraft:shroomlight":2,"minecraft:warped_stem":9,"minecraft:stone":1264,"minecraft:redstone_block":1,"minecraft:dandelion":12,"minecraft:crafting_table":4,"minecraft:torch":50,"minecraft:poppy":3,"minecraft:warped_roots":1,"minecraft:chest":31,"minecraft:nether_quartz_ore":201,"minecraft:tall_grass":87,"minecraft:cobblestone":34,"minecraft:damaged_anvil":1,"minecraft:lapis_ore":16,"minecraft:lily_pad":6,"minecraft:grindstone":1,"minecraft:oak_planks":10,"minecraft:sugar_cane":37,"minecraft:wall_torch":57,"minecraft:diorite":8,"minecraft:warped_wart_block":4,"minecraft:birch_sapling":20,"minecraft:seagrass":1,"minecraft:birch_planks":3,"minecraft:sweet_berry_bush":2,"minecraft:birch_log":296,"minecraft:wheat":194,"minecraft:birch_trapdoor":8,"minecraft:birch_leaves":7,"minecraft:yellow_bed":3,"minecraft:grass":379,"minecraft:coal_ore":486,"minecraft:oak_log":96,"minecraft:gravel":84,"minecraft:dirt":311,"minecraft:birch_sign":1,"minecraft:netherrack":617,"minecraft:gold_ore":56,"minecraft:oak_leaves":55},"minecraft:killed":{"minecraft:spider":17,"minecraft:phantom":3,"minecraft:skeleton":32,"minecraft:chicken":1,"minecraft:drowned":1,"minecraft:pig":28,"minecraft:zombie_villager":2,"minecraft:bat":2,"minecraft:creeper":6,"minecraft:squid":16,"minecraft:pillager":1,"minecraft:zombie":100,"minecraft:ghast":1,"minecraft:enderman":4,"minecraft:cow":18},"minecraft:picked_up":{"minecraft:fishing_rod":1,"minecraft:iron_chestplate":1,"minecraft:crafting_table":4,"minecraft:wheat":111,"minecraft:chicken":3,"minecraft:redstone_block":1,"minecraft:ladder":51,"minecraft:nether_wart":2,"minecraft:anvil":3,"minecraft:lead":2,"minecraft:potion":1,"minecraft:enchanted_book":5,"minecraft:shield":1,"minecraft:string":18,"minecraft:iron_axe":1,"minecraft:flint_and_steel":1,"minecraft:iron_leggings":1,"minecraft:pufferfish":20,"minecraft:shroomlight":2,"minecraft:oak_sign":4,"minecraft:gold_nugget":275,"minecraft:beef":48,"minecraft:red_dye":2056,"minecraft:poppy":3,"minecraft:iron_pickaxe":2,"minecraft:minecart":5,"minecraft:sugar_cane":75,"minecraft:chest":31,"minecraft:birch_sapling":122,"minecraft:phantom_membrane":3,"minecraft:furnace":2,"minecraft:stick":70,"minecraft:oak_door":3,"minecraft:birch_trapdoor":8,"minecraft:torch":197,"minecraft:bowl":1,"minecraft:porkchop":59,"minecraft:diorite":9,"minecraft:vine":6,"minecraft:carrot":491,"minecraft:redstone":315,"minecraft:golden_chestplate":1,"minecraft:dark_oak_planks":4,"minecraft:arrow":33,"minecraft:rotten_flesh":127,"minecraft:tropical_fish":4,"minecraft:hay_block":56,"minecraft:gold_ingot":1,"minecraft:obsidian":44,"minecraft:cod":87,"minecraft:white_wool":40,"minecraft:cobblestone":1045,"minecraft:oxeye_daisy":1,"minecraft:birch_log":475,"minecraft:enchanting_table":3,"minecraft:feather":4,"minecraft:andesite":3,"minecraft:tripwire_hook":3,"minecraft:birch_slab":38,"minecraft:water_bucket":1,"minecraft:salmon":34,"minecraft:leather":20,"minecraft:brown_wool":1,"minecraft:potato":299,"minecraft:birch_planks":123,"minecraft:flint":12,"minecraft:oak_log":96,"minecraft:lily_pad":8,"minecraft:yellow_bed":3,"minecraft:gunpowder":20,"minecraft:cobblestone_stairs":11,"minecraft:lapis_lazuli":102,"minecraft:dirt":533,"minecraft:leather_boots":2,"minecraft:bone":34,"minecraft:apple":1,"minecraft:bow":2,"minecraft:wheat_seeds":439,"minecraft:warped_stem":9,"minecraft:grindstone":1,"minecraft:iron_ingot":10,"minecraft:iron_ore":457,"minecraft:iron_sword":1,"minecraft:oak_planks":10,"minecraft:book":9,"minecraft:ghast_tear":1,"minecraft:cooked_porkchop":19,"minecraft:pumpkin":6,"minecraft:sweet_berries":2,"minecraft:warped_wart_block":4,"minecraft:quartz":360,"minecraft:dandelion":12,"minecraft:poisonous_potato":3,"minecraft:gravel":91,"minecraft:sand":2,"minecraft:spruce_sapling":2,"minecraft:ink_sac":75,"minecraft:gold_ore":64,"minecraft:spider_eye":7,"minecraft:diamond":48,"minecraft:stone_axe":1,"minecraft:granite":45,"minecraft:birch_sign":1,"minecraft:warped_roots":1,"minecraft:netherrack":624,"minecraft:oak_sapling":28,"minecraft:damaged_anvil":1,"minecraft:black_wool":3,"minecraft:coal":608,"minecraft:diamond_pickaxe":2,"minecraft:ender_pearl":4},"minecraft:crafted":{"minecraft:oak_door":3,"minecraft:oak_planks":164,"minecraft:stone_shovel":5,"minecraft:coal":702,"minecraft:oak_sign":3,"minecraft:fishing_rod":5,"minecraft:leather_boots":1,"minecraft:oak_pressure_plate":2,"minecraft:cooked_chicken":2,"minecraft:birch_slab":144,"minecraft:furnace":22,"minecraft:stone":320,"minecraft:bookshelf":4,"minecraft:flint_and_steel":1,"minecraft:iron_axe":1,"minecraft:ladder":42,"minecraft:stone_pickaxe":8,"minecraft:chest":31,"minecraft:redstone_block":26,"minecraft:stone_hoe":1,"minecraft:stone_bricks":128,"minecraft:birch_sign":3,"minecraft:minecart":1,"minecraft:cooked_beef":39,"minecraft:coal_block":78,"minecraft:cooked_cod":62,"minecraft:cooked_porkchop":46,"minecraft:crafting_table":6,"minecraft:enchanting_table":1,"minecraft:wooden_pickaxe":1,"minecraft:baked_potato":128,"minecraft:iron_sword":2,"minecraft:cooked_salmon":20,"minecraft:bucket":1,"minecraft:birch_planks":472,"minecraft:stone_axe":4,"minecraft:bread":21,"minecraft:air":0,"minecraft:book":6,"minecraft:iron_chestplate":1,"minecraft:paper":18,"minecraft:diamond_pickaxe":2,"minecraft:shield":1,"minecraft:stick":204,"minecraft:iron_ingot":468,"minecraft:iron_pickaxe":9,"minecraft:birch_trapdoor":4,"minecraft:wooden_axe":1,"minecraft:iron_block":43,"minecraft:stone_sword":3,"minecraft:gold_ingot":48,"minecraft:iron_leggings":1,"minecraft:black_bed":1,"minecraft:anvil":3,"minecraft:torch":292,"minecraft:shears":1},"minecraft:dropped":{"minecraft:wheat_seeds":8,"minecraft:cobblestone":2,"minecraft:granite":1,"minecraft:stick":4,"minecraft:dirt":2,"minecraft:ink_sac":5,"minecraft:wooden_axe":1,"minecraft:red_dye":2377,"minecraft:redstone":9,"minecraft:bone":2,"minecraft:stone_axe":2,"minecraft:rotten_flesh":13,"minecraft:carrot":64,"minecraft:gunpowder":1,"minecraft:diamond_pickaxe":1,"minecraft:andesite":1,"minecraft:arrow":4,"minecraft:wooden_pickaxe":1,"minecraft:netherrack":7},"minecraft:used":{"minecraft:stone_sword":419,"minecraft:enchanting_table":4,"minecraft:flint_and_steel":5,"minecraft:carrot_on_a_stick":9680,"minecraft:stone_shovel":479,"minecraft:oak_sign":7,"minecraft:ladder":55,"minecraft:chest":58,"minecraft:shield":32,"minecraft:iron_sword":423,"minecraft:nether_wart":1,"minecraft:cooked_salmon":9,"minecraft:stone_hoe":84,"minecraft:netherrack":150,"minecraft:oak_door":6,"minecraft:torch":394,"minecraft:dirt":317,"minecraft:anvil":6,"minecraft:carrot":186,"minecraft:granite":1,"minecraft:obsidian":14,"minecraft:dark_oak_planks":4,"minecraft:lava_bucket":7,"minecraft:bookshelf":4,"minecraft:iron_axe":276,"minecraft:birch_sapling":58,"minecraft:birch_trapdoor":12,"minecraft:emerald_block":14,"minecraft:sweet_berries":2,"minecraft:cooked_cod":4,"minecraft:oak_sapling":11,"minecraft:furnace":24,"minecraft:minecart":5,"minecraft:cooked_beef":39,"minecraft:potato":122,"minecraft:wheat_seeds":195,"minecraft:damaged_anvil":1,"minecraft:water_bucket":116,"minecraft:diorite":7,"minecraft:cobblestone_stairs":11,"minecraft:birch_planks":3,"minecraft:stone_pickaxe":909,"minecraft:oak_planks":74,"minecraft:wooden_pickaxe":11,"minecraft:redstone_block":1,"minecraft:sugar_cane":18,"minecraft:crafting_table":10,"minecraft:birch_sign":2,"minecraft:black_bed":1,"minecraft:shears":6,"minecraft:oak_log":2,"minecraft:iron_pickaxe":1751,"minecraft:diamond_pickaxe":797,"minecraft:birch_slab":162,"minecraft:bread":2,"minecraft:oak_pressure_plate":2,"minecraft:gravel":33,"minecraft:stone_axe":221,"minecraft:fishing_rod":252,"minecraft:cobblestone":124,"minecraft:grindstone":1,"minecraft:cooked_porkchop":48,"minecraft:andesite":2,"minecraft:bucket":128,"minecraft:birch_log":17,"minecraft:yellow_bed":3},"minecraft:killed_by":{"minecraft:player":3,"minecraft:spider":1,"minecraft:skeleton":3}},"DataVersion":2567}