{"stat.walkOneCm":68230,"stat.useItem.minecraft.stone_slab":173,"stat.useItem.minecraft.quartz_block":1547,"achievement.openInventory":44,"stat.useItem.minecraft.quartz_stairs":2366,"stat.leaveGame":7,"stat.useItem.minecraft.acacia_stairs":41,"stat.flyOneCm":5107837,"stat.useItem.minecraft.birch_fence":92,"stat.jump":295,"stat.playOneMinute":675749,"stat.useItem.minecraft.planks":1363,"stat.useItem.minecraft.sea_lantern":11,"stat.sneakTime":22769,"stat.crouchOneCm":10038,"stat.timeSinceDeath":675749,"stat.sprintOneCm":17774,"stat.useItem.minecraft.stone_slab2":3476,"achievement.exploreAllBiomes":{"value":0,"progress":["Plains"]}}