{"stats":{"minecraft:picked_up":{"minecraft:wooden_axe":1,"minecraft:purple_dye":190,"minecraft:magenta_carpet":3,"minecraft:carrot_on_a_stick":37,"minecraft:item_frame":4,"minecraft:purple_carpet":3,"minecraft:pufferfish":1,"minecraft:oak_sign":24,"minecraft:iron_ingot":1,"minecraft:red_dye":192,"minecraft:phantom_membrane":2,"minecraft:porkchop":78,"minecraft:stone_button":2,"minecraft:green_carpet":3,"minecraft:tnt":3,"minecraft:lime_dye":64,"minecraft:lime_carpet":3,"minecraft:rotten_flesh":3,"minecraft:slime_ball":2,"minecraft:diamond":42,"minecraft:birch_sign":2,"minecraft:emerald":3,"minecraft:white_terracotta":3},"minecraft:dropped":{"minecraft:tnt":1,"minecraft:diamond":1,"minecraft:lime_dye":1,"minecraft:white_terracotta":5,"minecraft:purple_dye":126,"minecraft:carrot_on_a_stick":25,"minecraft:item_frame":1,"minecraft:wooden_axe":1,"minecraft:slime_ball":2,"minecraft:red_dye":119},"minecraft:killed_by":{"minecraft:player":3},"minecraft:crafted":{"minecraft:carrot_on_a_stick":2},"minecraft:killed":{"minecraft:vex":1,"minecraft:pig":14,"minecraft:vindicator":5,"minecraft:wandering_trader":1,"minecraft:phantom":7,"minecraft:zombie":1,"minecraft:drowned":1},"minecraft:used":{"minecraft:oak_fence":2,"minecraft:purpur_block":4,"minecraft:dark_oak_stairs":100,"minecraft:water_bucket":125,"minecraft:jack_o_lantern":7,"minecraft:flint_and_steel":2,"minecraft:oak_planks":495,"minecraft:carved_pumpkin":2,"minecraft:red_stained_glass":9,"minecraft:red_concrete":9,"minecraft:spruce_slab":9,"minecraft:redstone":16,"minecraft:carrot_on_a_stick":38103,"minecraft:lime_wool":6,"minecraft:oak_sign":41,"minecraft:light_blue_terracotta":3,"minecraft:spruce_planks":65,"minecraft:white_terracotta":1333,"minecraft:stone":1,"minecraft:quartz_stairs":60,"minecraft:vindicator_spawn_egg":2,"minecraft:green_terracotta":202,"minecraft:netherrack":19,"minecraft:white_wool":15,"minecraft:torch":16,"minecraft:dirt":1459,"minecraft:purpur_stairs":6,"minecraft:diamond_block":297,"minecraft:lime_terracotta":62,"minecraft:anvil":1,"minecraft:yellow_terracotta":10,"minecraft:white_carpet":8,"minecraft:light_blue_concrete":42,"minecraft:nether_bricks":65,"minecraft:oak_slab":7,"minecraft:crafting_table":2,"minecraft:blue_stained_glass":2,"minecraft:light_blue_wool":61,"minecraft:birch_sign":9,"minecraft:spruce_stairs":134,"minecraft:phantom_spawn_egg":1,"minecraft:cobblestone_wall":1,"minecraft:yellow_concrete":8,"minecraft:purple_terracotta":1,"minecraft:magenta_carpet":5,"minecraft:spruce_fence":119,"minecraft:light_blue_stained_glass":79,"minecraft:spruce_log":22,"minecraft:nether_brick_stairs":4,"minecraft:purple_stained_glass":14,"minecraft:oak_log":48,"minecraft:glass":6,"minecraft:blue_stained_glass_pane":82,"minecraft:brown_terracotta":958,"minecraft:dark_oak_planks":3,"minecraft:acacia_stairs":1,"minecraft:lever":2,"minecraft:black_wool":5,"minecraft:sea_lantern":132,"minecraft:black_concrete":206,"minecraft:ghast_spawn_egg":2,"minecraft:stone_button":1,"minecraft:warped_hyphae":6,"minecraft:command_block":50,"minecraft:lime_carpet":57,"minecraft:red_wool":3,"minecraft:string":9,"minecraft:grass_block":11,"minecraft:quartz_block":1060,"minecraft:barrier":188,"minecraft:slime_block":116,"minecraft:warped_slab":7,"minecraft:pig_spawn_egg":19,"minecraft:green_wool":13,"minecraft:warped_nylium":9,"minecraft:red_terracotta":349,"minecraft:dark_oak_slab":22,"minecraft:crimson_planks":30,"minecraft:diamond_sword":85,"minecraft:stripped_warped_hyphae":52,"minecraft:cobblestone":7,"minecraft:yellow_wool":3,"minecraft:red_carpet":6,"minecraft:item_frame":9,"minecraft:bedrock":1,"minecraft:green_carpet":44,"minecraft:glowstone":36,"minecraft:nether_wart_block":136,"minecraft:warped_stairs":13,"minecraft:hay_block":3,"minecraft:emerald_block":164,"minecraft:lime_stained_glass":7,"minecraft:white_stained_glass_pane":24,"minecraft:bubble_coral_block":8,"minecraft:white_stained_glass":272,"minecraft:gold_block":11,"minecraft:lapis_block":1,"minecraft:glass_pane":13,"minecraft:repeating_command_block":2,"minecraft:smooth_stone_slab":111,"minecraft:purple_carpet":14,"minecraft:splash_potion":58,"minecraft:experience_bottle":11},"minecraft:custom":{"minecraft:mob_kills":31,"minecraft:interact_with_crafting_table":3,"minecraft:play_one_minute":4616141,"minecraft:leave_game":48,"minecraft:time_since_death":798,"minecraft:damage_resisted":3360659,"minecraft:time_since_rest":799,"minecraft:sprint_one_cm":4025130,"minecraft:damage_taken":8840,"minecraft:walk_one_cm":5885747,"minecraft:drop":49,"minecraft:damage_dealt":5281,"minecraft:swim_one_cm":4273,"minecraft:fly_one_cm":17631621,"minecraft:player_kills":9,"minecraft:crouch_one_cm":241754,"minecraft:deaths":1170,"minecraft:sneak_time":84742,"minecraft:walk_under_water_one_cm":32527,"minecraft:jump":17502,"minecraft:walk_on_water_one_cm":14860,"minecraft:fall_one_cm":5284593}},"DataVersion":2567}