{"stats":{"minecraft:custom":{"minecraft:time_since_rest":435,"minecraft:crouch_one_cm":169354,"minecraft:play_one_minute":465192,"minecraft:sprint_one_cm":2594257,"minecraft:deaths":377,"minecraft:damage_taken":3594,"minecraft:walk_one_cm":2083503,"minecraft:sneak_time":38021,"minecraft:interact_with_anvil":3,"minecraft:drop":161,"minecraft:jump":6652,"minecraft:damage_dealt":201,"minecraft:leave_game":11,"minecraft:time_since_death":433,"minecraft:damage_resisted":1401695,"minecraft:fall_one_cm":2437336,"minecraft:fly_one_cm":2511496,"minecraft:player_kills":6},"minecraft:picked_up":{"minecraft:oak_sign":4,"minecraft:carrot_on_a_stick":12,"minecraft:red_dye":128},"minecraft:used":{"minecraft:carrot_on_a_stick":24212},"minecraft:dropped":{"minecraft:lime_dye":2,"minecraft:red_dye":566,"minecraft:carrot_on_a_stick":15},"minecraft:killed_by":{"minecraft:player":2}},"DataVersion":2567}