{"stats":{"minecraft:custom":{"minecraft:jump":4265,"minecraft:time_since_rest":16872,"minecraft:play_one_minute":400223,"minecraft:crouch_one_cm":2673,"minecraft:damage_taken":3830,"minecraft:leave_game":7,"minecraft:sprint_one_cm":246684,"minecraft:time_since_death":16871,"minecraft:walk_one_cm":2095182,"minecraft:deaths":254,"minecraft:sneak_time":2428,"minecraft:damage_resisted":766652,"minecraft:interact_with_anvil":7,"minecraft:fall_one_cm":978740,"minecraft:fly_one_cm":879668},"minecraft:picked_up":{"minecraft:red_dye":64,"minecraft:oak_sign":1},"minecraft:used":{"minecraft:carrot_on_a_stick":12091},"minecraft:killed_by":{"minecraft:player":1}},"DataVersion":2567}