{"stats":{"minecraft:custom":{"minecraft:time_since_rest":6039,"minecraft:open_chest":6,"minecraft:crouch_one_cm":72237,"minecraft:play_one_minute":551660,"minecraft:sprint_one_cm":1364820,"minecraft:deaths":228,"minecraft:damage_taken":1382,"minecraft:walk_one_cm":2289800,"minecraft:sneak_time":34359,"minecraft:walk_under_water_one_cm":2717,"minecraft:drop":3,"minecraft:jump":7430,"minecraft:damage_dealt":812,"minecraft:leave_game":21,"minecraft:walk_on_water_one_cm":1958,"minecraft:time_since_death":6037,"minecraft:damage_resisted":1167394,"minecraft:swim_one_cm":298,"minecraft:fall_one_cm":2551260,"minecraft:fly_one_cm":2217290,"minecraft:player_kills":4},"minecraft:picked_up":{"minecraft:carrot_on_a_stick":3},"minecraft:used":{"minecraft:carrot_on_a_stick":20780},"minecraft:dropped":{"minecraft:red_dye":1,"minecraft:carrot_on_a_stick":2},"minecraft:killed_by":{"minecraft:player":2}},"DataVersion":2567}