{"stats":{"minecraft:custom":{"minecraft:jump":1977,"minecraft:time_since_rest":33986,"minecraft:play_one_minute":97456,"minecraft:crouch_one_cm":6883,"minecraft:damage_taken":1280,"minecraft:leave_game":3,"minecraft:sprint_one_cm":393853,"minecraft:time_since_death":33985,"minecraft:walk_one_cm":232141,"minecraft:deaths":38,"minecraft:sneak_time":1747,"minecraft:damage_resisted":223992,"minecraft:fall_one_cm":489335,"minecraft:fly_one_cm":634188},"minecraft:used":{"minecraft:carrot_on_a_stick":2184}},"DataVersion":2567}