{"stats":{"minecraft:custom":{"minecraft:time_since_rest":9637,"minecraft:sprint_one_cm":4082275,"minecraft:damage_taken":18173,"minecraft:walk_one_cm":8484553,"minecraft:drop":33,"minecraft:damage_dealt":861,"minecraft:swim_one_cm":39337,"minecraft:fly_one_cm":4908014,"minecraft:player_kills":4,"minecraft:open_chest":12,"minecraft:crouch_one_cm":186129,"minecraft:play_one_minute":3175973,"minecraft:deaths":1116,"minecraft:sneak_time":64950,"minecraft:walk_under_water_one_cm":70318,"minecraft:jump":12184,"minecraft:leave_game":52,"minecraft:walk_on_water_one_cm":33948,"minecraft:time_since_death":9635,"minecraft:damage_resisted":3548615,"minecraft:fall_one_cm":5043559},"minecraft:picked_up":{"minecraft:purple_dye":203,"minecraft:carrot_on_a_stick":12,"minecraft:porkchop":5,"minecraft:lime_dye":65,"minecraft:oak_sign":1,"minecraft:rotten_flesh":1,"minecraft:diamond":27,"minecraft:red_dye":64},"minecraft:dropped":{"minecraft:lime_dye":36,"minecraft:red_dye":10,"minecraft:purple_dye":9,"minecraft:carrot_on_a_stick":12},"minecraft:used":{"minecraft:purple_stained_glass":1,"minecraft:brown_terracotta":2,"minecraft:dark_oak_stairs":3,"minecraft:water_bucket":384,"minecraft:command_block":3,"minecraft:slime_block":35,"minecraft:quartz_slab":1,"minecraft:birch_planks":80,"minecraft:barrier":8,"minecraft:armor_stand":4,"minecraft:oak_planks":5,"minecraft:carrot_on_a_stick":55403,"minecraft:quartz_block":6,"minecraft:stone_button":1,"minecraft:oak_sign":15,"minecraft:chest":6,"minecraft:spruce_planks":6,"minecraft:white_terracotta":2,"minecraft:green_terracotta":15,"minecraft:bedrock":2,"minecraft:lime_terracotta":3,"minecraft:torch":6,"minecraft:glowstone":2,"minecraft:dirt":4,"minecraft:bow":25,"minecraft:yellow_terracotta":2,"minecraft:emerald_block":166,"minecraft:lime_stained_glass":303,"minecraft:birch_sign":3,"minecraft:lapis_block":1,"minecraft:pink_stained_glass":3,"minecraft:sponge":82,"minecraft:orange_terracotta":2,"minecraft:light_blue_stained_glass":173,"minecraft:splash_potion":402,"minecraft:nether_gold_ore":3,"minecraft:green_stained_glass":18},"minecraft:killed_by":{"minecraft:player":12}},"DataVersion":2567}