{"stats":{"minecraft:custom":{"minecraft:time_since_rest":1904,"minecraft:crouch_one_cm":40910,"minecraft:play_one_minute":508220,"minecraft:sprint_one_cm":1609607,"minecraft:deaths":384,"minecraft:damage_taken":3237,"minecraft:walk_one_cm":2047520,"minecraft:sneak_time":13377,"minecraft:walk_under_water_one_cm":7111,"minecraft:interact_with_anvil":1,"minecraft:drop":1,"minecraft:jump":4486,"minecraft:damage_dealt":380,"minecraft:leave_game":7,"minecraft:walk_on_water_one_cm":4127,"minecraft:time_since_death":1903,"minecraft:damage_resisted":1183455,"minecraft:swim_one_cm":2680,"minecraft:fall_one_cm":1619670,"minecraft:fly_one_cm":1273736,"minecraft:player_kills":2},"minecraft:picked_up":{"minecraft:oak_sign":1},"minecraft:dropped":{"minecraft:oak_sign":1},"minecraft:used":{"minecraft:carrot_on_a_stick":16041},"minecraft:killed_by":{"minecraft:player":2}},"DataVersion":2567}