{"stats":{"minecraft:custom":{"minecraft:time_since_rest":41852,"minecraft:crouch_one_cm":2855,"minecraft:play_one_minute":270923,"minecraft:sprint_one_cm":115072,"minecraft:deaths":55,"minecraft:damage_taken":70,"minecraft:walk_one_cm":234839,"minecraft:sneak_time":2945,"minecraft:walk_under_water_one_cm":3392,"minecraft:jump":459,"minecraft:leave_game":4,"minecraft:walk_on_water_one_cm":8766,"minecraft:time_since_death":41851,"minecraft:damage_resisted":16900,"minecraft:swim_one_cm":174,"minecraft:fall_one_cm":160714,"minecraft:fly_one_cm":376158},"minecraft:used":{"minecraft:white_wool":5,"minecraft:brown_terracotta":51,"minecraft:glowstone":1,"minecraft:black_wool":16,"minecraft:command_block":2,"minecraft:quartz_slab":56,"minecraft:nether_bricks":8,"minecraft:carrot_on_a_stick":811,"minecraft:stone_button":1,"minecraft:lapis_block":1,"minecraft:white_terracotta":13,"minecraft:spruce_sign":1,"minecraft:nether_brick_stairs":12}},"DataVersion":2567}