{"stats":{"minecraft:custom":{"minecraft:jump":263,"minecraft:time_since_rest":7103,"minecraft:crouch_one_cm":1504,"minecraft:damage_dealt":225,"minecraft:play_one_minute":10012,"minecraft:leave_game":1,"minecraft:walk_on_water_one_cm":1567,"minecraft:walk_one_cm":55551,"minecraft:damage_taken":766,"minecraft:time_since_death":7102,"minecraft:deaths":3,"minecraft:sneak_time":195,"minecraft:damage_resisted":2754,"minecraft:walk_under_water_one_cm":1300,"minecraft:fall_one_cm":46130,"minecraft:fly_one_cm":52036,"minecraft:player_kills":1}},"DataVersion":2567}