{"stats":{"minecraft:custom":{"minecraft:jump":390,"minecraft:time_since_rest":263,"minecraft:play_one_minute":37102,"minecraft:crouch_one_cm":6273,"minecraft:damage_taken":130,"minecraft:leave_game":5,"minecraft:sprint_one_cm":106353,"minecraft:time_since_death":261,"minecraft:walk_one_cm":216868,"minecraft:deaths":29,"minecraft:sneak_time":1056,"minecraft:damage_resisted":104295,"minecraft:fall_one_cm":144482,"minecraft:drop":3,"minecraft:fly_one_cm":146113},"minecraft:picked_up":{"minecraft:carrot_on_a_stick":2},"minecraft:dropped":{"minecraft:purple_dye":1,"minecraft:carrot_on_a_stick":2},"minecraft:used":{"minecraft:carrot_on_a_stick":1811}},"DataVersion":2567}