{"stats":{"minecraft:custom":{"minecraft:jump":745,"minecraft:damage_dealt":16,"minecraft:time_since_rest":3504,"minecraft:play_one_minute":70377,"minecraft:crouch_one_cm":11463,"minecraft:damage_taken":931,"minecraft:leave_game":4,"minecraft:sprint_one_cm":132790,"minecraft:time_since_death":3502,"minecraft:walk_one_cm":153732,"minecraft:deaths":15,"minecraft:sneak_time":3731,"minecraft:walk_under_water_one_cm":933,"minecraft:damage_resisted":80274,"minecraft:mob_kills":1,"minecraft:fall_one_cm":229237,"minecraft:fly_one_cm":126995,"minecraft:walk_on_water_one_cm":89},"minecraft:picked_up":{"minecraft:red_dye":10,"minecraft:carrot_on_a_stick":1},"minecraft:used":{"minecraft:carrot_on_a_stick":517},"minecraft:killed_by":{"minecraft:player":2}},"DataVersion":2567}