{"stats":{"minecraft:custom":{"minecraft:time_since_rest":899,"minecraft:crouch_one_cm":5717,"minecraft:play_one_minute":143491,"minecraft:sprint_one_cm":137704,"minecraft:deaths":56,"minecraft:damage_taken":1668,"minecraft:walk_one_cm":323831,"minecraft:sneak_time":1227,"minecraft:walk_under_water_one_cm":1931,"minecraft:drop":2,"minecraft:jump":713,"minecraft:damage_dealt":0,"minecraft:leave_game":8,"minecraft:walk_on_water_one_cm":449,"minecraft:time_since_death":897,"minecraft:damage_resisted":269881,"minecraft:fall_one_cm":452034,"minecraft:fly_one_cm":155265},"minecraft:picked_up":{"minecraft:rotten_flesh":1,"minecraft:diamond":12,"minecraft:carrot_on_a_stick":1},"minecraft:used":{"minecraft:carrot_on_a_stick":1697},"minecraft:dropped":{"minecraft:rotten_flesh":1,"minecraft:carrot_on_a_stick":1},"minecraft:killed_by":{"minecraft:player":1}},"DataVersion":2567}