{
  "display": {
    "icon": {
      "item": "minecraft:nether_star",
      "data": 0
    },
    "title": {
      "text": "完全",
      "color": "green",
      "bold": false,
      "underline": false,
      "italic": false,
      "strikethrough": false,
      "obfuscated": false
    },
    "frame": "goal",
    "description": {
      "text": "通过最终关",
      "color": "white",
      "bold": false,
      "underline": false,
      "italic": false,
      "strikethrough": false,
      "obfuscated": false
    },
    "show_toast": true,
    "announce_to_chat": true,
    "hidden": false
  },
  "parent": "justanotherparkourmap:lv9",
  "criteria": {
    "喵帕斯": {
      "trigger": "minecraft:impossible"
    }
  },
  "requirements": [
    [
      "喵帕斯"
    ]
  ]
}