{
  "display": {
    "icon": {
      "item": "minecraft:concrete",
      "data": 1
    },
    "title": {
      "text": "地下水",
      "color": "gray",
      "bold": false,
      "underline": false,
      "italic": false,
      "strikethrough": false,
      "obfuscated": false
    },
    "frame": "task",
    "description": {
      "text": "完成隐藏5",
      "color": "white",
      "bold": false,
      "underline": false,
      "italic": false,
      "strikethrough": false,
      "obfuscated": false
    },
    "show_toast": true,
    "announce_to_chat": true,
    "hidden": true
  },
  "parent": "justanotherparkourmap:lv5",
  "criteria": {
    "喵帕斯": {
      "trigger": "minecraft:impossible"
    }
  },
  "requirements": [
    [
      "喵帕斯"
    ]
  ]
}