{
  "display": {
    "icon": {
      "item": "minecraft:netherrack",
      "data": 0
    },
    "title": {
      "text": "地狱",
      "color": "green",
      "bold": false,
      "underline": false,
      "italic": false,
      "strikethrough": false,
      "obfuscated": false
    },
    "frame": "challenge",
    "description": {
      "text": "通过下界关",
      "color": "white",
      "bold": false,
      "underline": false,
      "italic": false,
      "strikethrough": false,
      "obfuscated": false
    },
    "show_toast": true,
    "announce_to_chat": true,
    "hidden": false
  },
  "parent": "justanotherparkourmap:lv6",
  "criteria": {
    "喵帕斯": {
      "trigger": "minecraft:impossible"
    }
  },
  "requirements": [
    [
      "喵帕斯"
    ]
  ]
}