{
  "display": {
    "icon": {
      "item": "minecraft:diamond_block",
      "data": 0
    },
    "title": {
      "text": "毅力帝",
      "color": "blue",
      "bold": false,
      "underline": false,
      "italic": false,
      "strikethrough": false,
      "obfuscated": false
    },
    "frame": "challenge",
    "description": {
      "text": "通关前不改变模式作弊",
      "color": "white",
      "bold": false,
      "underline": false,
      "italic": false,
      "strikethrough": false,
      "obfuscated": false
    },
    "show_toast": true,
    "announce_to_chat": true,
    "hidden": false
  },
  "parent": "justanotherparkourmap:nice2",
  "criteria": {
    "喵帕斯": {
      "trigger": "minecraft:impossible"
    }
  },
  "requirements": [
    [
      "喵帕斯"
    ]
  ]
}