{
  "display": {
    "icon": {
      "item": "minecraft:iron_block",
      "data": 0
    },
    "title": {
      "text": "步履蹒跚",
      "color": "white",
      "bold": false,
      "underline": false,
      "italic": false,
      "strikethrough": false,
      "obfuscated": false
    },
    "frame": "task",
    "background": "minecraft:textures/blocks/wool_colored_red.png",
    "description": {
      "text": "10小时内通关",
      "color": "white",
      "bold": false,
      "underline": false,
      "italic": false,
      "strikethrough": false,
      "obfuscated": false
    },
    "show_toast": true,
    "announce_to_chat": true,
    "hidden": false
  },
  "criteria": {
    "喵帕斯": {
      "trigger": "minecraft:impossible"
    }
  },
  "requirements": [
    [
      "喵帕斯"
    ]
  ]
}