{
  "display": {
    "icon": {
      "item": "minecraft:end_crystal",
      "data": 0
    },
    "title": {
      "text": "无意义",
      "color": "gold",
      "bold": false,
      "underline": false,
      "italic": false,
      "strikethrough": false,
      "obfuscated": false
    },
    "frame": "goal",
    "description": {
      "text": "观看真结局",
      "color": "white",
      "bold": false,
      "underline": false,
      "italic": false,
      "strikethrough": false,
      "obfuscated": false
    },
    "show_toast": true,
    "announce_to_chat": true,
    "hidden": true
  },
  "parent": "justanotherparkourmap:allclear",
  "criteria": {
    "喵帕斯": {
      "trigger": "minecraft:impossible"
    }
  },
  "requirements": [
    [
      "喵帕斯"
    ]
  ]
}