{
    "hidetimeover":
    {
        "category":"master",
        "sounds":[
            {
                "name":"hidetimeover"
            }
        ]
    },
	"ump9normal":
	{
        "sounds":[
            {
        "name": "smg/ump9/normal/normal1",
        "stream": true
            },
            {
        "name": "smg/ump9/normal/normal2",
        "stream": true
            },
            {
        "name": "smg/ump9/normal/normal3",
        "stream": true
            }
        ]
    },
	"ump9silent":
	{
        "sounds":[
            {
        "name": "smg/ump9/silent/silent1",
        "stream": true
            },
            {
        "name": "smg/ump9/silent/silent2",
        "stream": true
            },
            {
        "name": "smg/ump9/silent/silent3",
        "stream": true
            }
        ]
    },
	"hidecatchyou":
    {
        "category":"master",
        "sounds":[
            {
                "name":"hide/hidecatchyou"
            }
        ]
    },
	"hidecountdown":
    {
        "category":"master",
        "sounds":[
            {
                "name":"hide/hidecountdown"
            }
        ]
    },
	"hideearnpoints":
    {
        "category":"master",
        "sounds":[
            {
                "name":"hide/hideearnpoints"
            }
        ]
    },
	"hideexpression":
    {
        "category":"master",
        "sounds":[
            {
                "name":"hide/hideexpression"
            }
        ]
    },
	"hidegamestart":
    {
        "category":"master",
        "sounds":[
            {
                "name":"hide/hidegamestart"
            }
        ]
    },
	"hideover":
    {
        "category":"master",
        "sounds":[
            {
                "name":"hide/hideover"
            }
        ]
    },
	"hidemock":
    {
        "category":"master",
        "sounds":[
            {
                "name":"hide/hidemock"
            }
        ]
    },
	"hideobjectdestroy":
    {
        "category":"master",
        "sounds":[
            {
                "name":"hide/hideobjectdestroy"
            }
        ]
    },
	"hidepentagrampickup":
    {
        "category":"master",
        "sounds":[
            {
                "name":"hide/hidepentagrampickup"
            }
        ]
    },
	"hidereport":
    {
        "category":"master",
        "sounds":[
            {
                "name":"hide/hidereport"
            }
        ]
    },
	"hidereportsuper":
    {
        "category":"master",
        "sounds":[
            {
                "name":"hide/hidereportsuper"
            }
        ]
    },
	"hidereportterrific":
    {
        "category":"master",
        "sounds":[
            {
                "name":"hide/hidereportterrific"
            }
        ]
    },
	"hideroundover":
    {
        "category":"master",
        "sounds":[
            {
                "name":"hide/hideroundover"
            }
        ]
    },
	"hideroundstart":
    {
        "category":"master",
        "sounds":[
            {
                "name":"hide/hideroundstart"
            }
        ]
    },
	"hidestarsappear":
    {
        "category":"master",
        "sounds":[
            {
                "name":"hide/hidestarsappear"
            }
        ]
    },
	"hideteamchange":
    {
        "category":"master",
        "sounds":[
            {
                "name":"hide/hideteamchange"
            }
        ]
    },
	"hideteamleader":
    {
        "category":"master",
        "sounds":[
            {
                "name":"hide/hideteamleader"
            }
        ]
    },
	"hideteamstart":
    {
        "category":"master",
        "sounds":[
            {
                "name":"hide/hideteamstart"
            }
        ]
    },
	"hidetimestart":
    {
        "category":"master",
        "sounds":[
            {
                "name":"hide/hidetimestart"
            }
        ]
    },
	"hidetimestartcat":
    {
        "category":"master",
        "sounds":[
            {
                "name":"hide/hidetimestartcat"
            }
        ]
    },
	"hidetimestarthunter":
    {
        "category":"master",
        "sounds":[
            {
                "name":"hide/hidetimestarthunter"
            }
        ]
    },
	"hidetransformto":
    {
        "category":"master",
        "sounds":[
            {
                "name":"hide/hidetransformto"
            }
        ]
    },
	"hidewhistle":
    {
        "category":"master",
        "sounds":[
            {
                "name":"hide/hidewhistle"
            }
        ]
    },
	"hidecatrole":
    {
        "category":"master",
        "sounds":[
            {
                "name":"hide/hidecatrole"
            }
        ]
    },
	"hidechaseloop":
    {
        "category":"master",
        "sounds":[
            {
                "name":"hide/hidechaseloop"
            }
        ]
    },
	"hidechaseoutro":
    {
        "category":"master",
        "sounds":[
            {
                "name":"hide/hidechaseoutro"
            }
        ]
    },
	"bowarchery":
	{
        "sounds":[
            {
        "name": "bow/archery1",
        "stream": true
            },
            {
        "name": "bow/archery2",
        "stream": true
            },
            {
        "name": "bow/archery3",
        "stream": true
            }
        ]
    },
	"bowblast":
	{
        "sounds":[
            {
        "name": "bow/blast1",
        "stream": true
            },
            {
        "name": "bow/blast2",
        "stream": true
            },
            {
        "name": "bow/blast3",
        "stream": true
            }
        ]
    },
	"bowopen":
    {
        "category":"master",
        "sounds":[
            {
                "name":"bow/open"
            }
        ]
    },
	"bowclose":
    {
        "category":"master",
        "sounds":[
            {
                "name":"bow/close"
            }
        ]
    },
	"pullbow":
    {
        "category":"master",
        "sounds":[
            {
                "name":"bow/pullbow"
            }
        ]
    },
	"pullbowfull":
    {
        "category":"master",
        "sounds":[
            {
                "name":"bow/pullbowfull"
            }
        ]
    },
	"pullbowloop":
    {
        "category":"master",
        "sounds":[
            {
                "name":"bow/pullbowloop"
            }
        ]
    },
	"bowreload":
    {
        "category":"master",
        "sounds":[
            {
                "name":"bow/reload"
            }
        ]
    },
	"bowwhistle":
    {
        "category":"master",
        "sounds":[
            {
                "name":"bow/whistle"
            }
        ]
    }
}