{
	"credit": "Made with Blockbench",
	"texture_size": [256, 256],
	"textures": {
		"2": "new/gold",
		"particle": "new/gold"
	},
	"elements": [
		{
			"name": "hexadecagon",
			"from": [6.4087, 0, 6.75],
			"to": [9.5913, 16, 7.75],
			"rotation": {"angle": -45, "axis": "z", "origin": [8, 8, 7.25]},
			"faces": {
				"north": {"uv": [0, 0, 0.375, 2], "texture": "#2"},
				"east": {"uv": [2.25, 4.25, 2.375, 6.25], "texture": "#2"},
				"south": {"uv": [0.375, 0.375, 0.75, 2.375], "texture": "#2"},
				"west": {"uv": [2.375, 4.25, 2.5, 6.25], "texture": "#2"},
				"up": {"uv": [4.5, 7.3125, 4.875, 7.4375], "texture": "#2"},
				"down": {"uv": [5.5, 7.3125, 5.875, 7.4375], "texture": "#2"}
			}
		},
		{
			"name": "hexadecagon",
			"from": [6.4087, 0, 8.25],
			"to": [9.5913, 16, 9.25],
			"rotation": {"angle": -45, "axis": "z", "origin": [8, 8, 8.75]},
			"faces": {
				"north": {"uv": [0.75, 2.75, 1.125, 4.75], "texture": "#2"},
				"east": {"uv": [4.75, 0, 4.875, 2], "texture": "#2"},
				"south": {"uv": [2.625, 3, 3, 5], "texture": "#2"},
				"west": {"uv": [4.5, 4.875, 4.625, 6.875], "texture": "#2"},
				"up": {"uv": [7.5, 6.375, 7.875, 6.5], "texture": "#2"},
				"down": {"uv": [0.3125, 7.5625, 0.6875, 7.6875], "texture": "#2"}
			}
		},
		{
			"name": "hexadecagon",
			"from": [6.4087, 0, 6.75],
			"to": [9.5913, 16, 7.75],
			"rotation": {"angle": -22.5, "axis": "z", "origin": [8, 8, 7.25]},
			"faces": {
				"north": {"uv": [0.75, 0.75, 1.125, 2.75], "texture": "#2"},
				"east": {"uv": [2.5, 4.25, 2.625, 6.25], "texture": "#2"},
				"south": {"uv": [1.125, 1.125, 1.5, 3.125], "texture": "#2"},
				"west": {"uv": [0.375, 4.375, 0.5, 6.375], "texture": "#2"},
				"up": {"uv": [5.875, 7.3125, 6.25, 7.4375], "texture": "#2"},
				"down": {"uv": [6.25, 7.3125, 6.625, 7.4375], "texture": "#2"}
			}
		},
		{
			"name": "hexadecagon",
			"from": [6.4087, 0, 8.25],
			"to": [9.5913, 16, 9.25],
			"rotation": {"angle": -22.5, "axis": "z", "origin": [8, 8, 8.75]},
			"faces": {
				"north": {"uv": [3, 3, 3.375, 5], "texture": "#2"},
				"east": {"uv": [4.625, 4.875, 4.75, 6.875], "texture": "#2"},
				"south": {"uv": [1.125, 3.125, 1.5, 5.125], "texture": "#2"},
				"west": {"uv": [4.75, 4.875, 4.875, 6.875], "texture": "#2"},
				"up": {"uv": [0.6875, 7.5625, 1.0625, 7.6875], "texture": "#2"},
				"down": {"uv": [1.0625, 7.5625, 1.4375, 7.6875], "texture": "#2"}
			}
		},
		{
			"name": "hexadecagon",
			"from": [6.4087, 0, 6.75],
			"to": [9.5913, 16, 7.75],
			"rotation": {"angle": 0, "axis": "z", "origin": [8, 8, 7.25]},
			"faces": {
				"north": {"uv": [1.5, 1.5, 1.875, 3.5], "texture": "#2"},
				"east": {"uv": [0.5, 4.375, 0.625, 6.375], "texture": "#2"},
				"south": {"uv": [1.875, 1.875, 2.25, 3.875], "texture": "#2"},
				"west": {"uv": [0.625, 4.375, 0.75, 6.375], "texture": "#2"},
				"up": {"uv": [6.625, 7.3125, 7, 7.4375], "texture": "#2"},
				"down": {"uv": [7, 7.3125, 7.375, 7.4375], "texture": "#2"}
			}
		},
		{
			"name": "hexadecagon",
			"from": [6.4087, 0, 8.25],
			"to": [9.5913, 16, 9.25],
			"rotation": {"angle": 0, "axis": "z", "origin": [8, 8, 8.75]},
			"faces": {
				"north": {"uv": [3.375, 3.375, 3.75, 5.375], "texture": "#2"},
				"east": {"uv": [4.875, 4.875, 5, 6.875], "texture": "#2"},
				"south": {"uv": [1.5, 3.5, 1.875, 5.5], "texture": "#2"},
				"west": {"uv": [4.875, 0, 5, 2], "texture": "#2"},
				"up": {"uv": [1.4375, 7.5625, 1.8125, 7.6875], "texture": "#2"},
				"down": {"uv": [4.5, 7.5625, 4.875, 7.6875], "texture": "#2"}
			}
		},
		{
			"name": "hexadecagon",
			"from": [9.9087, 0.75, 6.5],
			"to": [11.0913, 9, 8],
			"rotation": {"angle": 0, "axis": "z", "origin": [8.75, 8, 7.25]},
			"faces": {
				"north": {"uv": [2.125, 0, 2.25, 1.0625], "texture": "#2"},
				"east": {"uv": [3.125, 5, 3.3125, 6.0625], "texture": "#2"},
				"south": {"uv": [5.5625, 5.5625, 5.6875, 6.625], "texture": "#2"},
				"west": {"uv": [5, 0, 5.1875, 1.0625], "texture": "#2"},
				"up": {"uv": [7.9375, 7.4375, 8.0625, 7.625], "texture": "#2"},
				"down": {"uv": [1, 8, 1.125, 8.1875], "texture": "#2"}
			}
		},
		{
			"name": "hexadecagon",
			"from": [9.9087, 0.75, 8],
			"to": [11.0913, 9, 9.5],
			"rotation": {"angle": 0, "axis": "z", "origin": [8.75, 8, 8.75]},
			"faces": {
				"north": {"uv": [5.6875, 0, 5.8125, 1.0625], "texture": "#2"},
				"east": {"uv": [5, 5.125, 5.1875, 6.1875], "texture": "#2"},
				"south": {"uv": [3.6875, 5.75, 3.8125, 6.8125], "texture": "#2"},
				"west": {"uv": [5.1875, 5.1875, 5.375, 6.25], "texture": "#2"},
				"up": {"uv": [2.25, 8, 2.375, 8.1875], "texture": "#2"},
				"down": {"uv": [3.375, 8, 3.5, 8.1875], "texture": "#2"}
			}
		},
		{
			"name": "hexadecagon",
			"from": [6.09329, 0.75012, 6.49988],
			"to": [9.9087, 5.26184, 7.99988],
			"rotation": {"angle": 0, "axis": "z", "origin": [7.5674, 8.00012, 7.24988]},
			"faces": {
				"north": {"uv": [0.75, 0, 1.25, 0.5625], "texture": "#2"},
				"east": {"uv": [3.125, 6.0625, 3.3125, 6.625], "texture": "#2"},
				"south": {"uv": [1.125, 0.5625, 1.625, 1.125], "texture": "#2"},
				"west": {"uv": [5.8125, 6.1875, 6, 6.75], "texture": "#2"},
				"up": {"uv": [6.75, 3.1875, 7.25, 3.375], "texture": "#2"},
				"down": {"uv": [6.75, 3.375, 7.25, 3.5625], "texture": "#2"}
			}
		},
		{
			"name": "hexadecagon",
			"from": [6.09329, 0.75012, 8.00012],
			"to": [9.9087, 5.26184, 9.50012],
			"rotation": {"angle": 0, "axis": "z", "origin": [7.5674, 8.00012, 8.75012]},
			"faces": {
				"north": {"uv": [1.25, 0, 1.75, 0.5625], "texture": "#2"},
				"east": {"uv": [3.5, 6.25, 3.6875, 6.8125], "texture": "#2"},
				"south": {"uv": [1.625, 0.5625, 2.125, 1.125], "texture": "#2"},
				"west": {"uv": [5.375, 6.25, 5.5625, 6.8125], "texture": "#2"},
				"up": {"uv": [7, 7.125, 7.5, 7.3125], "texture": "#2"},
				"down": {"uv": [7.125, 1, 7.625, 1.1875], "texture": "#2"}
			}
		},
		{
			"name": "hexadecagon",
			"from": [4.9087, 0.75, 6.5],
			"to": [6.0913, 9, 8],
			"rotation": {"angle": 0, "axis": "z", "origin": [4.25, 8, 7.25]},
			"faces": {
				"north": {"uv": [5.5625, 0, 5.6875, 1.0625], "texture": "#2"},
				"east": {"uv": [1.125, 5.125, 1.3125, 6.1875], "texture": "#2"},
				"south": {"uv": [5.6875, 5.6875, 5.8125, 6.75], "texture": "#2"},
				"west": {"uv": [1.3125, 5.125, 1.5, 6.1875], "texture": "#2"},
				"up": {"uv": [1.125, 8, 1.25, 8.1875], "texture": "#2"},
				"down": {"uv": [1.25, 8, 1.375, 8.1875], "texture": "#2"}
			}
		},
		{
			"name": "hexadecagon",
			"from": [4.9087, 0.75, 8],
			"to": [6.0913, 9, 9.5],
			"rotation": {"angle": 0, "axis": "z", "origin": [4.25, 8, 8.75]},
			"faces": {
				"north": {"uv": [3.8125, 5.75, 3.9375, 6.8125], "texture": "#2"},
				"east": {"uv": [5.1875, 0, 5.375, 1.0625], "texture": "#2"},
				"south": {"uv": [3.9375, 5.75, 4.0625, 6.8125], "texture": "#2"},
				"west": {"uv": [3.3125, 5.375, 3.5, 6.4375], "texture": "#2"},
				"up": {"uv": [4.1875, 8, 4.3125, 8.1875], "texture": "#2"},
				"down": {"uv": [5.125, 8, 5.25, 8.1875], "texture": "#2"}
			}
		},
		{
			"name": "hexadecagon",
			"from": [6.0962, 7.75, 6.5],
			"to": [9.91942, 9, 8],
			"rotation": {"angle": 0, "axis": "z", "origin": [6.5, 8, 7.25]},
			"faces": {
				"north": {"uv": [6.625, 1.125, 7.125, 1.3125], "texture": "#2"},
				"east": {"uv": [7.75, 3.5625, 7.9375, 3.75], "texture": "#2"},
				"south": {"uv": [6.375, 6.6875, 6.875, 6.875], "texture": "#2"},
				"west": {"uv": [7.75, 4.125, 7.9375, 4.3125], "texture": "#2"},
				"up": {"uv": [6.6875, 5.125, 7.1875, 5.3125], "texture": "#2"},
				"down": {"uv": [6.6875, 5.3125, 7.1875, 5.5], "texture": "#2"}
			}
		},
		{
			"name": "hexadecagon",
			"from": [6.0962, 7.75, 8],
			"to": [9.91942, 9, 9.5],
			"rotation": {"angle": 0, "axis": "z", "origin": [6.5, 8, 8.75]},
			"faces": {
				"north": {"uv": [6.875, 2.75, 7.375, 2.9375], "texture": "#2"},
				"east": {"uv": [7.75, 7.25, 7.9375, 7.4375], "texture": "#2"},
				"south": {"uv": [6.875, 4.1875, 7.375, 4.375], "texture": "#2"},
				"west": {"uv": [7.75, 7.4375, 7.9375, 7.625], "texture": "#2"},
				"up": {"uv": [6.875, 6.6875, 7.375, 6.875], "texture": "#2"},
				"down": {"uv": [5.5, 6.9375, 6, 7.125], "texture": "#2"}
			}
		},
		{
			"name": "hexadecagon",
			"from": [7.2837, 6.5, 6.5],
			"to": [8.72411, 7.75, 8],
			"rotation": {"angle": 0, "axis": "z", "origin": [5.36719, 6.75, 7.25]},
			"faces": {
				"north": {"uv": [7.75, 5.5625, 7.9375, 5.75], "texture": "#2"},
				"east": {"uv": [7.75, 5.75, 7.9375, 5.9375], "texture": "#2"},
				"south": {"uv": [7.75, 5.9375, 7.9375, 6.125], "texture": "#2"},
				"west": {"uv": [7.75, 6.125, 7.9375, 6.3125], "texture": "#2"},
				"up": {"uv": [7.75, 6.5, 7.9375, 6.6875], "texture": "#2"},
				"down": {"uv": [7.75, 6.6875, 7.9375, 6.875], "texture": "#2"}
			}
		},
		{
			"name": "hexadecagon",
			"from": [7.2837, 6.5, 8],
			"to": [8.72411, 7.75, 9.5],
			"rotation": {"angle": 0, "axis": "z", "origin": [5.36719, 6.75, 8.75]},
			"faces": {
				"north": {"uv": [1.0625, 7.8125, 1.25, 8], "texture": "#2"},
				"east": {"uv": [1.25, 7.8125, 1.4375, 8], "texture": "#2"},
				"south": {"uv": [1.4375, 7.8125, 1.625, 8], "texture": "#2"},
				"west": {"uv": [1.625, 7.8125, 1.8125, 8], "texture": "#2"},
				"up": {"uv": [1.8125, 7.8125, 2, 8], "texture": "#2"},
				"down": {"uv": [2, 7.8125, 2.1875, 8], "texture": "#2"}
			}
		},
		{
			"name": "hexadecagon",
			"from": [6.08839, 5.25, 6.5],
			"to": [9.91161, 6.5, 8],
			"rotation": {"angle": 0, "axis": "z", "origin": [5.24219, 5.75, 7.25]},
			"faces": {
				"north": {"uv": [6.75, 1.3125, 7.25, 1.5], "texture": "#2"},
				"east": {"uv": [7.75, 6.875, 7.9375, 7.0625], "texture": "#2"},
				"south": {"uv": [6.75, 1.5, 7.25, 1.6875], "texture": "#2"},
				"west": {"uv": [7.75, 7.0625, 7.9375, 7.25], "texture": "#2"},
				"up": {"uv": [6.75, 1.6875, 7.25, 1.875], "texture": "#2"},
				"down": {"uv": [6.75, 3, 7.25, 3.1875], "texture": "#2"}
			}
		},
		{
			"name": "hexadecagon",
			"from": [6.08839, 5.25, 8],
			"to": [9.91161, 6.5, 9.5],
			"rotation": {"angle": 0, "axis": "z", "origin": [5.24219, 5.75, 8.75]},
			"faces": {
				"north": {"uv": [4.5, 7.125, 5, 7.3125], "texture": "#2"},
				"east": {"uv": [4, 7.8125, 4.1875, 8], "texture": "#2"},
				"south": {"uv": [5.5, 7.125, 6, 7.3125], "texture": "#2"},
				"west": {"uv": [4.1875, 7.8125, 4.375, 8], "texture": "#2"},
				"up": {"uv": [6, 7.125, 6.5, 7.3125], "texture": "#2"},
				"down": {"uv": [6.5, 7.125, 7, 7.3125], "texture": "#2"}
			}
		},
		{
			"name": "hexadecagon",
			"from": [5.22706, 9, 6.5],
			"to": [10.77294, 10.5, 8],
			"rotation": {"angle": 0, "axis": "z", "origin": [7.86523, 9, 7.25]},
			"faces": {
				"north": {"uv": [1.5, 1.125, 2.1875, 1.3125], "texture": "#2"},
				"east": {"uv": [7.75, 4.6875, 7.9375, 4.875], "texture": "#2"},
				"south": {"uv": [1.5, 1.3125, 2.1875, 1.5], "texture": "#2"},
				"west": {"uv": [7.75, 4.875, 7.9375, 5.0625], "texture": "#2"},
				"up": {"uv": [5.375, 1.75, 6.0625, 1.9375], "texture": "#2"},
				"down": {"uv": [5.375, 3, 6.0625, 3.1875], "texture": "#2"}
			}
		},
		{
			"name": "hexadecagon",
			"from": [5.22706, 9, 8],
			"to": [10.77294, 10.5, 9.5],
			"rotation": {"angle": 0, "axis": "z", "origin": [7.86523, 9, 8.75]},
			"faces": {
				"north": {"uv": [5.375, 3.1875, 6.0625, 3.375], "texture": "#2"},
				"east": {"uv": [0.6875, 7.8125, 0.875, 8], "texture": "#2"},
				"south": {"uv": [5.375, 5.125, 6.0625, 5.3125], "texture": "#2"},
				"west": {"uv": [0.875, 7.8125, 1.0625, 8], "texture": "#2"},
				"up": {"uv": [5.5625, 1.0625, 6.25, 1.25], "texture": "#2"},
				"down": {"uv": [5.5625, 1.25, 6.25, 1.4375], "texture": "#2"}
			}
		},
		{
			"name": "hexadecagon",
			"from": [5.9087, 10.5, 6.5],
			"to": [10.0913, 11, 8],
			"rotation": {"angle": 0, "axis": "z", "origin": [8, 10.5, 7.25]},
			"faces": {
				"north": {"uv": [5, 1.9375, 5.5, 2], "texture": "#2"},
				"east": {"uv": [5.1875, 5.125, 5.375, 5.1875], "texture": "#2"},
				"south": {"uv": [5.5, 1.9375, 6, 2], "texture": "#2"},
				"west": {"uv": [5.375, 5.3125, 5.5625, 5.375], "texture": "#2"},
				"up": {"uv": [6.6875, 5.5, 7.1875, 5.6875], "texture": "#2"},
				"down": {"uv": [0.5, 6.75, 1, 6.9375], "texture": "#2"}
			}
		},
		{
			"name": "hexadecagon",
			"from": [5.9087, 10.5, 8],
			"to": [10.0913, 11, 9.5],
			"rotation": {"angle": 0, "axis": "z", "origin": [8, 10.5, 8.75]},
			"faces": {
				"north": {"uv": [7.75, 2.8125, 8.25, 2.875], "texture": "#2"},
				"east": {"uv": [6.0625, 1.8125, 6.25, 1.875], "texture": "#2"},
				"south": {"uv": [7.9375, 1.25, 8.4375, 1.3125], "texture": "#2"},
				"west": {"uv": [6.125, 6.0625, 6.3125, 6.125], "texture": "#2"},
				"up": {"uv": [2.5, 7, 3, 7.1875], "texture": "#2"},
				"down": {"uv": [0, 7.0625, 0.5, 7.25], "texture": "#2"}
			}
		},
		{
			"name": "hexadecagon",
			"from": [6.94386, 11, 6.56836],
			"to": [9.07177, 13.5, 7.93164],
			"rotation": {"angle": 0, "axis": "z", "origin": [8, 11.25, 7.18164]},
			"faces": {
				"north": {"uv": [7.125, 4.8125, 7.375, 5.125], "texture": "#2"},
				"east": {"uv": [7.1875, 5.75, 7.375, 6.0625], "texture": "#2"},
				"south": {"uv": [7.1875, 0.4375, 7.4375, 0.75], "texture": "#2"},
				"west": {"uv": [7.1875, 6.0625, 7.375, 6.375], "texture": "#2"},
				"up": {"uv": [6.0625, 5.125, 6.3125, 5.3125], "texture": "#2"},
				"down": {"uv": [7.5, 3.5625, 7.75, 3.75], "texture": "#2"}
			}
		},
		{
			"name": "hexadecagon",
			"from": [6.94386, 11, 8.06836],
			"to": [9.07177, 13.5, 9.43164],
			"rotation": {"angle": 0, "axis": "z", "origin": [8, 11.25, 8.81836]},
			"faces": {
				"north": {"uv": [7.1875, 5.125, 7.4375, 5.4375], "texture": "#2"},
				"east": {"uv": [7.1875, 6.375, 7.375, 6.6875], "texture": "#2"},
				"south": {"uv": [7.1875, 5.4375, 7.4375, 5.75], "texture": "#2"},
				"west": {"uv": [0, 7.25, 0.1875, 7.5625], "texture": "#2"},
				"up": {"uv": [7.625, 3.375, 7.875, 3.5625], "texture": "#2"},
				"down": {"uv": [0.4375, 7.6875, 0.6875, 7.875], "texture": "#2"}
			}
		},
		{
			"name": "hexadecagon",
			"from": [6.1587, 12, 6.56836],
			"to": [9.8413, 13, 7.93164],
			"rotation": {"angle": 0, "axis": "z", "origin": [8, 11.75, 7.18164]},
			"faces": {
				"north": {"uv": [4, 7, 4.4375, 7.125], "texture": "#2"},
				"east": {"uv": [1.375, 8, 1.5625, 8.125], "texture": "#2"},
				"south": {"uv": [7.125, 1.1875, 7.5625, 1.3125], "texture": "#2"},
				"west": {"uv": [1.5625, 8, 1.75, 8.125], "texture": "#2"},
				"up": {"uv": [4.8125, 6.9375, 5.25, 7.125], "texture": "#2"},
				"down": {"uv": [7.125, 2.375, 7.5625, 2.5625], "texture": "#2"}
			}
		},
		{
			"name": "hexadecagon",
			"from": [6.1587, 12, 8.06836],
			"to": [9.8413, 13, 9.43164],
			"rotation": {"angle": 0, "axis": "z", "origin": [8, 11.75, 8.81836]},
			"faces": {
				"north": {"uv": [7.1875, 6.875, 7.625, 7], "texture": "#2"},
				"east": {"uv": [6.75, 8, 6.9375, 8.125], "texture": "#2"},
				"south": {"uv": [7.1875, 7, 7.625, 7.125], "texture": "#2"},
				"west": {"uv": [8, 8, 8.1875, 8.125], "texture": "#2"},
				"up": {"uv": [7.125, 2.5625, 7.5625, 2.75], "texture": "#2"},
				"down": {"uv": [7.125, 3.8125, 7.5625, 4], "texture": "#2"}
			}
		},
		{
			"name": "hexadecagon",
			"from": [6.67628, 11.5, 6.56836],
			"to": [9.32372, 12.25, 7.93164],
			"rotation": {"angle": 0, "axis": "z", "origin": [7.85352, 11.25, 7.18164]},
			"faces": {
				"north": {"uv": [7.75, 7.75, 8.0625, 7.875], "texture": "#2"},
				"east": {"uv": [1.75, 8, 1.9375, 8.125], "texture": "#2"},
				"south": {"uv": [7.75, 2.6875, 8.0625, 2.8125], "texture": "#2"},
				"west": {"uv": [1.9375, 8, 2.125, 8.125], "texture": "#2"},
				"up": {"uv": [0.75, 0.5625, 1.0625, 0.75], "texture": "#2"},
				"down": {"uv": [1.75, 0.375, 2.0625, 0.5625], "texture": "#2"}
			}
		},
		{
			"name": "hexadecagon",
			"from": [6.67628, 11.5, 8.06836],
			"to": [9.32372, 12.25, 9.43164],
			"rotation": {"angle": 0, "axis": "z", "origin": [7.85352, 11.25, 8.81836]},
			"faces": {
				"north": {"uv": [7.75, 3, 8.0625, 3.125], "texture": "#2"},
				"east": {"uv": [8, 0, 8.1875, 0.125], "texture": "#2"},
				"south": {"uv": [7.75, 3.125, 8.0625, 3.25], "texture": "#2"},
				"west": {"uv": [8, 0.125, 8.1875, 0.25], "texture": "#2"},
				"up": {"uv": [7.125, 4, 7.4375, 4.1875], "texture": "#2"},
				"down": {"uv": [7.1875, 3.5625, 7.5, 3.75], "texture": "#2"}
			}
		},
		{
			"name": "hexadecagon",
			"from": [11.09229, 1, 6.5],
			"to": [11.4663, 7.75, 8],
			"rotation": {"angle": 0, "axis": "z", "origin": [8.125, 8, 7.25]},
			"faces": {
				"north": {"uv": [2.875, 7.1875, 2.9375, 8.0625], "texture": "#2"},
				"east": {"uv": [5, 1.0625, 5.1875, 1.9375], "texture": "#2"},
				"south": {"uv": [2.9375, 7.1875, 3, 8.0625], "texture": "#2"},
				"west": {"uv": [5.1875, 1.0625, 5.375, 1.9375], "texture": "#2"},
				"up": {"uv": [0.6875, 0, 0.75, 0.1875], "texture": "#2"},
				"down": {"uv": [0.6875, 0.1875, 0.75, 0.375], "texture": "#2"}
			}
		},
		{
			"name": "hexadecagon",
			"from": [11.09229, 1, 8],
			"to": [11.4663, 7.75, 9.5],
			"rotation": {"angle": 0, "axis": "z", "origin": [8.125, 8, 8.75]},
			"faces": {
				"north": {"uv": [5.375, 7.1875, 5.4375, 8.0625], "texture": "#2"},
				"east": {"uv": [5.375, 0, 5.5625, 0.875], "texture": "#2"},
				"south": {"uv": [5.4375, 7.1875, 5.5, 8.0625], "texture": "#2"},
				"west": {"uv": [5.375, 0.875, 5.5625, 1.75], "texture": "#2"},
				"up": {"uv": [3.6875, 5.5625, 3.75, 5.75], "texture": "#2"},
				"down": {"uv": [4.0625, 5.75, 4.125, 5.9375], "texture": "#2"}
			}
		},
		{
			"name": "hexadecagon",
			"from": [4.5337, 1, 6.5],
			"to": [4.98974, 7.75, 8],
			"rotation": {"angle": 0, "axis": "z", "origin": [7.875, 8, 7.25]},
			"faces": {
				"north": {"uv": [3.875, 7.1875, 3.9375, 8.0625], "texture": "#2"},
				"east": {"uv": [3.5, 5.375, 3.6875, 6.25], "texture": "#2"},
				"south": {"uv": [3.9375, 7.1875, 4, 8.0625], "texture": "#2"},
				"west": {"uv": [5.375, 5.375, 5.5625, 6.25], "texture": "#2"},
				"up": {"uv": [2.1875, 1.6875, 2.25, 1.875], "texture": "#2"},
				"down": {"uv": [3.3125, 5, 3.375, 5.1875], "texture": "#2"}
			}
		},
		{
			"name": "hexadecagon",
			"from": [4.5337, 1, 8],
			"to": [4.98974, 7.75, 9.5],
			"rotation": {"angle": 0, "axis": "z", "origin": [7.875, 8, 8.75]},
			"faces": {
				"north": {"uv": [0.1875, 7.25, 0.25, 8.125], "texture": "#2"},
				"east": {"uv": [1.5, 5.5, 1.6875, 6.375], "texture": "#2"},
				"south": {"uv": [0.25, 7.25, 0.3125, 8.125], "texture": "#2"},
				"west": {"uv": [1.6875, 5.5, 1.875, 6.375], "texture": "#2"},
				"up": {"uv": [0.3125, 6, 0.375, 6.1875], "texture": "#2"},
				"down": {"uv": [2.1875, 6.0625, 2.25, 6.25], "texture": "#2"}
			}
		},
		{
			"name": "hexadecagon",
			"from": [11.46729, 1.85156, 6.5],
			"to": [11.8413, 5.35156, 8],
			"rotation": {"angle": 0, "axis": "z", "origin": [8, 8.10156, 7.25]},
			"faces": {
				"north": {"uv": [2.0625, 0, 2.125, 0.4375], "texture": "#2"},
				"east": {"uv": [3.5, 7.0625, 3.6875, 7.5], "texture": "#2"},
				"south": {"uv": [2.1875, 1.0625, 2.25, 1.5], "texture": "#2"},
				"west": {"uv": [5, 7.125, 5.1875, 7.5625], "texture": "#2"},
				"up": {"uv": [1.0625, 0.5625, 1.125, 0.75], "texture": "#2"},
				"down": {"uv": [2.1875, 1.5, 2.25, 1.6875], "texture": "#2"}
			}
		},
		{
			"name": "hexadecagon",
			"from": [11.46729, 1.85156, 8],
			"to": [11.8413, 5.35156, 9.5],
			"rotation": {"angle": 0, "axis": "z", "origin": [8, 8.10156, 8.75]},
			"faces": {
				"north": {"uv": [0.125, 8, 0.1875, 8.4375], "texture": "#2"},
				"east": {"uv": [2.6875, 7.1875, 2.875, 7.625], "texture": "#2"},
				"south": {"uv": [0.8125, 8, 0.875, 8.4375], "texture": "#2"},
				"west": {"uv": [3.6875, 7.1875, 3.875, 7.625], "texture": "#2"},
				"up": {"uv": [2.1875, 5.875, 2.25, 6.0625], "texture": "#2"},
				"down": {"uv": [4.0625, 5.9375, 4.125, 6.125], "texture": "#2"}
			}
		},
		{
			"name": "hexadecagon",
			"from": [4.1587, 1.85156, 6.5],
			"to": [4.53271, 5.35156, 8],
			"rotation": {"angle": 0, "axis": "z", "origin": [8, 8.10156, 7.25]},
			"faces": {
				"north": {"uv": [0.125, 7.5625, 0.1875, 8], "texture": "#2"},
				"east": {"uv": [7.125, 4.375, 7.3125, 4.8125], "texture": "#2"},
				"south": {"uv": [2.1875, 7.8125, 2.25, 8.25], "texture": "#2"},
				"west": {"uv": [2.5, 7.1875, 2.6875, 7.625], "texture": "#2"},
				"up": {"uv": [3.3125, 5.1875, 3.375, 5.375], "texture": "#2"},
				"down": {"uv": [3.6875, 5.375, 3.75, 5.5625], "texture": "#2"}
			}
		},
		{
			"name": "hexadecagon",
			"from": [4.1587, 1.85156, 8],
			"to": [4.53271, 5.35156, 9.5],
			"rotation": {"angle": 0, "axis": "z", "origin": [8, 8.10156, 8.75]},
			"faces": {
				"north": {"uv": [0.875, 8, 0.9375, 8.4375], "texture": "#2"},
				"east": {"uv": [5.1875, 7.1875, 5.375, 7.625], "texture": "#2"},
				"south": {"uv": [0.9375, 8, 1, 8.4375], "texture": "#2"},
				"west": {"uv": [7.1875, 0, 7.375, 0.4375], "texture": "#2"},
				"up": {"uv": [0.3125, 6.1875, 0.375, 6.375], "texture": "#2"},
				"down": {"uv": [3.3125, 6.4375, 3.375, 6.625], "texture": "#2"}
			}
		},
		{
			"name": "hexadecagon",
			"from": [5.9087, 1, 6.5],
			"to": [10.0913, 1.75, 8],
			"rotation": {"angle": 0, "axis": "z", "origin": [8, 4.5, 7.25]},
			"faces": {
				"north": {"uv": [5, 4.875, 5.5, 5], "texture": "#2"},
				"east": {"uv": [3.625, 8, 3.8125, 8.125], "texture": "#2"},
				"south": {"uv": [5.5, 4.875, 6, 5], "texture": "#2"},
				"west": {"uv": [4, 8, 4.1875, 8.125], "texture": "#2"},
				"up": {"uv": [1, 6.75, 1.5, 6.9375], "texture": "#2"},
				"down": {"uv": [5.5625, 6.75, 6.0625, 6.9375], "texture": "#2"}
			}
		},
		{
			"name": "hexadecagon",
			"from": [5.9087, 1, 8],
			"to": [10.0913, 1.75, 9.5],
			"rotation": {"angle": 0, "axis": "z", "origin": [8, 4.5, 8.75]},
			"faces": {
				"north": {"uv": [6, 4.875, 6.5, 5], "texture": "#2"},
				"east": {"uv": [8, 0.25, 8.1875, 0.375], "texture": "#2"},
				"south": {"uv": [6.0625, 1.875, 6.5625, 2], "texture": "#2"},
				"west": {"uv": [8, 0.75, 8.1875, 0.875], "texture": "#2"},
				"up": {"uv": [3, 7.0625, 3.5, 7.25], "texture": "#2"},
				"down": {"uv": [4, 7.125, 4.5, 7.3125], "texture": "#2"}
			}
		},
		{
			"name": "hexadecagon",
			"from": [6.4087, 0, 6.75],
			"to": [9.5913, 16, 7.75],
			"rotation": {"angle": 22.5, "axis": "z", "origin": [8, 8, 7.25]},
			"faces": {
				"north": {"uv": [0, 2, 0.375, 4], "texture": "#2"},
				"east": {"uv": [4.625, 0, 4.75, 2], "texture": "#2"},
				"south": {"uv": [2.25, 2.25, 2.625, 4.25], "texture": "#2"},
				"west": {"uv": [0.75, 4.75, 0.875, 6.75], "texture": "#2"},
				"up": {"uv": [7.3125, 4.375, 7.6875, 4.5], "texture": "#2"},
				"down": {"uv": [7.3125, 4.5, 7.6875, 4.625], "texture": "#2"}
			}
		},
		{
			"name": "hexadecagon",
			"from": [6.4087, 0, 8.25],
			"to": [9.5913, 16, 9.25],
			"rotation": {"angle": 22.5, "axis": "z", "origin": [8, 8, 8.75]},
			"faces": {
				"north": {"uv": [3.75, 3.75, 4.125, 5.75], "texture": "#2"},
				"east": {"uv": [2.625, 5, 2.75, 7], "texture": "#2"},
				"south": {"uv": [1.875, 3.875, 2.25, 5.875], "texture": "#2"},
				"west": {"uv": [2.75, 5, 2.875, 7], "texture": "#2"},
				"up": {"uv": [5.5, 7.5625, 5.875, 7.6875], "texture": "#2"},
				"down": {"uv": [5.875, 7.5625, 6.25, 7.6875], "texture": "#2"}
			}
		},
		{
			"name": "hexadecagon",
			"from": [6.4087, 0, 6.75],
			"to": [9.5913, 16, 7.75],
			"rotation": {"angle": 45, "axis": "z", "origin": [8, 8, 7.25]},
			"faces": {
				"north": {"uv": [2.25, 0, 2.625, 2], "texture": "#2"},
				"east": {"uv": [0.875, 4.75, 1, 6.75], "texture": "#2"},
				"south": {"uv": [0.375, 2.375, 0.75, 4.375], "texture": "#2"},
				"west": {"uv": [1, 4.75, 1.125, 6.75], "texture": "#2"},
				"up": {"uv": [7.3125, 4.625, 7.6875, 4.75], "texture": "#2"},
				"down": {"uv": [3, 7.375, 3.375, 7.5], "texture": "#2"}
			}
		},
		{
			"name": "hexadecagon",
			"from": [6.4087, 0, 8.25],
			"to": [9.5913, 16, 9.25],
			"rotation": {"angle": 45, "axis": "z", "origin": [8, 8, 8.75]},
			"faces": {
				"north": {"uv": [0, 4, 0.375, 6], "texture": "#2"},
				"east": {"uv": [2.875, 5, 3, 7], "texture": "#2"},
				"south": {"uv": [4.125, 4.125, 4.5, 6.125], "texture": "#2"},
				"west": {"uv": [3, 5, 3.125, 7], "texture": "#2"},
				"up": {"uv": [6.25, 7.5625, 6.625, 7.6875], "texture": "#2"},
				"down": {"uv": [6.625, 7.5625, 7, 7.6875], "texture": "#2"}
			}
		},
		{
			"name": "hexadecagon",
			"from": [0, 6.4087, 6.75],
			"to": [16, 9.5913, 7.75],
			"rotation": {"angle": -22.5, "axis": "z", "origin": [8, 8, 7.25]},
			"faces": {
				"north": {"uv": [2.625, 2.625, 4.625, 3], "texture": "#2"},
				"east": {"uv": [4.875, 7.3125, 5, 7.6875], "texture": "#2"},
				"south": {"uv": [2.625, 0, 4.625, 0.375], "texture": "#2"},
				"west": {"uv": [7.375, 7.375, 7.5, 7.75], "texture": "#2"},
				"up": {"uv": [4.5, 4.125, 6.5, 4.25], "texture": "#2"},
				"down": {"uv": [4.5, 4.25, 6.5, 4.375], "texture": "#2"}
			}
		},
		{
			"name": "hexadecagon",
			"from": [0, 6.4087, 8.25],
			"to": [16, 9.5913, 9.25],
			"rotation": {"angle": -22.5, "axis": "z", "origin": [8, 8, 8.75]},
			"faces": {
				"north": {"uv": [2.625, 1.875, 4.625, 2.25], "texture": "#2"},
				"east": {"uv": [5, 7.5625, 5.125, 7.9375], "texture": "#2"},
				"south": {"uv": [2.625, 2.25, 4.625, 2.625], "texture": "#2"},
				"west": {"uv": [7, 7.5625, 7.125, 7.9375], "texture": "#2"},
				"up": {"uv": [4.625, 2.375, 6.625, 2.5], "texture": "#2"},
				"down": {"uv": [4.625, 2.5, 6.625, 2.625], "texture": "#2"}
			}
		},
		{
			"name": "hexadecagon",
			"from": [0, 6.4087, 6.75],
			"to": [16, 9.5913, 7.75],
			"rotation": {"angle": 0, "axis": "z", "origin": [8, 8, 7.25]},
			"faces": {
				"north": {"uv": [2.625, 0.375, 4.625, 0.75], "texture": "#2"},
				"east": {"uv": [7.375, 0, 7.5, 0.375], "texture": "#2"},
				"south": {"uv": [2.625, 0.75, 4.625, 1.125], "texture": "#2"},
				"west": {"uv": [7.375, 4.75, 7.5, 5.125], "texture": "#2"},
				"up": {"uv": [4.5, 4.375, 6.5, 4.5], "texture": "#2"},
				"down": {"uv": [4.625, 2, 6.625, 2.125], "texture": "#2"}
			}
		},
		{
			"name": "hexadecagon",
			"from": [0, 6.4087, 8.25],
			"to": [16, 9.5913, 9.25],
			"rotation": {"angle": 0, "axis": "z", "origin": [8, 8, 8.75]},
			"faces": {
				"north": {"uv": [3.375, 3, 5.375, 3.375], "texture": "#2"},
				"east": {"uv": [7.125, 7.5625, 7.25, 7.9375], "texture": "#2"},
				"south": {"uv": [3.75, 3.375, 5.75, 3.75], "texture": "#2"},
				"west": {"uv": [7.25, 7.5625, 7.375, 7.9375], "texture": "#2"},
				"up": {"uv": [4.625, 2.625, 6.625, 2.75], "texture": "#2"},
				"down": {"uv": [4.625, 2.75, 6.625, 2.875], "texture": "#2"}
			}
		},
		{
			"name": "hexadecagon",
			"from": [0, 6.4087, 6.75],
			"to": [16, 9.5913, 7.75],
			"rotation": {"angle": 22.5, "axis": "z", "origin": [8, 8, 7.25]},
			"faces": {
				"north": {"uv": [2.625, 1.125, 4.625, 1.5], "texture": "#2"},
				"east": {"uv": [7.375, 5.75, 7.5, 6.125], "texture": "#2"},
				"south": {"uv": [2.625, 1.5, 4.625, 1.875], "texture": "#2"},
				"west": {"uv": [7.375, 6.125, 7.5, 6.5], "texture": "#2"},
				"up": {"uv": [4.625, 2.125, 6.625, 2.25], "texture": "#2"},
				"down": {"uv": [4.625, 2.25, 6.625, 2.375], "texture": "#2"}
			}
		},
		{
			"name": "hexadecagon",
			"from": [0, 6.4087, 8.25],
			"to": [16, 9.5913, 9.25],
			"rotation": {"angle": 22.5, "axis": "z", "origin": [8, 8, 8.75]},
			"faces": {
				"north": {"uv": [4.125, 3.75, 6.125, 4.125], "texture": "#2"},
				"east": {"uv": [7.5625, 2.3125, 7.6875, 2.6875], "texture": "#2"},
				"south": {"uv": [4.5, 4.5, 6.5, 4.875], "texture": "#2"},
				"west": {"uv": [7.5625, 5.25, 7.6875, 5.625], "texture": "#2"},
				"up": {"uv": [4.625, 2.875, 6.625, 3], "texture": "#2"},
				"down": {"uv": [5, 5, 7, 5.125], "texture": "#2"}
			}
		},
		{
			"name": "hexadecagon",
			"from": [6.4087, 0, 6.25],
			"to": [9.5913, 1, 8.25],
			"rotation": {"angle": -45, "axis": "z", "origin": [8, 8, 7.25]},
			"faces": {
				"north": {"uv": [7.375, 2.75, 7.75, 2.875], "texture": "#2"},
				"east": {"uv": [6.5, 4.875, 6.75, 5], "texture": "#2"},
				"south": {"uv": [7.375, 4.1875, 7.75, 4.3125], "texture": "#2"},
				"west": {"uv": [6.875, 1, 7.125, 1.125], "texture": "#2"},
				"up": {"uv": [2.25, 2, 2.625, 2.25], "texture": "#2"},
				"down": {"uv": [6.3125, 5.4375, 6.6875, 5.6875], "texture": "#2"}
			}
		},
		{
			"name": "hexadecagon",
			"from": [6.4087, 0, 7.75],
			"to": [9.5913, 1, 9.75],
			"rotation": {"angle": -45, "axis": "z", "origin": [8, 8, 8.75]},
			"faces": {
				"north": {"uv": [7.5625, 1.1875, 7.9375, 1.3125], "texture": "#2"},
				"east": {"uv": [7.875, 3.375, 8.125, 3.5], "texture": "#2"},
				"south": {"uv": [7.5625, 3.75, 7.9375, 3.875], "texture": "#2"},
				"west": {"uv": [7.875, 6.3125, 8.125, 6.4375], "texture": "#2"},
				"up": {"uv": [1.5, 6.6875, 1.875, 6.9375], "texture": "#2"},
				"down": {"uv": [4.0625, 6.75, 4.4375, 7], "texture": "#2"}
			}
		},
		{
			"name": "hexadecagon",
			"from": [6.4087, 0, 6.25],
			"to": [9.5913, 1, 8.25],
			"rotation": {"angle": -22.5, "axis": "z", "origin": [8, 8, 7.25]},
			"faces": {
				"north": {"uv": [7.375, 6.5, 7.75, 6.625], "texture": "#2"},
				"east": {"uv": [6.875, 4.375, 7.125, 4.5], "texture": "#2"},
				"south": {"uv": [7.375, 6.625, 7.75, 6.75], "texture": "#2"},
				"west": {"uv": [7.75, 3.25, 8, 3.375], "texture": "#2"},
				"up": {"uv": [6.375, 1.375, 6.75, 1.625], "texture": "#2"},
				"down": {"uv": [6.375, 1.625, 6.75, 1.875], "texture": "#2"}
			}
		},
		{
			"name": "hexadecagon",
			"from": [6.4087, 0, 7.75],
			"to": [9.5913, 1, 9.75],
			"rotation": {"angle": -22.5, "axis": "z", "origin": [8, 8, 8.75]},
			"faces": {
				"north": {"uv": [7.5625, 3.875, 7.9375, 4], "texture": "#2"},
				"east": {"uv": [4.5, 7.9375, 4.75, 8.0625], "texture": "#2"},
				"south": {"uv": [2.4375, 7.625, 2.8125, 7.75], "texture": "#2"},
				"west": {"uv": [5.5, 7.9375, 5.75, 8.0625], "texture": "#2"},
				"up": {"uv": [6.75, 4.5, 7.125, 4.75], "texture": "#2"},
				"down": {"uv": [6.75, 4.75, 7.125, 5], "texture": "#2"}
			}
		},
		{
			"name": "hexadecagon",
			"from": [6.4087, 0, 6.25],
			"to": [9.5913, 1, 8.25],
			"rotation": {"angle": 0, "axis": "z", "origin": [8, 8, 7.25]},
			"faces": {
				"north": {"uv": [7.375, 6.75, 7.75, 6.875], "texture": "#2"},
				"east": {"uv": [4.375, 7.8125, 4.625, 7.9375], "texture": "#2"},
				"south": {"uv": [0.3125, 7.4375, 0.6875, 7.5625], "texture": "#2"},
				"west": {"uv": [4.625, 7.8125, 4.875, 7.9375], "texture": "#2"},
				"up": {"uv": [6.375, 3, 6.75, 3.25], "texture": "#2"},
				"down": {"uv": [6.375, 3.25, 6.75, 3.5], "texture": "#2"}
			}
		},
		{
			"name": "hexadecagon",
			"from": [6.4087, 0, 7.75],
			"to": [9.5913, 1, 9.75],
			"rotation": {"angle": 0, "axis": "z", "origin": [8, 8, 8.75]},
			"faces": {
				"north": {"uv": [7.625, 7.625, 8, 7.75], "texture": "#2"},
				"east": {"uv": [5.75, 7.9375, 6, 8.0625], "texture": "#2"},
				"south": {"uv": [7.625, 0, 8, 0.125], "texture": "#2"},
				"west": {"uv": [6, 7.9375, 6.25, 8.0625], "texture": "#2"},
				"up": {"uv": [3.375, 6.8125, 3.75, 7.0625], "texture": "#2"},
				"down": {"uv": [6.8125, 0, 7.1875, 0.25], "texture": "#2"}
			}
		},
		{
			"name": "hexadecagon",
			"from": [6.4087, 0, 6.25],
			"to": [9.5913, 1, 8.25],
			"rotation": {"angle": 22.5, "axis": "z", "origin": [8, 8, 7.25]},
			"faces": {
				"north": {"uv": [0.6875, 7.4375, 1.0625, 7.5625], "texture": "#2"},
				"east": {"uv": [5.5, 7.8125, 5.75, 7.9375], "texture": "#2"},
				"south": {"uv": [1.0625, 7.4375, 1.4375, 7.5625], "texture": "#2"},
				"west": {"uv": [5.75, 7.8125, 6, 7.9375], "texture": "#2"},
				"up": {"uv": [6.375, 3.5, 6.75, 3.75], "texture": "#2"},
				"down": {"uv": [6.4375, 6.4375, 6.8125, 6.6875], "texture": "#2"}
			}
		},
		{
			"name": "hexadecagon",
			"from": [6.4087, 0, 7.75],
			"to": [9.5913, 1, 9.75],
			"rotation": {"angle": 22.5, "axis": "z", "origin": [8, 8, 8.75]},
			"faces": {
				"north": {"uv": [7.625, 0.125, 8, 0.25], "texture": "#2"},
				"east": {"uv": [6.25, 7.9375, 6.5, 8.0625], "texture": "#2"},
				"south": {"uv": [7.625, 0.25, 8, 0.375], "texture": "#2"},
				"west": {"uv": [6.5, 7.9375, 6.75, 8.0625], "texture": "#2"},
				"up": {"uv": [6.8125, 0.25, 7.1875, 0.5], "texture": "#2"},
				"down": {"uv": [6.8125, 0.5, 7.1875, 0.75], "texture": "#2"}
			}
		},
		{
			"name": "hexadecagon",
			"from": [6.4087, 0, 6.25],
			"to": [9.5913, 1, 8.25],
			"rotation": {"angle": 45, "axis": "z", "origin": [8, 8, 7.25]},
			"faces": {
				"north": {"uv": [1.4375, 7.4375, 1.8125, 7.5625], "texture": "#2"},
				"east": {"uv": [6, 7.8125, 6.25, 7.9375], "texture": "#2"},
				"south": {"uv": [4.5, 7.4375, 4.875, 7.5625], "texture": "#2"},
				"west": {"uv": [6.25, 7.8125, 6.5, 7.9375], "texture": "#2"},
				"up": {"uv": [6.4375, 0, 6.8125, 0.25], "texture": "#2"},
				"down": {"uv": [6.4375, 0.25, 6.8125, 0.5], "texture": "#2"}
			}
		},
		{
			"name": "hexadecagon",
			"from": [6.4087, 0, 7.75],
			"to": [9.5913, 1, 9.75],
			"rotation": {"angle": 45, "axis": "z", "origin": [8, 8, 8.75]},
			"faces": {
				"north": {"uv": [7.625, 0.75, 8, 0.875], "texture": "#2"},
				"east": {"uv": [7, 7.9375, 7.25, 8.0625], "texture": "#2"},
				"south": {"uv": [7.625, 0.875, 8, 1], "texture": "#2"},
				"west": {"uv": [7.9375, 1.125, 8.1875, 1.25], "texture": "#2"},
				"up": {"uv": [6.8125, 3.5625, 7.1875, 3.8125], "texture": "#2"},
				"down": {"uv": [6.8125, 5.6875, 7.1875, 5.9375], "texture": "#2"}
			}
		},
		{
			"name": "hexadecagon",
			"from": [6.4087, 15, 6.25],
			"to": [9.5913, 16, 8.25],
			"rotation": {"angle": -45, "axis": "z", "origin": [8, 8, 7.25]},
			"faces": {
				"north": {"uv": [5.5, 7.4375, 5.875, 7.5625], "texture": "#2"},
				"east": {"uv": [6.5, 7.8125, 6.75, 7.9375], "texture": "#2"},
				"south": {"uv": [5.875, 7.4375, 6.25, 7.5625], "texture": "#2"},
				"west": {"uv": [7.8125, 0.375, 8.0625, 0.5], "texture": "#2"},
				"up": {"uv": [6.4375, 0.5, 6.8125, 0.75], "texture": "#2"},
				"down": {"uv": [6.4375, 3.75, 6.8125, 4], "texture": "#2"}
			}
		},
		{
			"name": "hexadecagon",
			"from": [6.4087, 15, 7.75],
			"to": [9.5913, 16, 9.75],
			"rotation": {"angle": -45, "axis": "z", "origin": [8, 8, 8.75]},
			"faces": {
				"north": {"uv": [7.625, 1, 8, 1.125], "texture": "#2"},
				"east": {"uv": [7.9375, 3.5, 8.1875, 3.625], "texture": "#2"},
				"south": {"uv": [7.625, 1.3125, 8, 1.4375], "texture": "#2"},
				"west": {"uv": [7.9375, 3.625, 8.1875, 3.75], "texture": "#2"},
				"up": {"uv": [6.8125, 5.9375, 7.1875, 6.1875], "texture": "#2"},
				"down": {"uv": [6.8125, 6.1875, 7.1875, 6.4375], "texture": "#2"}
			}
		},
		{
			"name": "hexadecagon",
			"from": [6.4087, 15, 6.25],
			"to": [9.5913, 16, 8.25],
			"rotation": {"angle": -22.5, "axis": "z", "origin": [8, 8, 7.25]},
			"faces": {
				"north": {"uv": [6.25, 7.4375, 6.625, 7.5625], "texture": "#2"},
				"east": {"uv": [7.8125, 0.5, 8.0625, 0.625], "texture": "#2"},
				"south": {"uv": [6.625, 7.4375, 7, 7.5625], "texture": "#2"},
				"west": {"uv": [7.8125, 0.625, 8.0625, 0.75], "texture": "#2"},
				"up": {"uv": [6.4375, 5.6875, 6.8125, 5.9375], "texture": "#2"},
				"down": {"uv": [6.4375, 5.9375, 6.8125, 6.1875], "texture": "#2"}
			}
		},
		{
			"name": "hexadecagon",
			"from": [6.4087, 15, 7.75],
			"to": [9.5913, 16, 9.75],
			"rotation": {"angle": -22.5, "axis": "z", "origin": [8, 8, 8.75]},
			"faces": {
				"north": {"uv": [7.625, 1.4375, 8, 1.5625], "texture": "#2"},
				"east": {"uv": [7.9375, 3.75, 8.1875, 3.875], "texture": "#2"},
				"south": {"uv": [7.625, 1.5625, 8, 1.6875], "texture": "#2"},
				"west": {"uv": [7.9375, 3.875, 8.1875, 4], "texture": "#2"},
				"up": {"uv": [6.8125, 6.4375, 7.1875, 6.6875], "texture": "#2"},
				"down": {"uv": [4.4375, 6.875, 4.8125, 7.125], "texture": "#2"}
			}
		},
		{
			"name": "hexadecagon",
			"from": [6.4087, 15, 6.25],
			"to": [9.5913, 16, 8.25],
			"rotation": {"angle": 0, "axis": "z", "origin": [8, 8, 7.25]},
			"faces": {
				"north": {"uv": [7, 7.4375, 7.375, 7.5625], "texture": "#2"},
				"east": {"uv": [7.8125, 4, 8.0625, 4.125], "texture": "#2"},
				"south": {"uv": [7.4375, 0.375, 7.8125, 0.5], "texture": "#2"},
				"west": {"uv": [7.8125, 5.0625, 8.0625, 5.1875], "texture": "#2"},
				"up": {"uv": [6.4375, 6.1875, 6.8125, 6.4375], "texture": "#2"},
				"down": {"uv": [1.125, 6.5, 1.5, 6.75], "texture": "#2"}
			}
		},
		{
			"name": "hexadecagon",
			"from": [6.4087, 15, 7.75],
			"to": [9.5913, 16, 9.75],
			"rotation": {"angle": 0, "axis": "z", "origin": [8, 8, 8.75]},
			"faces": {
				"north": {"uv": [7.625, 1.6875, 8, 1.8125], "texture": "#2"},
				"east": {"uv": [7.9375, 4.125, 8.1875, 4.25], "texture": "#2"},
				"south": {"uv": [7.625, 1.8125, 8, 1.9375], "texture": "#2"},
				"west": {"uv": [7.9375, 4.6875, 8.1875, 4.8125], "texture": "#2"},
				"up": {"uv": [6.0625, 6.875, 6.4375, 7.125], "texture": "#2"},
				"down": {"uv": [6.4375, 6.875, 6.8125, 7.125], "texture": "#2"}
			}
		},
		{
			"name": "hexadecagon",
			"from": [6.4087, 15, 6.25],
			"to": [9.5913, 16, 8.25],
			"rotation": {"angle": 22.5, "axis": "z", "origin": [8, 8, 7.25]},
			"faces": {
				"north": {"uv": [7.4375, 0.5, 7.8125, 0.625], "texture": "#2"},
				"east": {"uv": [7.8125, 5.1875, 8.0625, 5.3125], "texture": "#2"},
				"south": {"uv": [7.4375, 0.625, 7.8125, 0.75], "texture": "#2"},
				"west": {"uv": [7.8125, 5.3125, 8.0625, 5.4375], "texture": "#2"},
				"up": {"uv": [4.0625, 6.5, 4.4375, 6.75], "texture": "#2"},
				"down": {"uv": [6, 6.5, 6.375, 6.75], "texture": "#2"}
			}
		},
		{
			"name": "hexadecagon",
			"from": [6.4087, 15, 7.75],
			"to": [9.5913, 16, 9.75],
			"rotation": {"angle": 22.5, "axis": "z", "origin": [8, 8, 8.75]},
			"faces": {
				"north": {"uv": [7.625, 1.9375, 8, 2.0625], "texture": "#2"},
				"east": {"uv": [7.9375, 4.8125, 8.1875, 4.9375], "texture": "#2"},
				"south": {"uv": [7.625, 2.0625, 8, 2.1875], "texture": "#2"},
				"west": {"uv": [7.9375, 4.9375, 8.1875, 5.0625], "texture": "#2"},
				"up": {"uv": [6.8125, 6.875, 7.1875, 7.125], "texture": "#2"},
				"down": {"uv": [6.875, 0.75, 7.25, 1], "texture": "#2"}
			}
		},
		{
			"name": "hexadecagon",
			"from": [6.4087, 15, 6.25],
			"to": [9.5913, 16, 8.25],
			"rotation": {"angle": 45, "axis": "z", "origin": [8, 8, 7.25]},
			"faces": {
				"north": {"uv": [7.4375, 4, 7.8125, 4.125], "texture": "#2"},
				"east": {"uv": [7.8125, 5.4375, 8.0625, 5.5625], "texture": "#2"},
				"south": {"uv": [7.4375, 5.125, 7.8125, 5.25], "texture": "#2"},
				"west": {"uv": [0.4375, 7.875, 0.6875, 8], "texture": "#2"},
				"up": {"uv": [6.5, 4, 6.875, 4.25], "texture": "#2"},
				"down": {"uv": [6.5, 4.25, 6.875, 4.5], "texture": "#2"}
			}
		},
		{
			"name": "hexadecagon",
			"from": [6.4087, 15, 7.75],
			"to": [9.5913, 16, 9.75],
			"rotation": {"angle": 45, "axis": "z", "origin": [8, 8, 8.75]},
			"faces": {
				"north": {"uv": [7.625, 2.1875, 8, 2.3125], "texture": "#2"},
				"east": {"uv": [7.9375, 5.5625, 8.1875, 5.6875], "texture": "#2"},
				"south": {"uv": [7.625, 2.875, 8, 3], "texture": "#2"},
				"west": {"uv": [7.9375, 5.6875, 8.1875, 5.8125], "texture": "#2"},
				"up": {"uv": [6.875, 1.875, 7.25, 2.125], "texture": "#2"},
				"down": {"uv": [6.875, 2.125, 7.25, 2.375], "texture": "#2"}
			}
		},
		{
			"name": "hexadecagon",
			"from": [0, 6.4087, 6.25],
			"to": [1, 9.5913, 8.25],
			"rotation": {"angle": -22.5, "axis": "z", "origin": [8, 8, 7.25]},
			"faces": {
				"north": {"uv": [7.4375, 5.25, 7.5625, 5.625], "texture": "#2"},
				"east": {"uv": [6.5, 4.5, 6.75, 4.875], "texture": "#2"},
				"south": {"uv": [3, 7.5, 3.125, 7.875], "texture": "#2"},
				"west": {"uv": [1.875, 6.5625, 2.125, 6.9375], "texture": "#2"},
				"up": {"uv": [5.5625, 5.3125, 5.6875, 5.5625], "texture": "#2"},
				"down": {"uv": [5.25, 6.5625, 5.375, 6.8125], "texture": "#2"}
			}
		},
		{
			"name": "hexadecagon",
			"from": [0, 6.4087, 7.75],
			"to": [1, 9.5913, 9.75],
			"rotation": {"angle": -22.5, "axis": "z", "origin": [8, 8, 8.75]},
			"faces": {
				"north": {"uv": [3.375, 7.625, 3.5, 8], "texture": "#2"},
				"east": {"uv": [3.75, 6.8125, 4, 7.1875], "texture": "#2"},
				"south": {"uv": [3.625, 7.625, 3.75, 8], "texture": "#2"},
				"west": {"uv": [5.25, 6.8125, 5.5, 7.1875], "texture": "#2"},
				"up": {"uv": [4.75, 7.9375, 4.875, 8.1875], "texture": "#2"},
				"down": {"uv": [5, 7.9375, 5.125, 8.1875], "texture": "#2"}
			}
		},
		{
			"name": "hexadecagon",
			"from": [0, 6.4087, 6.25],
			"to": [1, 9.5913, 8.25],
			"rotation": {"angle": 0, "axis": "z", "origin": [8, 8, 7.25]},
			"faces": {
				"north": {"uv": [3.125, 7.5, 3.25, 7.875], "texture": "#2"},
				"east": {"uv": [2.125, 6.5625, 2.375, 6.9375], "texture": "#2"},
				"south": {"uv": [3.25, 7.5, 3.375, 7.875], "texture": "#2"},
				"west": {"uv": [2.375, 6.5625, 2.625, 6.9375], "texture": "#2"},
				"up": {"uv": [4.875, 7.8125, 5, 8.0625], "texture": "#2"},
				"down": {"uv": [3, 7.875, 3.125, 8.125], "texture": "#2"}
			}
		},
		{
			"name": "hexadecagon",
			"from": [0, 6.4087, 7.75],
			"to": [1, 9.5913, 9.75],
			"rotation": {"angle": 0, "axis": "z", "origin": [8, 8, 8.75]},
			"faces": {
				"north": {"uv": [3.75, 7.625, 3.875, 8], "texture": "#2"},
				"east": {"uv": [6.875, 2.375, 7.125, 2.75], "texture": "#2"},
				"south": {"uv": [5.125, 7.625, 5.25, 8], "texture": "#2"},
				"west": {"uv": [6.875, 3.8125, 7.125, 4.1875], "texture": "#2"},
				"up": {"uv": [7.25, 7.9375, 7.375, 8.1875], "texture": "#2"},
				"down": {"uv": [7.9375, 5.8125, 8.0625, 6.0625], "texture": "#2"}
			}
		},
		{
			"name": "hexadecagon",
			"from": [0, 6.4087, 6.25],
			"to": [1, 9.5913, 8.25],
			"rotation": {"angle": 22.5, "axis": "z", "origin": [8, 8, 7.25]},
			"faces": {
				"north": {"uv": [3.5, 7.5, 3.625, 7.875], "texture": "#2"},
				"east": {"uv": [5, 6.5625, 5.25, 6.9375], "texture": "#2"},
				"south": {"uv": [7.5, 7.5, 7.625, 7.875], "texture": "#2"},
				"west": {"uv": [3.125, 6.625, 3.375, 7], "texture": "#2"},
				"up": {"uv": [3.125, 7.875, 3.25, 8.125], "texture": "#2"},
				"down": {"uv": [3.25, 7.875, 3.375, 8.125], "texture": "#2"}
			}
		},
		{
			"name": "hexadecagon",
			"from": [0, 6.4087, 7.75],
			"to": [1, 9.5913, 9.75],
			"rotation": {"angle": 22.5, "axis": "z", "origin": [8, 8, 8.75]},
			"faces": {
				"north": {"uv": [5.25, 7.625, 5.375, 8], "texture": "#2"},
				"east": {"uv": [0.5, 6.9375, 0.75, 7.3125], "texture": "#2"},
				"south": {"uv": [7.625, 3, 7.75, 3.375], "texture": "#2"},
				"west": {"uv": [0.75, 6.9375, 1, 7.3125], "texture": "#2"},
				"up": {"uv": [7.9375, 6.0625, 8.0625, 6.3125], "texture": "#2"},
				"down": {"uv": [7.9375, 6.4375, 8.0625, 6.6875], "texture": "#2"}
			}
		},
		{
			"name": "hexadecagon",
			"from": [15, 6.4087, 6.25],
			"to": [16, 9.5913, 8.25],
			"rotation": {"angle": -22.5, "axis": "z", "origin": [8, 8, 7.25]},
			"faces": {
				"north": {"uv": [7.5, 0, 7.625, 0.375], "texture": "#2"},
				"east": {"uv": [6.625, 0.75, 6.875, 1.125], "texture": "#2"},
				"south": {"uv": [7.5, 4.75, 7.625, 5.125], "texture": "#2"},
				"west": {"uv": [6.625, 1.875, 6.875, 2.25], "texture": "#2"},
				"up": {"uv": [3.5, 7.875, 3.625, 8.125], "texture": "#2"},
				"down": {"uv": [7.5, 7.875, 7.625, 8.125], "texture": "#2"}
			}
		},
		{
			"name": "hexadecagon",
			"from": [15, 6.4087, 7.75],
			"to": [16, 9.5913, 9.75],
			"rotation": {"angle": -22.5, "axis": "z", "origin": [8, 8, 8.75]},
			"faces": {
				"north": {"uv": [7.625, 4.75, 7.75, 5.125], "texture": "#2"},
				"east": {"uv": [1, 6.9375, 1.25, 7.3125], "texture": "#2"},
				"south": {"uv": [7.625, 5.625, 7.75, 6], "texture": "#2"},
				"west": {"uv": [1.25, 6.9375, 1.5, 7.3125], "texture": "#2"},
				"up": {"uv": [7.9375, 6.6875, 8.0625, 6.9375], "texture": "#2"},
				"down": {"uv": [7.9375, 6.9375, 8.0625, 7.1875], "texture": "#2"}
			}
		},
		{
			"name": "hexadecagon",
			"from": [15, 6.4087, 6.25],
			"to": [16, 9.5913, 8.25],
			"rotation": {"angle": 0, "axis": "z", "origin": [8, 8, 7.25]},
			"faces": {
				"north": {"uv": [7.5, 5.625, 7.625, 6], "texture": "#2"},
				"east": {"uv": [6.625, 2.25, 6.875, 2.625], "texture": "#2"},
				"south": {"uv": [7.5, 6, 7.625, 6.375], "texture": "#2"},
				"west": {"uv": [6.625, 2.625, 6.875, 3], "texture": "#2"},
				"up": {"uv": [7.75, 7.875, 7.875, 8.125], "texture": "#2"},
				"down": {"uv": [7.875, 7.875, 8, 8.125], "texture": "#2"}
			}
		},
		{
			"name": "hexadecagon",
			"from": [15, 6.4087, 7.75],
			"to": [16, 9.5913, 9.75],
			"rotation": {"angle": 0, "axis": "z", "origin": [8, 8, 8.75]},
			"faces": {
				"north": {"uv": [7.625, 6, 7.75, 6.375], "texture": "#2"},
				"east": {"uv": [1.5, 6.9375, 1.75, 7.3125], "texture": "#2"},
				"south": {"uv": [7.625, 6.875, 7.75, 7.25], "texture": "#2"},
				"west": {"uv": [1.75, 6.9375, 2, 7.3125], "texture": "#2"},
				"up": {"uv": [7.9375, 7.1875, 8.0625, 7.4375], "texture": "#2"},
				"down": {"uv": [0.4375, 8, 0.5625, 8.25], "texture": "#2"}
			}
		},
		{
			"name": "hexadecagon",
			"from": [15, 6.4087, 6.25],
			"to": [16, 9.5913, 8.25],
			"rotation": {"angle": 22.5, "axis": "z", "origin": [8, 8, 7.25]},
			"faces": {
				"north": {"uv": [7.5, 7.125, 7.625, 7.5], "texture": "#2"},
				"east": {"uv": [0, 6.6875, 0.25, 7.0625], "texture": "#2"},
				"south": {"uv": [0, 7.5625, 0.125, 7.9375], "texture": "#2"},
				"west": {"uv": [0.25, 6.6875, 0.5, 7.0625], "texture": "#2"},
				"up": {"uv": [0, 7.9375, 0.125, 8.1875], "texture": "#2"},
				"down": {"uv": [4.375, 7.9375, 4.5, 8.1875], "texture": "#2"}
			}
		},
		{
			"name": "hexadecagon",
			"from": [15, 6.4087, 7.75],
			"to": [16, 9.5913, 9.75],
			"rotation": {"angle": 22.5, "axis": "z", "origin": [8, 8, 8.75]},
			"faces": {
				"north": {"uv": [7.625, 7.25, 7.75, 7.625], "texture": "#2"},
				"east": {"uv": [2, 6.9375, 2.25, 7.3125], "texture": "#2"},
				"south": {"uv": [0.3125, 7.6875, 0.4375, 8.0625], "texture": "#2"},
				"west": {"uv": [2.25, 6.9375, 2.5, 7.3125], "texture": "#2"},
				"up": {"uv": [0.5625, 8, 0.6875, 8.25], "texture": "#2"},
				"down": {"uv": [0.6875, 8, 0.8125, 8.25], "texture": "#2"}
			}
		},
		{
			"name": "hexadecagon",
			"from": [6.80653, 2, 6.625],
			"to": [9.19347, 3, 9.375],
			"rotation": {"angle": -45, "axis": "z", "origin": [8, 8, 7.125]},
			"faces": {
				"north": {"uv": [5.8125, 5.6875, 6.125, 5.8125], "texture": "#2"},
				"east": {"uv": [3, 7.25, 3.375, 7.375], "texture": "#2"},
				"south": {"uv": [6.0625, 6.75, 6.375, 6.875], "texture": "#2"},
				"west": {"uv": [7.25, 0.75, 7.625, 0.875], "texture": "#2"},
				"up": {"uv": [0.375, 0, 0.6875, 0.375], "texture": "#2"},
				"down": {"uv": [1.75, 0, 2.0625, 0.375], "texture": "#2"}
			}
		},
		{
			"name": "hexadecagon",
			"from": [6.80653, 2, 6.625],
			"to": [9.19347, 3, 9.375],
			"rotation": {"angle": -22.5, "axis": "z", "origin": [8, 8, 7.125]},
			"faces": {
				"north": {"uv": [0.6875, 7.6875, 1, 7.8125], "texture": "#2"},
				"east": {"uv": [7.25, 0.875, 7.625, 1], "texture": "#2"},
				"south": {"uv": [1, 7.6875, 1.3125, 7.8125], "texture": "#2"},
				"west": {"uv": [7.25, 1.3125, 7.625, 1.4375], "texture": "#2"},
				"up": {"uv": [1.875, 1.5, 2.1875, 1.875], "texture": "#2"},
				"down": {"uv": [5.6875, 5.3125, 6, 5.6875], "texture": "#2"}
			}
		},
		{
			"name": "hexadecagon",
			"from": [6.80653, 2, 6.625],
			"to": [9.19347, 3, 9.375],
			"rotation": {"angle": 0, "axis": "z", "origin": [8, 8, 7.125]},
			"faces": {
				"north": {"uv": [1.3125, 7.6875, 1.625, 7.8125], "texture": "#2"},
				"east": {"uv": [7.25, 1.4375, 7.625, 1.5625], "texture": "#2"},
				"south": {"uv": [1.625, 7.6875, 1.9375, 7.8125], "texture": "#2"},
				"west": {"uv": [7.25, 1.5625, 7.625, 1.6875], "texture": "#2"},
				"up": {"uv": [5.75, 3.375, 6.0625, 3.75], "texture": "#2"},
				"down": {"uv": [5.8125, 5.8125, 6.125, 6.1875], "texture": "#2"}
			}
		},
		{
			"name": "hexadecagon",
			"from": [6.80653, 2, 6.625],
			"to": [9.19347, 3, 9.375],
			"rotation": {"angle": 22.5, "axis": "z", "origin": [8, 8, 7.125]},
			"faces": {
				"north": {"uv": [1.9375, 7.6875, 2.25, 7.8125], "texture": "#2"},
				"east": {"uv": [7.25, 1.6875, 7.625, 1.8125], "texture": "#2"},
				"south": {"uv": [4, 7.6875, 4.3125, 7.8125], "texture": "#2"},
				"west": {"uv": [7.25, 1.8125, 7.625, 1.9375], "texture": "#2"},
				"up": {"uv": [5.8125, 0, 6.125, 0.375], "texture": "#2"},
				"down": {"uv": [5.8125, 0.375, 6.125, 0.75], "texture": "#2"}
			}
		},
		{
			"name": "hexadecagon",
			"from": [6.80653, 2, 6.625],
			"to": [9.19347, 3, 9.375],
			"rotation": {"angle": 45, "axis": "z", "origin": [8, 8, 7.125]},
			"faces": {
				"north": {"uv": [4.3125, 7.6875, 4.625, 7.8125], "texture": "#2"},
				"east": {"uv": [7.25, 1.9375, 7.625, 2.0625], "texture": "#2"},
				"south": {"uv": [4.625, 7.6875, 4.9375, 7.8125], "texture": "#2"},
				"west": {"uv": [7.25, 2.0625, 7.625, 2.1875], "texture": "#2"},
				"up": {"uv": [1.875, 5.875, 2.1875, 6.25], "texture": "#2"},
				"down": {"uv": [0, 6, 0.3125, 6.375], "texture": "#2"}
			}
		},
		{
			"name": "hexadecagon",
			"from": [6.80653, 13, 6.625],
			"to": [9.19347, 14, 9.375],
			"rotation": {"angle": -45, "axis": "z", "origin": [8, 8, 7.125]},
			"faces": {
				"north": {"uv": [5.5, 7.6875, 5.8125, 7.8125], "texture": "#2"},
				"east": {"uv": [7.25, 2.1875, 7.625, 2.3125], "texture": "#2"},
				"south": {"uv": [5.8125, 7.6875, 6.125, 7.8125], "texture": "#2"},
				"west": {"uv": [7.25, 2.9375, 7.625, 3.0625], "texture": "#2"},
				"up": {"uv": [6, 5.3125, 6.3125, 5.6875], "texture": "#2"},
				"down": {"uv": [6.0625, 1.4375, 6.375, 1.8125], "texture": "#2"}
			}
		},
		{
			"name": "hexadecagon",
			"from": [6.80653, 13, 6.625],
			"to": [9.19347, 14, 9.375],
			"rotation": {"angle": -22.5, "axis": "z", "origin": [8, 8, 7.125]},
			"faces": {
				"north": {"uv": [6.125, 7.6875, 6.4375, 7.8125], "texture": "#2"},
				"east": {"uv": [7.25, 3.0625, 7.625, 3.1875], "texture": "#2"},
				"south": {"uv": [6.4375, 7.6875, 6.75, 7.8125], "texture": "#2"},
				"west": {"uv": [7.25, 3.1875, 7.625, 3.3125], "texture": "#2"},
				"up": {"uv": [6.0625, 3, 6.375, 3.375], "texture": "#2"},
				"down": {"uv": [6.0625, 3.375, 6.375, 3.75], "texture": "#2"}
			}
		},
		{
			"name": "hexadecagon",
			"from": [6.80653, 13, 6.625],
			"to": [9.19347, 14, 9.375],
			"rotation": {"angle": 0, "axis": "z", "origin": [8, 8, 7.125]},
			"faces": {
				"north": {"uv": [7.6875, 2.3125, 8, 2.4375], "texture": "#2"},
				"east": {"uv": [7.25, 3.3125, 7.625, 3.4375], "texture": "#2"},
				"south": {"uv": [7.6875, 2.4375, 8, 2.5625], "texture": "#2"},
				"west": {"uv": [7.25, 3.4375, 7.625, 3.5625], "texture": "#2"},
				"up": {"uv": [4.0625, 6.125, 4.375, 6.5], "texture": "#2"},
				"down": {"uv": [6.125, 6.125, 6.4375, 6.5], "texture": "#2"}
			}
		},
		{
			"name": "hexadecagon",
			"from": [6.80653, 13, 6.625],
			"to": [9.19347, 14, 9.375],
			"rotation": {"angle": 22.5, "axis": "z", "origin": [8, 8, 7.125]},
			"faces": {
				"north": {"uv": [7.6875, 2.5625, 8, 2.6875], "texture": "#2"},
				"east": {"uv": [0.3125, 7.3125, 0.6875, 7.4375], "texture": "#2"},
				"south": {"uv": [7.6875, 4.3125, 8, 4.4375], "texture": "#2"},
				"west": {"uv": [0.6875, 7.3125, 1.0625, 7.4375], "texture": "#2"},
				"up": {"uv": [6.125, 0, 6.4375, 0.375], "texture": "#2"},
				"down": {"uv": [6.125, 0.375, 6.4375, 0.75], "texture": "#2"}
			}
		},
		{
			"name": "hexadecagon",
			"from": [6.80653, 13, 6.625],
			"to": [9.19347, 14, 9.375],
			"rotation": {"angle": 45, "axis": "z", "origin": [8, 8, 7.125]},
			"faces": {
				"north": {"uv": [7.6875, 4.4375, 8, 4.5625], "texture": "#2"},
				"east": {"uv": [1.0625, 7.3125, 1.4375, 7.4375], "texture": "#2"},
				"south": {"uv": [7.6875, 4.5625, 8, 4.6875], "texture": "#2"},
				"west": {"uv": [1.4375, 7.3125, 1.8125, 7.4375], "texture": "#2"},
				"up": {"uv": [6.125, 3.75, 6.4375, 4.125], "texture": "#2"},
				"down": {"uv": [6.125, 5.6875, 6.4375, 6.0625], "texture": "#2"}
			}
		},
		{
			"name": "hexadecagon",
			"from": [2, 6.80653, 6.625],
			"to": [3, 9.19347, 9.375],
			"rotation": {"angle": -22.5, "axis": "z", "origin": [8, 8, 7.125]},
			"faces": {
				"north": {"uv": [5.9375, 1.4375, 6.0625, 1.75], "texture": "#2"},
				"east": {"uv": [5.5625, 1.4375, 5.9375, 1.75], "texture": "#2"},
				"south": {"uv": [6, 6.1875, 6.125, 6.5], "texture": "#2"},
				"west": {"uv": [5.8125, 0.75, 6.1875, 1.0625], "texture": "#2"},
				"up": {"uv": [4.375, 6.125, 4.5, 6.5], "texture": "#2"},
				"down": {"uv": [3.375, 6.4375, 3.5, 6.8125], "texture": "#2"}
			}
		},
		{
			"name": "hexadecagon",
			"from": [2, 6.80653, 6.625],
			"to": [3, 9.19347, 9.375],
			"rotation": {"angle": 0, "axis": "z", "origin": [8, 8, 7.125]},
			"faces": {
				"north": {"uv": [2.25, 7.6875, 2.375, 8], "texture": "#2"},
				"east": {"uv": [1.125, 6.1875, 1.5, 6.5], "texture": "#2"},
				"south": {"uv": [6.75, 7.6875, 6.875, 8], "texture": "#2"},
				"west": {"uv": [6.1875, 0.75, 6.5625, 1.0625], "texture": "#2"},
				"up": {"uv": [3.375, 7.25, 3.5, 7.625], "texture": "#2"},
				"down": {"uv": [1.8125, 7.3125, 1.9375, 7.6875], "texture": "#2"}
			}
		},
		{
			"name": "hexadecagon",
			"from": [2, 6.80653, 6.625],
			"to": [3, 9.19347, 9.375],
			"rotation": {"angle": 22.5, "axis": "z", "origin": [8, 8, 7.125]},
			"faces": {
				"north": {"uv": [6.875, 7.6875, 7, 8], "texture": "#2"},
				"east": {"uv": [1.875, 6.25, 2.25, 6.5625], "texture": "#2"},
				"south": {"uv": [7.6875, 5.25, 7.8125, 5.5625], "texture": "#2"},
				"west": {"uv": [2.25, 6.25, 2.625, 6.5625], "texture": "#2"},
				"up": {"uv": [1.9375, 7.3125, 2.0625, 7.6875], "texture": "#2"},
				"down": {"uv": [2.0625, 7.3125, 2.1875, 7.6875], "texture": "#2"}
			}
		},
		{
			"name": "hexadecagon",
			"from": [13, 6.80653, 6.625],
			"to": [14, 9.19347, 9.375],
			"rotation": {"angle": -22.5, "axis": "z", "origin": [8, 8, 7.125]},
			"faces": {
				"north": {"uv": [2.375, 7.75, 2.5, 8.0625], "texture": "#2"},
				"east": {"uv": [5, 6.25, 5.375, 6.5625], "texture": "#2"},
				"south": {"uv": [2.5, 7.75, 2.625, 8.0625], "texture": "#2"},
				"west": {"uv": [6.25, 1.0625, 6.625, 1.375], "texture": "#2"},
				"up": {"uv": [2.1875, 7.3125, 2.3125, 7.6875], "texture": "#2"},
				"down": {"uv": [2.3125, 7.3125, 2.4375, 7.6875], "texture": "#2"}
			}
		},
		{
			"name": "hexadecagon",
			"from": [13, 6.80653, 6.625],
			"to": [14, 9.19347, 9.375],
			"rotation": {"angle": 0, "axis": "z", "origin": [8, 8, 7.125]},
			"faces": {
				"north": {"uv": [2.625, 7.75, 2.75, 8.0625], "texture": "#2"},
				"east": {"uv": [6.3125, 5.125, 6.6875, 5.4375], "texture": "#2"},
				"south": {"uv": [2.75, 7.75, 2.875, 8.0625], "texture": "#2"},
				"west": {"uv": [0, 6.375, 0.375, 6.6875], "texture": "#2"},
				"up": {"uv": [4, 7.3125, 4.125, 7.6875], "texture": "#2"},
				"down": {"uv": [4.125, 7.3125, 4.25, 7.6875], "texture": "#2"}
			}
		},
		{
			"name": "hexadecagon",
			"from": [13, 6.80653, 6.625],
			"to": [14, 9.19347, 9.375],
			"rotation": {"angle": 22.5, "axis": "z", "origin": [8, 8, 7.125]},
			"faces": {
				"north": {"uv": [7.375, 7.75, 7.5, 8.0625], "texture": "#2"},
				"east": {"uv": [0.375, 6.375, 0.75, 6.6875], "texture": "#2"},
				"south": {"uv": [7.625, 7.75, 7.75, 8.0625], "texture": "#2"},
				"west": {"uv": [1.5, 6.375, 1.875, 6.6875], "texture": "#2"},
				"up": {"uv": [4.25, 7.3125, 4.375, 7.6875], "texture": "#2"},
				"down": {"uv": [4.375, 7.3125, 4.5, 7.6875], "texture": "#2"}
			}
		}
	],
	"display": {
		"thirdperson_righthand": {
			"rotation": [90, 0, 0],
			"translation": [-6, -2, 57.75]
		},
		"ground": {
			"translation": [0, 9.25, 0]
		},
		"gui": {
			"rotation": [23.75, -45, 0],
			"scale": [0.8, 0.8, 0.8]
		},
		"head": {
			"translation": [0, 49.25, 0]
		}
	},
	"groups": [
		{
			"name": "hexadecagon",
			"origin": [8, 8, 8],
			"children": []
		},
		{
			"name": "hexadecagon",
			"origin": [8, 8, 8],
			"children": [0, 1, 2, 3, 4, 5, 6, 7, 8, 9, 10, 11, 12, 13, 14, 15, 16, 17, 18, 19, 20, 21, 22, 23, 24, 25, 26, 27, 28, 29, 30, 31, 32, 33, 34, 35, 36, 37, 38, 39, 40, 41, 42, 43, 44, 45, 46, 47]
		},
		{
			"name": "hexadecagon",
			"origin": [8, 8, 8],
			"children": [48, 49, 50, 51, 52, 53, 54, 55, 56, 57, 58, 59, 60, 61, 62, 63, 64, 65, 66, 67, 68, 69, 70, 71, 72, 73, 74, 75, 76, 77, 78, 79]
		},
		{
			"name": "hexadecagon",
			"origin": [8, 8, 8],
			"children": [80, 81, 82, 83, 84, 85, 86, 87, 88, 89, 90, 91, 92, 93, 94, 95]
		}
	]
}